lot_id,component_id,overall_risk_level,recommendation_context,any_population_anomaly,any_reference_breach,any_predicted_spec_crossing,any_high_uncertainty,any_elevated_drift,risk_reasons_count,risk_reasons_joined,Iddq_risk_level,Iddq_pop_score,Iddq_is_pop_anomaly,Iddq_is_ref_breach,Iddq_predicted_168h,Iddq_lower_bound_168h,Iddq_upper_bound_168h,Iddq_uncertainty_width,Iddq_predicted_drift_from_0h,Iddq_predicted_crosses_spec,Iddq_upper_bound_crosses_spec_max,Iddq_uncertainty_is_high,leakage_current_risk_level,leakage_current_pop_score,leakage_current_is_pop_anomaly,leakage_current_is_ref_breach,leakage_current_predicted_168h,leakage_current_lower_bound_168h,leakage_current_upper_bound_168h,leakage_current_uncertainty_width,leakage_current_predicted_drift_from_0h,leakage_current_predicted_crosses_spec,leakage_current_upper_bound_crosses_spec_max,leakage_current_uncertainty_is_high,propagation_delay_risk_level,propagation_delay_pop_score,propagation_delay_is_pop_anomaly,propagation_delay_is_ref_breach,propagation_delay_predicted_168h,propagation_delay_lower_bound_168h,propagation_delay_upper_bound_168h,propagation_delay_uncertainty_width,propagation_delay_predicted_drift_from_0h,propagation_delay_predicted_crosses_spec,propagation_delay_upper_bound_crosses_spec_max,propagation_delay_uncertainty_is_high
LOT_001,LOT_001_CMP_0001,LOW,LOW RISK — all evidence signals nominal. No immediate engineering concern.,False,False,False,False,False,0,,LOW,0.9079077550930075,False,False,20.653955814262744,12.324868025734004,20.653955814262744,8.32908778852874,9.227280814262745,False,False,False,LOW,0.6838071808548145,False,False,7.962835797694928,6.944410777167148,8.981260818222708,2.03685004105556,2.820031797694928,False,False,False,LOW,1.8622630023826074,False,False,129.78773116195333,128.74920512686683,130.82625719703984,2.0770520701730106,2.7670881619533247,False,False,False
LOT_001,LOT_001_CMP_0002,HIGH,HIGH RISK — one or more strong evidence signals present. Engineering review recommended.,True,False,False,True,False,4,"[HIGH] Module B 168h prediction upper bound (85.58 [uA]) crosses spec_max=50. Also population anomalous. | [MEDIUM] Iddq population anomaly score 3.734 >= anomaly threshold 3.5 (moderate). | [MEDIUM] Iddq predicted drift from 0h to 168h is 19.87 [uA] (39.7% of spec range), exceeding moderate-drift threshold of 20% of spec range. | [MEDIUM] Module B 168h prediction interval width (71.65 [uA]) is high relative to spec range, indicating insufficient prediction confidence.",HIGH,3.7340426737743457,True,False,34.18890638656661,13.930467640762643,85.5756430003472,71.64517535958456,19.872964386566608,False,True,True,LOW,1.9957338262527688,False,False,6.119527581365035,5.257383458490726,6.981671704239344,1.7242882457486175,2.175279581365035,False,False,False,LOW,1.8927986502490621,False,False,113.35346955052732,112.31494351544083,114.39199558561381,2.077052070172982,1.8176445505273193,False,False,False
LOT_001,LOT_001_CMP_0003,HIGH,HIGH RISK — observed measurement currently breaches reference limits. Immediate engineering review required.,True,True,False,True,False,5,"[HIGH] Observed measurement of Iddq breaches reference limit (spec_min=0.0, spec_max=50.0). value_0h=60.02, value_24h=60.33 [uA]. | [HIGH] Module B 168h prediction upper bound (123.8 [uA]) crosses spec_max=50. Also population anomalous. | [MEDIUM] Iddq population anomaly score 45.799 >= strong threshold 6.0. | [MEDIUM] Iddq predicted drift from 0h to 168h is -14.63 [uA] (29.3% of spec range), exceeding moderate-drift threshold of 20% of spec range. | [MEDIUM] Module B 168h prediction interval width (109.8 [uA]) is high relative to spec range, indicating insufficient prediction confidence.",HIGH,45.79944909766023,True,True,45.392807247197894,13.978793424450643,123.75374205430059,109.77494862984994,-14.63119175280211,False,True,True,LOW,1.573595853429343,False,False,6.189834313877726,5.389478652666867,6.990189975088585,1.6007113224217182,2.0603003138777263,False,False,False,LOW,1.0964331077974454,False,False,120.18449456388787,119.14596852880138,121.22302059897436,2.077052070172982,1.3046075638878705,False,False,False
LOT_001,LOT_001_CMP_0004,MEDIUM,MEDIUM RISK — high prediction uncertainty present. Engineering review recommended.,False,False,False,True,False,5,"[MEDIUM] Module B 168h prediction upper bound (168.5 [uA]) crosses spec_max=50.  | [MEDIUM] Iddq predicted drift from 0h to 168h is 20.24 [uA] (40.5% of spec range), exceeding moderate-drift threshold of 20% of spec range. | [MEDIUM] Module B 168h prediction interval width (157.2 [uA]) is high relative to spec range, indicating insufficient prediction confidence. | [MEDIUM] leakage_current predicted drift from 0h to 168h is 7.141 [nA] (23.8% of spec range), exceeding moderate-drift threshold of 20% of spec range. | [MEDIUM] Module B 168h prediction interval width (11.24 [nA]) is high relative to spec range, indicating insufficient prediction confidence.",MEDIUM,1.3520227824500368,False,False,30.853733720447057,11.330966491500572,168.54543589791376,157.2144694064132,20.244287720447055,False,True,True,MEDIUM,1.9940066271769579,False,False,12.045269973793257,6.427725586307687,17.662814361278826,11.235088774971139,7.141051973793257,False,False,True,LOW,0.8143487737525943,False,False,118.77460651661639,117.73608048152988,119.81313255170289,2.0770520701730106,1.9438095166163833,False,False,False
LOT_001,LOT_001_CMP_0005,HIGH,HIGH RISK — Module B predicts parameter(s) will cross specification boundary by 168h. Elevated engineering attention required.,True,False,True,True,False,5,"[HIGH] Module B predicts Iddq at 52.45 [uA] by 168h, crossing spec_max=50. | [HIGH] Module B 168h prediction upper bound (143 [uA]) crosses spec_max=50. Also population anomalous. | [MEDIUM] Iddq population anomaly score 5.144 >= anomaly threshold 3.5 (moderate). | [HIGH] Iddq predicted drift from 0h to 168h is 47.4 [uA] (94.8% of spec range), exceeding high-drift threshold of 60% of spec range. | [MEDIUM] Module B 168h prediction interval width (137 [uA]) is high relative to spec range, indicating insufficient prediction confidence.",HIGH,5.144404868018467,True,False,52.4541892683529,6.027091121961121,143.0289608079334,137.00186968597228,47.4029762683529,True,True,True,LOW,1.2540055864122697,False,False,7.634687249004106,6.997446552486743,8.271927945521469,1.2744813930347263,2.2596462490041054,False,False,False,LOW,0.7342261158824911,False,False,121.77348815620743,120.73496212112093,122.81201419129394,2.0770520701730106,2.236582156207433,False,False,False
LOT_001,LOT_001_CMP_0006,MEDIUM,MEDIUM RISK — elevated predicted drift present. Engineering review recommended.,False,False,False,False,True,1,"[MEDIUM] Iddq predicted drift from 0h to 168h is 10.13 [uA] (20.3% of spec range), exceeding moderate-drift threshold of 20% of spec range.",MEDIUM,0.4313494045844814,False,False,20.217776656838474,10.898950327436754,20.217776656838474,9.31882632940172,10.131093656838473,False,False,False,LOW,0.6892295099828628,False,False,7.71567869761924,6.441515112855079,8.989842282383401,2.5483271695283225,3.12540869761924,False,False,False,LOW,0.9815167185560628,False,False,127.73926974230255,126.70074370721605,128.77779577738906,2.0770520701730106,1.7232247423025484,False,False,False
LOT_001,LOT_001_CMP_0007,MEDIUM,"MEDIUM RISK — population outlier, high prediction uncertainty present. Engineering review recommended.",True,False,False,True,False,4,"[MEDIUM] Module B 168h prediction upper bound (167.2 [uA]) crosses spec_max=50.  | [MEDIUM] Iddq predicted drift from 0h to 168h is 25.91 [uA] (51.8% of spec range), exceeding moderate-drift threshold of 20% of spec range. | [MEDIUM] Module B 168h prediction interval width (157.3 [uA]) is high relative to spec range, indicating insufficient prediction confidence. | [MEDIUM] propagation_delay population anomaly score 4.173 >= anomaly threshold 3.5 (moderate).",MEDIUM,1.41626461129219,False,False,34.931793541014244,9.855394724761934,167.16886325948462,157.3134685347227,25.908990541014244,False,True,True,LOW,0.5157904786707056,False,False,7.944652803977477,6.454102193110238,9.435203414844716,2.9811012217344786,3.0082288039774774,False,False,False,MEDIUM,4.1733159874455605,True,False,102.30269249150565,101.26416645641916,103.34121852659214,2.077052070172982,1.205083491505647,False,False,False
LOT_001,LOT_001_CMP_0008,HIGH,HIGH RISK — Module B predicts parameter(s) will cross specification boundary by 168h. Elevated engineering attention required.,False,False,True,True,False,4,"[HIGH] Module B predicts Iddq at 51.72 [uA] by 168h, crossing spec_max=50. | [MEDIUM] Module B 168h prediction upper bound (51.72 [uA]) crosses spec_max=50.  | [HIGH] Iddq predicted drift from 0h to 168h is 40.33 [uA] (80.7% of spec range), exceeding high-drift threshold of 60% of spec range. | [MEDIUM] Module B 168h prediction interval width (39.61 [uA]) is high relative to spec range, indicating insufficient prediction confidence.",HIGH,0.7748495533764772,False,False,51.71922837462817,12.109755730114433,51.71922837462817,39.609472644513744,40.32964037462817,True,True,True,LOW,1.0181922107476666,False,False,8.744717400630027,5.237395133575513,12.25203966768454,7.014644534109028,4.290465400630026,False,False,False,LOW,0.6943295083724469,False,False,126.30400853894774,125.26548250386125,127.34253457403423,2.077052070172982,1.8250035389477404,False,False,False
LOT_001,LOT_001_CMP_0009,LOW,LOW RISK — all evidence signals nominal. No immediate engineering concern.,False,False,False,False,False,0,,LOW,0.657119559832919,False,False,20.255378251931077,11.905133423232211,20.255378251931077,8.350244828698866,9.159374251931077,False,False,False,LOW,0.537177792041578,False,False,7.131567524099397,6.493018770040768,7.770116278158026,1.277097508117258,2.212055524099397,False,False,False,LOW,0.673948341926525,False,False,126.21419469804417,125.17566866295766,127.25272073313067,2.0770520701730106,1.8442706980441699,False,False,False
LOT_001,LOT_001_CMP_0010,LOW,LOW RISK — all evidence signals nominal. No immediate engineering concern.,False,False,False,False,False,0,,LOW,0.29374937732259176,False,False,16.38373457833497,11.061241869142528,16.38373457833497,5.322492709192442,6.14841957833497,False,False,False,LOW,0.45579282020266276,False,False,7.148602987761613,6.51711634688112,7.780089628642107,1.2629732817609867,2.116429987761613,False,False,False,LOW,0.6526657082299214,False,False,120.49167446063639,119.4531484255499,121.53020049572288,2.077052070172982,1.5310114606363925,False,False,False
LOT_001,LOT_001_CMP_0011,LOW,LOW RISK — all evidence signals nominal. No immediate engineering concern.,False,False,False,False,False,0,,LOW,1.40933517345878,False,False,21.72959000223737,12.845064052232805,21.72959000223737,8.884525950004564,9.65464700223737,False,False,False,LOW,1.945689793242917,False,False,8.20773885600793,7.126231759093025,9.289245952922837,2.163014193829812,2.77908185600793,False,False,False,LOW,1.7344735999785499,False,False,118.47340744599441,117.4348814109079,119.51193348108092,2.0770520701730106,2.771733445994414,False,False,False
LOT_001,LOT_001_CMP_0012,MEDIUM,MEDIUM RISK — high prediction uncertainty present. Engineering review recommended.,False,False,False,True,False,3,"[MEDIUM] Module B 168h prediction upper bound (140.2 [uA]) crosses spec_max=50.  | [MEDIUM] Iddq predicted drift from 0h to 168h is 23.13 [uA] (46.3% of spec range), exceeding moderate-drift threshold of 20% of spec range. | [MEDIUM] Module B 168h prediction interval width (128.8 [uA]) is high relative to spec range, indicating insufficient prediction confidence.",MEDIUM,0.9603802931960183,False,False,33.89800638776128,11.462665124653345,140.24124581806976,128.77858069341642,23.131391387761276,False,True,True,LOW,1.0133050533357666,False,False,8.547947844691391,6.479976181435584,10.615919507947199,4.135943326511615,3.2255228446913913,False,False,False,LOW,1.493756093253018,False,False,123.99580354124932,122.95727750616282,125.03432957633581,2.077052070172982,2.613528541249309,False,False,False
LOT_001,LOT_001_CMP_0013,HIGH,HIGH RISK — one or more strong evidence signals present. Engineering review recommended.,False,False,False,True,False,3,"[MEDIUM] Module B 168h prediction upper bound (135.7 [uA]) crosses spec_max=50.  | [HIGH] Iddq predicted drift from 0h to 168h is 34.3 [uA] (68.6% of spec range), exceeding high-drift threshold of 60% of spec range. | [MEDIUM] Module B 168h prediction interval width (126.1 [uA]) is high relative to spec range, indicating insufficient prediction confidence.",HIGH,1.6225144261738143,False,False,43.22070033819466,9.547033499053242,135.65370113275324,126.1066676337,34.29666633819466,False,True,True,LOW,2.244460699362727,False,False,8.204370388297622,3.8742255605377194,12.534515216057525,8.660289655519804,4.564383388297623,False,False,False,LOW,0.8152835638100207,False,False,118.62651425670505,117.58798822161856,119.66504029179154,2.077052070172982,2.063781256705056,False,False,False
LOT_001,LOT_001_CMP_0014,MEDIUM,MEDIUM RISK — elevated predicted drift present. Engineering review recommended.,False,False,False,False,True,1,"[MEDIUM] Iddq predicted drift from 0h to 168h is 14.48 [uA] (29.0% of spec range), exceeding moderate-drift threshold of 20% of spec range.",MEDIUM,0.37615460383259924,False,False,25.438972852757036,11.65509673884112,25.438972852757036,13.783876113915916,14.480044852757036,False,False,False,LOW,0.34357318733929815,False,False,7.237525248842176,6.448273515477352,8.026776982207,1.5785034667296483,2.358726248842176,False,False,False,LOW,1.0416031653566782,False,False,125.53795872884344,124.49943269375694,126.57648476392993,2.077052070172982,2.371304728843441,False,False,False
LOT_001,LOT_001_CMP_0015,LOW,LOW RISK — all evidence signals nominal. No immediate engineering concern.,False,False,False,False,False,0,,LOW,1.6116090280558903,False,False,18.790357094389964,9.776185434053241,18.790357094389964,9.014171660336723,9.978560094389964,False,False,False,LOW,1.3276456414052176,False,False,8.611598117242773,5.457608610429294,11.765587624056252,6.307979013626958,4.2410701172427725,False,False,False,LOW,1.2825211439768096,False,False,121.74118880499255,120.70266276990606,122.77971484007904,2.077052070172982,2.5188768049925443,False,False,False
LOT_001,LOT_001_CMP_0016,MEDIUM,MEDIUM RISK — high prediction uncertainty present. Engineering review recommended.,False,False,False,True,False,2,"[MEDIUM] Iddq predicted drift from 0h to 168h is 20.86 [uA] (41.7% of spec range), exceeding moderate-drift threshold of 20% of spec range. | [MEDIUM] Module B 168h prediction interval width (25.21 [uA]) is high relative to spec range, indicating insufficient prediction confidence.",MEDIUM,0.7763763064711773,False,False,32.123069888997726,11.905133423232211,37.116702973972515,25.211569550740304,20.862466888997726,False,False,True,LOW,1.7581193151100734,False,False,7.777841759518264,6.812181937579575,8.743501581456954,1.9313196438773792,2.2101427595182637,False,False,False,LOW,2.1894202875714543,False,False,134.10420568431164,133.06567964922513,135.14273171939814,2.0770520701730106,1.6234016843116308,False,False,False
LOT_001,LOT_001_CMP_0017,MEDIUM,MEDIUM RISK — elevated predicted drift present. Engineering review recommended.,False,False,False,False,True,1,"[MEDIUM] Iddq predicted drift from 0h to 168h is 10.2 [uA] (20.4% of spec range), exceeding moderate-drift threshold of 20% of spec range.",MEDIUM,0.8411081594120364,False,False,20.003538336372863,10.733014060412744,20.003538336372863,9.270524275960119,10.200090336372863,False,False,False,LOW,0.4781979512855104,False,False,8.244710349730257,5.853003682985485,10.63641701647503,4.783413333489544,3.3683603497302563,False,False,False,LOW,0.056530219388616736,False,False,122.9346250189749,121.89609898388841,123.97315105406139,2.077052070172982,1.8691530189748988,False,False,False
LOT_001,LOT_001_CMP_0018,MEDIUM,MEDIUM RISK — high prediction uncertainty present. Engineering review recommended.,False,False,False,True,False,2,"[MEDIUM] Iddq predicted drift from 0h to 168h is 12.07 [uA] (24.1% of spec range), exceeding moderate-drift threshold of 20% of spec range. | [MEDIUM] Module B 168h prediction interval width (25.53 [uA]) is high relative to spec range, indicating insufficient prediction confidence.",MEDIUM,0.6993444162074453,False,False,22.03844036962402,10.7526399376583,36.283681702085474,25.531041764427172,12.07386636962402,False,False,True,LOW,1.04418615286741,False,False,6.27281591764139,5.292804867100711,7.252826968182069,1.9600221010813588,1.9944599176413904,False,False,False,LOW,1.710173416857645,False,False,117.96244621343546,116.92392017834896,119.00097224852195,2.077052070172982,1.0026672134354584,False,False,False
LOT_001,LOT_001_CMP_0019,MEDIUM,MEDIUM RISK — elevated predicted drift present. Engineering review recommended.,False,False,False,False,True,1,"[MEDIUM] Iddq predicted drift from 0h to 168h is 10.39 [uA] (20.8% of spec range), exceeding moderate-drift threshold of 20% of spec range.",MEDIUM,1.153009149406959,False,False,19.75008499900588,10.08206386511954,24.1211460414801,14.039082176360559,10.393897999005882,False,False,False,LOW,1.3603597683436648,False,False,6.25061724349881,5.475017530051168,7.026216956946452,1.551199426895284,2.0555562434988097,False,False,False,LOW,2.3926922917631197,False,False,122.35185829694659,121.3133322618601,123.39038433203308,2.077052070172982,3.086252296946583,False,False,False
LOT_001,LOT_001_CMP_0020,HIGH,HIGH RISK — Module B predicts parameter(s) will cross specification boundary by 168h. Elevated engineering attention required.,False,False,True,True,False,4,"[HIGH] Module B predicts Iddq at 58.2 [uA] by 168h, crossing spec_max=50. | [MEDIUM] Module B 168h prediction upper bound (171 [uA]) crosses spec_max=50.  | [HIGH] Iddq predicted drift from 0h to 168h is 46.11 [uA] (92.2% of spec range), exceeding high-drift threshold of 60% of spec range. | [MEDIUM] Module B 168h prediction interval width (158.4 [uA]) is high relative to spec range, indicating insufficient prediction confidence.",HIGH,1.7504990636674946,False,False,58.1968465912919,12.624334206061421,170.99273877788113,158.3684045718197,46.1060255912919,True,True,True,LOW,0.8074362849742608,False,False,7.22327666821274,6.417624995224536,8.028928341200944,1.611303345976408,2.3752286682127393,False,False,False,LOW,0.776251355685884,False,False,125.70864224291843,124.67011620783194,126.74716827800492,2.077052070172982,1.4349702429184248,False,False,False
LOT_001,LOT_001_CMP_0021,MEDIUM,MEDIUM RISK — elevated predicted drift present. Engineering review recommended.,False,False,False,False,True,1,"[MEDIUM] Iddq predicted drift from 0h to 168h is 10.18 [uA] (20.4% of spec range), exceeding moderate-drift threshold of 20% of spec range.",MEDIUM,0.47882878317155186,False,False,20.217776656838474,10.914548404860238,20.217776656838474,9.303228251978236,10.182379656838474,False,False,False,LOW,0.6668790149151231,False,False,7.131567524099397,6.493018770040768,7.770116278158026,1.277097508117258,2.1000465240993975,False,False,False,LOW,1.4936203842071187,False,False,130.68594635085776,129.64742031577126,131.72447238594427,2.0770520701730106,1.954485350857766,False,False,False
LOT_001,LOT_001_CMP_0022,MEDIUM,MEDIUM RISK — high prediction uncertainty present. Engineering review recommended.,False,False,False,True,False,2,"[MEDIUM] Iddq predicted drift from 0h to 168h is 18.42 [uA] (36.8% of spec range), exceeding moderate-drift threshold of 20% of spec range. | [MEDIUM] Module B 168h prediction interval width (17.59 [uA]) is high relative to spec range, indicating insufficient prediction confidence.",MEDIUM,0.9344052984282306,False,False,27.96729224766141,10.380040956408108,27.96729224766141,17.587251291253303,18.423997247661408,False,False,True,LOW,0.3287904165091732,False,False,6.525530813865342,5.74099075858505,7.310070869145634,1.5690801105605843,1.8666898138653423,False,False,False,LOW,0.9356085059501797,False,False,127.14679139413578,126.10826535904928,128.18531742922227,2.077052070172982,1.3764493941357756,False,False,False
LOT_001,LOT_001_CMP_0023,HIGH,HIGH RISK — one or more strong evidence signals present. Engineering review recommended.,False,False,False,True,False,3,"[MEDIUM] Module B 168h prediction upper bound (139.5 [uA]) crosses spec_max=50.  | [HIGH] Iddq predicted drift from 0h to 168h is 37.35 [uA] (74.7% of spec range), exceeding high-drift threshold of 60% of spec range. | [MEDIUM] Module B 168h prediction interval width (128.8 [uA]) is high relative to spec range, indicating insufficient prediction confidence.",HIGH,0.854901857146772,False,False,47.23762186183281,10.6649989812543,139.51205435691375,128.84705537565947,37.34862586183281,False,True,True,LOW,0.48421175527487637,False,False,7.131567524099397,6.493018770040768,7.770116278158026,1.277097508117258,2.1750315240993974,False,False,False,LOW,0.6720270727891002,False,False,124.95090792038049,123.912381885294,125.98943395546698,2.077052070172982,2.1848129203804803,False,False,False
LOT_001,LOT_001_CMP_0024,HIGH,HIGH RISK — Module B predicts parameter(s) will cross specification boundary by 168h. Elevated engineering attention required.,True,False,True,True,False,5,"[HIGH] Module B predicts Iddq at 75.03 [uA] by 168h, crossing spec_max=50. | [HIGH] Module B 168h prediction upper bound (143 [uA]) crosses spec_max=50. Also population anomalous. | [MEDIUM] Iddq population anomaly score 6.131 >= strong threshold 6.0. | [HIGH] Iddq predicted drift from 0h to 168h is 71.04 [uA] (142.1% of spec range), exceeding high-drift threshold of 60% of spec range. | [MEDIUM] Module B 168h prediction interval width (138.1 [uA]) is high relative to spec range, indicating insufficient prediction confidence.",HIGH,6.1306796031531,True,False,75.02695300856895,4.918072907625835,143.0289608079334,138.11088790030757,71.03996600856895,True,True,True,LOW,1.645048861102268,False,False,7.962664603257926,6.520217097833952,9.4051121086819,2.8848950108479476,3.2393406032579257,False,False,False,LOW,1.6357926880054836,False,False,131.39247440644337,130.35394837135686,132.43100044152987,2.0770520701730106,1.874712406443365,False,False,False
LOT_001,LOT_001_CMP_0025,LOW,LOW RISK — all evidence signals nominal. No immediate engineering concern.,False,False,False,False,False,0,,LOW,0.2306222538578528,False,False,17.024116774370547,11.572644289477852,17.024116774370547,5.451472484892696,6.280365774370548,False,False,False,LOW,1.5269175868961835,False,False,8.128706763762938,6.457723576890723,9.799689950635154,3.3419663737444303,3.1885057637629384,False,False,False,LOW,0.9411371215353321,False,False,118.50824663344974,117.46972059836324,119.54677266853625,2.0770520701730106,1.6183106334497381,False,False,False
LOT_001,LOT_001_CMP_0026,HIGH,HIGH RISK — Module B predicts parameter(s) will cross specification boundary by 168h. Elevated engineering attention required.,False,False,True,True,False,4,"[HIGH] Module B predicts Iddq at 59.19 [uA] by 168h, crossing spec_max=50. | [MEDIUM] Module B 168h prediction upper bound (169.7 [uA]) crosses spec_max=50.  | [HIGH] Iddq predicted drift from 0h to 168h is 48.11 [uA] (96.2% of spec range), exceeding high-drift threshold of 60% of spec range. | [MEDIUM] Module B 168h prediction interval width (158.1 [uA]) is high relative to spec range, indicating insufficient prediction confidence.",HIGH,1.2159656890511288,False,False,59.185654841481245,11.625843323906466,169.71547307980086,158.0896297558944,48.11345184148124,True,True,True,LOW,1.2298864320864897,False,False,7.8933061983849555,5.970024591503011,9.8165878052669,3.84656321376389,2.6866371983849557,False,False,False,LOW,0.6769729254523743,False,False,120.49178191034507,119.45325587525858,121.53030794543156,2.077052070172982,1.5185049103450723,False,False,False
LOT_001,LOT_001_CMP_0027,MEDIUM,MEDIUM RISK — elevated predicted drift present. Engineering review recommended.,False,False,False,False,True,1,"[MEDIUM] Iddq predicted drift from 0h to 168h is 14.35 [uA] (28.7% of spec range), exceeding moderate-drift threshold of 20% of spec range.",MEDIUM,0.22447773701064705,False,False,25.062528936808164,11.533594789477851,25.062528936808164,13.528934147330313,14.345350936808163,False,False,False,LOW,0.8491813555524609,False,False,7.221372152796086,6.423505781421881,8.01923852417029,1.5957327427484103,2.4153081527960856,False,False,False,LOW,0.5683998963211497,False,False,120.03549367346598,118.99696763837949,121.07401970855247,2.077052070172982,1.9520196734659834,False,False,False
LOT_001,LOT_001_CMP_0028,MEDIUM,MEDIUM RISK — high prediction uncertainty present. Engineering review recommended.,False,False,False,True,False,3,"[MEDIUM] Module B 168h prediction upper bound (85.58 [uA]) crosses spec_max=50.  | [MEDIUM] Iddq predicted drift from 0h to 168h is 18.23 [uA] (36.5% of spec range), exceeding moderate-drift threshold of 20% of spec range. | [MEDIUM] Module B 168h prediction interval width (71.91 [uA]) is high relative to spec range, indicating insufficient prediction confidence.",MEDIUM,2.449310729388114,False,False,31.23635747352759,13.664005024500645,85.5756430003472,71.91163797584656,18.22651147352759,False,True,True,LOW,2.4646600215848817,False,False,8.55755917615742,6.6371821200974965,10.477936232217345,3.840754112119849,2.611096176157421,False,False,False,LOW,0.7183119124498408,False,False,126.14394400589099,125.1054179708045,127.18247004097748,2.077052070172982,1.5365840058909868,False,False,False
LOT_001,LOT_001_CMP_0029,LOW,LOW RISK — all evidence signals nominal. No immediate engineering concern.,False,False,False,False,False,0,,LOW,0.7766603724014801,False,False,18.944072999543675,10.5773474626943,18.944072999543675,8.366725536849374,9.230385999543675,False,False,False,LOW,0.8292106519536386,False,False,6.3761947107988375,5.62654699249668,7.125842429100995,1.4992954366043154,1.9116447107988375,False,False,False,LOW,1.7853249056116025,False,False,114.6107649028377,113.5722388677512,115.6492909379242,2.0770520701730106,1.229743902837697,False,False,False
LOT_001,LOT_001_CMP_0030,MEDIUM,MEDIUM RISK — high prediction uncertainty present. Engineering review recommended.,False,False,False,True,False,3,"[MEDIUM] Module B 168h prediction upper bound (139.5 [uA]) crosses spec_max=50.  | [MEDIUM] Iddq predicted drift from 0h to 168h is 21.9 [uA] (43.8% of spec range), exceeding moderate-drift threshold of 20% of spec range. | [MEDIUM] Module B 168h prediction interval width (129.2 [uA]) is high relative to spec range, indicating insufficient prediction confidence.",MEDIUM,1.0376446830752184,False,False,31.496713065281718,10.304180934869416,139.51205435691375,129.20787342204434,21.896745065281717,False,True,True,LOW,1.7574489393312323,False,False,7.5769128670099155,5.432770108335779,9.721055625684052,4.288285517348273,3.1034918670099154,False,False,False,LOW,1.5701912786523826,False,False,125.21088487339166,124.17235883830517,126.24941090847815,2.077052070172982,1.029590873391669,False,False,False
LOT_001,LOT_001_CMP_0031,LOW,LOW RISK — all evidence signals nominal. No immediate engineering concern.,False,False,False,False,False,0,,LOW,1.4090157805325916,False,False,17.10045863816281,9.85202335175324,17.10045863816281,7.248435286409569,8.06982563816281,False,False,False,LOW,1.000944797767941,False,False,6.258782626839365,5.468106505191941,7.049458748486789,1.5813522432948481,1.9146596268393656,False,False,False,LOW,1.418963370569199,False,False,120.62098862869524,119.58246259360874,121.65951466378175,2.0770520701730106,2.596044628695239,False,False,False
LOT_001,LOT_001_CMP_0032,MEDIUM,MEDIUM RISK — high prediction uncertainty present. Engineering review recommended.,False,False,False,True,False,2,"[MEDIUM] Iddq predicted drift from 0h to 168h is 24.44 [uA] (48.9% of spec range), exceeding moderate-drift threshold of 20% of spec range. | [MEDIUM] Module B 168h prediction interval width (23.55 [uA]) is high relative to spec range, indicating insufficient prediction confidence.",MEDIUM,1.092614561794162,False,False,35.417495469355785,11.863729937531184,35.417495469355785,23.553765531824602,24.438674469355785,False,False,True,LOW,0.9278531738634358,False,False,8.908561627768155,5.805969564114784,12.011153691421525,6.20518412730674,4.210213627768154,False,False,False,LOW,1.5646018056958613,False,False,116.74701153804317,115.70848550295668,117.78553757312966,2.077052070172982,1.0851245380431749,False,False,False
LOT_001,LOT_001_CMP_0033,HIGH,HIGH RISK — Module B predicts parameter(s) will cross specification boundary by 168h. Elevated engineering attention required.,False,False,True,True,False,4,"[HIGH] Module B predicts Iddq at 82.57 [uA] by 168h, crossing spec_max=50. | [MEDIUM] Module B 168h prediction upper bound (172.1 [uA]) crosses spec_max=50.  | [HIGH] Iddq predicted drift from 0h to 168h is 70.64 [uA] (141.3% of spec range), exceeding high-drift threshold of 60% of spec range. | [MEDIUM] Module B 168h prediction interval width (159.4 [uA]) is high relative to spec range, indicating insufficient prediction confidence.",HIGH,2.123082603708604,False,False,82.57449093250527,12.639532041565486,172.05002097064977,159.4104889290843,70.63892793250527,True,True,True,LOW,1.6770452741947925,False,False,7.637823928308239,6.9752436610792925,8.300404195537185,1.3251605344578925,2.227879928308239,False,False,False,LOW,0.37557939939613655,False,False,121.07018533365286,120.03165929856635,122.10871136873936,2.0770520701730106,1.919789333652858,False,False,False
LOT_001,LOT_001_CMP_0034,LOW,LOW RISK — all evidence signals nominal. No immediate engineering concern.,False,False,False,False,False,0,,LOW,0.39800200576053685,False,False,15.81623757084068,11.017817469142528,15.81623757084068,4.798420101698152,5.69353357084068,False,False,False,LOW,1.0352976550918391,False,False,8.470470585800156,7.176080303881265,9.764860867719047,2.5887805638377825,3.6910425858001554,False,False,False,LOW,0.2943248343879436,False,False,123.89040995837769,122.85188392329118,124.9289359934642,2.0770520701730106,1.69422995837769,False,False,False
LOT_001,LOT_001_CMP_0035,LOW,LOW RISK — all evidence signals nominal. No immediate engineering concern.,False,False,False,False,False,0,,LOW,1.3848326442487817,False,False,15.371897823782385,9.93740581361954,15.371897823782385,5.434492010162845,6.315142823782384,False,False,False,LOW,0.5055844648015728,False,False,6.766348887499301,5.031974603603116,8.500723171395487,3.468748567792371,2.1498368874993012,False,False,False,LOW,1.295905280730658,False,False,125.54446262024778,124.5059365851613,126.58298865533428,2.077052070172982,1.168633620247789,False,False,False
LOT_001,LOT_001_CMP_0036,LOW,LOW RISK — all evidence signals nominal. No immediate engineering concern.,False,False,False,False,False,0,,LOW,1.5358758734851465,False,False,17.216220608683127,9.776185434053241,17.216220608683127,7.440035174629886,8.322618608683127,False,False,False,LOW,0.6939242860886626,False,False,8.31606434692134,6.975755350851601,9.656373342991081,2.6806179921394806,3.4538923469213403,False,False,False,LOW,1.6596914894173778,False,False,131.44639366133288,130.40786762624637,132.48491969641938,2.0770520701730106,2.0361816613328756,False,False,False
LOT_001,LOT_001_CMP_0037,HIGH,HIGH RISK — observed measurement currently breaches reference limits. Immediate engineering review required.,True,True,True,True,False,8,"[HIGH] Module B predicts Iddq at 88.33 [uA] by 168h, crossing spec_max=50. | [MEDIUM] Module B 168h prediction upper bound (170.6 [uA]) crosses spec_max=50.  | [HIGH] Iddq predicted drift from 0h to 168h is 76.94 [uA] (153.9% of spec range), exceeding high-drift threshold of 60% of spec range. | [MEDIUM] Module B 168h prediction interval width (158.8 [uA]) is high relative to spec range, indicating insufficient prediction confidence. | [HIGH] Observed measurement of propagation_delay breaches reference limit (spec_min=80.0, spec_max=180.0). value_0h=203.7, value_24h=204.5 [ps]. | [HIGH] Module B predicts propagation_delay at 205.1 [ps] by 168h, crossing spec_max=180. | [HIGH] Module B 168h prediction upper bound (206.1 [ps]) crosses spec_max=180. Also population anomalous. | [MEDIUM] propagation_delay population anomaly score 15.765 >= strong threshold 6.0.",HIGH,1.9054416997934926,False,False,88.33242855111511,11.808487903147526,170.6033708603569,158.79488295720938,76.93917355111512,True,True,True,LOW,1.4258838087128494,False,False,9.525233093130371,6.8709554844209215,12.17951070183982,5.308555217418899,4.111642093130371,False,False,False,HIGH,15.764573321109149,True,True,205.07866151333337,204.04013547824687,206.11718754841988,2.0770520701730106,1.4000685133333661,True,True,False
LOT_001,LOT_001_CMP_0038,MEDIUM,MEDIUM RISK — elevated predicted drift present. Engineering review recommended.,False,False,False,False,True,1,"[MEDIUM] Iddq predicted drift from 0h to 168h is 11.25 [uA] (22.5% of spec range), exceeding moderate-drift threshold of 20% of spec range.",MEDIUM,0.733826540781418,False,False,22.59878096172863,12.041136904114431,22.59878096172863,10.557644057614198,11.253504961728629,False,False,False,LOW,1.717581147432383,False,False,8.279018040330577,6.050780373576776,10.507255707084378,4.456475333507601,2.9136540403305773,False,False,False,LOW,1.0208409106338838,False,False,128.0519152796785,127.01338924459199,129.090441314765,2.0770520701730106,1.8254052796784919,False,False,False
LOT_001,LOT_001_CMP_0039,MEDIUM,MEDIUM RISK — high prediction uncertainty present. Engineering review recommended.,False,False,False,True,False,3,"[MEDIUM] Module B 168h prediction upper bound (140.3 [uA]) crosses spec_max=50.  | [MEDIUM] Iddq predicted drift from 0h to 168h is 27.7 [uA] (55.4% of spec range), exceeding moderate-drift threshold of 20% of spec range. | [MEDIUM] Module B 168h prediction interval width (128.7 [uA]) is high relative to spec range, indicating insufficient prediction confidence.",MEDIUM,0.9586580515074253,False,False,38.726291496854245,11.668805144864006,140.34507562880086,128.67627048393686,27.702340496854244,False,True,True,LOW,0.5579954176686294,False,False,7.767585800542167,6.709299304337917,8.825872296746416,2.116572992408499,2.718224800542167,False,False,False,LOW,0.758442753181735,False,False,119.60771420018311,118.56918816509662,120.6462402352696,2.077052070172982,1.488024200183105,False,False,False
LOT_001,LOT_001_CMP_0040,LOW,LOW RISK — all evidence signals nominal. No immediate engineering concern.,False,False,False,False,False,0,,LOW,1.2004383130820826,False,False,17.549620077970335,10.080558260575911,17.549620077970335,7.469061817394424,8.293687077970334,False,False,False,LOW,0.8314982087328244,False,False,6.247953574684711,5.5530811618180715,6.942825987551351,1.3897448257332794,1.8551565746847114,False,False,False,LOW,2.6852687122806738,False,False,110.64836686256407,109.60984082747757,111.68689289765058,2.0770520701730106,3.3095938625640713,False,False,False
LOT_001,LOT_001_CMP_0041,MEDIUM,MEDIUM RISK — high prediction uncertainty present. Engineering review recommended.,False,False,False,True,False,2,"[MEDIUM] Iddq predicted drift from 0h to 168h is 16.1 [uA] (32.2% of spec range), exceeding moderate-drift threshold of 20% of spec range. | [MEDIUM] Module B 168h prediction interval width (15.22 [uA]) is high relative to spec range, indicating insufficient prediction confidence.",MEDIUM,0.932276619325627,False,False,26.321993213193593,11.099705633142527,26.321993213193593,15.222287580051066,16.104663213193593,False,False,True,LOW,1.0595677257206546,False,False,7.345015838216102,6.342297224835463,8.34773445159674,2.005437226761276,2.525645838216102,False,False,False,LOW,0.8070026892050765,False,False,126.48153806374928,125.44301202866279,127.52006409883577,2.077052070172982,2.244734063749277,False,False,False
LOT_001,LOT_001_CMP_0042,MEDIUM,MEDIUM RISK — elevated predicted drift present. Engineering review recommended.,False,False,False,False,True,1,"[MEDIUM] Iddq predicted drift from 0h to 168h is 11.74 [uA] (23.5% of spec range), exceeding moderate-drift threshold of 20% of spec range.",MEDIUM,0.4185007892717927,False,False,22.05994968561325,11.135589593142527,22.05994968561325,10.924360092470724,11.735059685613251,False,False,False,LOW,1.359017567743948,False,False,7.795217510496642,4.2940064579252635,11.296428563068021,7.002422105142758,3.644189510496642,False,False,False,LOW,1.0444115304067065,False,False,118.93845437701715,117.89992834193066,119.97698041210364,2.077052070172982,2.4138083770171477,False,False,False
LOT_001,LOT_001_CMP_0043,LOW,LOW RISK — all evidence signals nominal. No immediate engineering concern.,False,False,False,False,False,0,,LOW,0.582764024009979,False,False,19.03318212702179,11.284064800528649,19.03318212702179,7.74911732649314,8.517578127021789,False,False,False,LOW,1.1828045212450704,False,False,6.451907012811607,4.705191015871204,8.19862300975201,3.4934319938808063,2.1316880128116074,False,False,False,LOW,0.56437491486678,False,False,120.20615439132379,119.16762835623729,121.2446804264103,2.0770520701730106,1.8265183913237877,False,False,False
LOT_001,LOT_001_CMP_0044,MEDIUM,MEDIUM RISK — high prediction uncertainty present. Engineering review recommended.,False,False,False,True,False,3,"[MEDIUM] Module B 168h prediction upper bound (165.9 [uA]) crosses spec_max=50.  | [MEDIUM] Iddq predicted drift from 0h to 168h is 22.69 [uA] (45.4% of spec range), exceeding moderate-drift threshold of 20% of spec range. | [MEDIUM] Module B 168h prediction interval width (153.9 [uA]) is high relative to spec range, indicating insufficient prediction confidence.",MEDIUM,1.950980607600594,False,False,33.70912441904105,11.977206416322588,165.92192740559312,153.94472098927054,22.691005419041055,False,True,True,LOW,1.311980578485083,False,False,7.57368914510943,5.401240199538835,9.746138090680025,4.344897891141191,3.0668681451094297,False,False,False,LOW,0.1679053232637547,False,False,122.33994108318215,121.30141504809566,123.37846711826865,2.077052070172982,1.7689180831821574,False,False,False
LOT_001,LOT_001_CMP_0045,MEDIUM,MEDIUM RISK — high prediction uncertainty present. Engineering review recommended.,False,False,False,True,False,3,"[MEDIUM] Module B 168h prediction upper bound (165.9 [uA]) crosses spec_max=50.  | [MEDIUM] Iddq predicted drift from 0h to 168h is 13.55 [uA] (27.1% of spec range), exceeding moderate-drift threshold of 20% of spec range. | [MEDIUM] Module B 168h prediction interval width (154.5 [uA]) is high relative to spec range, indicating insufficient prediction confidence.",MEDIUM,1.8129805733493347,False,False,24.143835577304582,11.37221267860041,165.8715190300844,154.49930635148397,13.554208577304582,False,True,True,LOW,1.760935702871798,False,False,7.520279481532137,5.46292482165613,9.577634141408144,4.114709319752014,3.043751481532137,False,False,False,LOW,0.37465954984272415,False,False,122.99878069429215,121.96025465920565,124.03730672937866,2.0770520701730106,2.043964694292157,False,False,False
LOT_001,LOT_001_CMP_0046,LOW,LOW RISK — all evidence signals nominal. No immediate engineering concern.,False,False,False,False,False,0,,LOW,0.8132843005528291,False,False,20.316190046094107,11.661415050206525,20.316190046094107,8.654774995887582,9.520647046094107,False,False,False,LOW,1.0025808403107757,False,False,8.14413575650341,5.443385430802562,10.844886082204258,5.4015006514016966,2.9461137565034097,False,False,False,LOW,1.4855767592978035,False,False,130.16144867263952,129.12292263755302,131.19997470772603,2.0770520701730106,1.4476496726395283,False,False,False
LOT_001,LOT_001_CMP_0047,LOW,LOW RISK — all evidence signals nominal. No immediate engineering concern.,False,False,False,False,False,0,,LOW,0.3902782516063443,False,False,16.786173928504294,11.017817469142528,16.786173928504294,5.768356459361765,6.655126928504293,False,False,False,LOW,0.6170001815924328,False,False,6.47694003946426,5.684768804545332,7.269111274383189,1.584342469837857,1.9280220394642607,False,False,False,LOW,0.3224472578004556,False,False,124.18598721401735,123.14746117893085,125.22451324910384,2.077052070172982,1.6973142140173394,False,False,False
LOT_001,LOT_001_CMP_0048,MEDIUM,MEDIUM RISK — high prediction uncertainty present. Engineering review recommended.,False,False,False,True,False,2,"[MEDIUM] Iddq predicted drift from 0h to 168h is 11.52 [uA] (23.0% of spec range), exceeding moderate-drift threshold of 20% of spec range. | [MEDIUM] Module B 168h prediction interval width (25.59 [uA]) is high relative to spec range, indicating insufficient prediction confidence.",MEDIUM,0.6420138673653993,False,False,22.209042670734437,11.423615624653344,37.012873163241416,25.589257538588072,11.518582670734437,False,False,True,LOW,1.7417585033986906,False,False,8.939112934752211,7.1502080902756555,10.728017779228766,3.577809688953111,4.046704934752212,False,False,False,LOW,0.9740881000051111,False,False,124.04493644767706,123.00641041259055,125.08346248276357,2.0770520701730106,1.3435354476770556,False,False,False
LOT_001,LOT_001_CMP_0049,MEDIUM,MEDIUM RISK — high prediction uncertainty present. Engineering review recommended.,False,False,False,True,False,2,"[MEDIUM] Iddq predicted drift from 0h to 168h is 19.26 [uA] (38.5% of spec range), exceeding moderate-drift threshold of 20% of spec range. | [MEDIUM] Module B 168h prediction interval width (18.35 [uA]) is high relative to spec range, indicating insufficient prediction confidence.",MEDIUM,0.897394328282736,False,False,30.16086310596548,11.808922021782672,30.16086310596548,18.351941084182805,19.262160105965478,False,False,True,LOW,2.060095165483405,False,False,7.69755504555993,7.133990719070013,8.261119372049848,1.1271286529798346,2.0720170455599307,False,False,False,LOW,1.8521470850686614,False,False,119.86289718005342,118.82437114496693,120.90142321513991,2.077052070172982,0.9177991800534215,False,False,False
LOT_001,LOT_001_CMP_0050,MEDIUM,MEDIUM RISK — high prediction uncertainty present. Engineering review recommended.,False,False,False,True,False,3,"[MEDIUM] Module B 168h prediction upper bound (167 [uA]) crosses spec_max=50.  | [MEDIUM] Iddq predicted drift from 0h to 168h is 26.41 [uA] (52.8% of spec range), exceeding moderate-drift threshold of 20% of spec range. | [MEDIUM] Module B 168h prediction interval width (158 [uA]) is high relative to spec range, indicating insufficient prediction confidence.",MEDIUM,2.2850116919519525,False,False,34.72649957597723,9.06525195718132,167.0419982732434,157.97674631606208,26.40552857597723,False,True,True,LOW,1.096920700136394,False,False,6.405180997331691,4.669974828434786,8.140387166228596,3.4704123377938094,2.154871997331691,False,False,False,LOW,2.203210046703888,False,False,111.32109678593856,110.28257075085207,112.35962282102506,2.077052070172982,2.1765957859385594,False,False,False
LOT_002,LOT_002_CMP_0001,MEDIUM,MEDIUM RISK — high prediction uncertainty present. Engineering review recommended.,False,False,False,True,False,2,"[MEDIUM] Iddq predicted drift from 0h to 168h is 12.13 [uA] (24.3% of spec range), exceeding moderate-drift threshold of 20% of spec range. | [MEDIUM] Module B 168h prediction interval width (25.62 [uA]) is high relative to spec range, indicating insufficient prediction confidence.",MEDIUM,1.3981727742473362,False,False,22.03844036962402,10.6649989812543,36.283681702085474,25.618682720831174,12.13219236962402,False,False,True,LOW,1.0208262869407378,False,False,7.412016567602839,6.582697008854181,8.241336126351497,1.6586391174973159,2.2184255676028393,False,False,False,LOW,0.30679470789733193,False,False,126.91376732776006,125.87524129267356,127.95229336284655,2.077052070172982,1.8137783277600619,False,False,False
LOT_002,LOT_002_CMP_0002,HIGH,HIGH RISK — Module B predicts parameter(s) will cross specification boundary by 168h. Elevated engineering attention required.,True,False,True,True,False,5,"[HIGH] Module B predicts Iddq at 83.99 [uA] by 168h, crossing spec_max=50. | [HIGH] Module B 168h prediction upper bound (171.6 [uA]) crosses spec_max=50. Also population anomalous. | [MEDIUM] Iddq population anomaly score 3.762 >= anomaly threshold 3.5 (moderate). | [HIGH] Iddq predicted drift from 0h to 168h is 71.36 [uA] (142.7% of spec range), exceeding high-drift threshold of 60% of spec range. | [MEDIUM] Module B 168h prediction interval width (158.7 [uA]) is high relative to spec range, indicating insufficient prediction confidence.",HIGH,3.7620041352092404,True,False,83.99262875477933,12.912803628061392,171.61792578612815,158.70512215806676,71.36183375477933,True,True,True,LOW,1.314382963989168,False,False,8.785712009122562,7.041816214674783,10.529607803570343,3.4877915888955604,3.3492430091225627,False,False,False,LOW,1.1293421696200479,False,False,130.22016338916075,129.18163735407424,131.25868942424725,2.0770520701730106,1.9428203891607438,False,False,False
LOT_002,LOT_002_CMP_0003,MEDIUM,MEDIUM RISK — high prediction uncertainty present. Engineering review recommended.,False,False,False,True,False,3,"[MEDIUM] Module B 168h prediction upper bound (165.2 [uA]) crosses spec_max=50.  | [MEDIUM] Iddq predicted drift from 0h to 168h is 19.66 [uA] (39.3% of spec range), exceeding moderate-drift threshold of 20% of spec range. | [MEDIUM] Module B 168h prediction interval width (152.2 [uA]) is high relative to spec range, indicating insufficient prediction confidence.",MEDIUM,1.8076600757801151,False,False,31.78941104560894,12.958038248392501,165.20625495116687,152.24821670277436,19.66377804560894,False,True,True,LOW,2.077232016586751,False,False,7.683673927244157,5.473759955265022,9.893587899223292,4.4198279439582695,3.0366879272441567,False,False,False,LOW,1.6727477459049516,False,False,118.62983894644296,117.59131291135645,119.66836498152946,2.0770520701730106,1.7768599464429542,False,False,False
LOT_002,LOT_002_CMP_0004,MEDIUM,MEDIUM RISK — high prediction uncertainty present. Engineering review recommended.,False,False,False,True,False,1,"[MEDIUM] Module B 168h prediction interval width (9.128 [nA]) is high relative to spec range, indicating insufficient prediction confidence.",LOW,0.4275344601894971,False,False,19.610215570360868,12.845064052232805,19.610215570360868,6.765151518128063,7.6877835703608675,False,False,False,MEDIUM,2.118848472839284,False,False,11.217783009546437,6.653744045056266,15.781821974036609,9.128077928980343,5.292191009546437,False,False,True,LOW,1.3611204907609478,False,False,130.29756117216854,129.25903513708204,131.33608720725505,2.0770520701730106,2.518381172168546,False,False,False
LOT_002,LOT_002_CMP_0005,MEDIUM,MEDIUM RISK — high prediction uncertainty present. Engineering review recommended.,False,False,False,True,False,3,"[MEDIUM] Module B 168h prediction upper bound (174.5 [uA]) crosses spec_max=50.  | [MEDIUM] Iddq predicted drift from 0h to 168h is 18.8 [uA] (37.6% of spec range), exceeding moderate-drift threshold of 20% of spec range. | [MEDIUM] Module B 168h prediction interval width (160.9 [uA]) is high relative to spec range, indicating insufficient prediction confidence.",MEDIUM,1.352658853874801,False,False,31.67399890478689,13.615679240812645,174.54351572944282,160.92783648863016,18.80202990478689,False,True,True,LOW,0.628284035493748,False,False,7.982770656620331,7.025794180464605,8.939747132776056,1.9139529523114502,1.9688526566203306,False,False,False,LOW,0.39878423115437167,False,False,123.68833950375843,122.64981346867194,124.72686553884492,2.077052070172982,2.0953225037584247,False,False,False
LOT_002,LOT_002_CMP_0006,LOW,LOW RISK — all evidence signals nominal. No immediate engineering concern.,False,False,False,False,False,0,,LOW,0.44910001077168477,False,False,21.72959000223737,12.845064052232805,21.72959000223737,8.884525950004564,9.649192002237369,False,False,False,LOW,0.2200796148129743,False,False,7.69755504555993,7.133990719070013,8.261119372049848,1.1271286529798346,2.0896420455599305,False,False,False,LOW,1.456370532812674,False,False,119.5328332486954,118.49430721360889,120.5713592837819,2.0770520701730106,1.7829842486953993,False,False,False
LOT_002,LOT_002_CMP_0007,MEDIUM,MEDIUM RISK — high prediction uncertainty present. Engineering review recommended.,False,False,False,True,False,1,"[MEDIUM] Module B 168h prediction interval width (26.15 [uA]) is high relative to spec range, indicating insufficient prediction confidence.",MEDIUM,1.1046637777734658,False,False,19.95086061341471,12.866485096957362,39.01921340529907,26.152728308341707,7.898113613414711,False,False,True,LOW,0.6866713193563884,False,False,7.982770656620331,7.025794180464605,8.939747132776056,1.9139529523114502,1.9422356566203307,False,False,False,LOW,1.0310493755017271,False,False,127.37390956223992,126.33538352715343,128.4124355973264,2.077052070172982,2.3773625622399095,False,False,False
LOT_002,LOT_002_CMP_0008,MEDIUM,MEDIUM RISK — high prediction uncertainty present. Engineering review recommended.,False,False,False,True,False,1,"[MEDIUM] Module B 168h prediction interval width (25.58 [uA]) is high relative to spec range, indicating insufficient prediction confidence.",MEDIUM,0.6788906257706349,False,False,21.801998341130336,13.303972943073312,38.8828738495337,25.57890090646039,9.550492341130337,False,False,True,LOW,0.231854447265587,False,False,7.69755504555993,7.133990719070013,8.261119372049848,1.1271286529798346,2.043773045559931,False,False,False,LOW,0.7331736023720549,False,False,128.4933262683783,127.45480023329179,129.5318523034648,2.0770520701730106,1.9931832683783028,False,False,False
LOT_002,LOT_002_CMP_0009,LOW,LOW RISK — all evidence signals nominal. No immediate engineering concern.,False,False,False,False,False,0,,LOW,0.23654381142738048,False,False,18.485410289020734,12.469339870418102,18.485410289020734,6.016070418602633,6.841220289020734,False,False,False,LOW,0.828499633995752,False,False,8.079533833692176,7.152185900033619,9.006881767350732,1.8546958673171128,2.5239688336921766,False,False,False,LOW,1.7376815522420996,False,False,123.46645909057777,122.42793305549128,124.50498512566426,2.077052070172982,2.7425130905777735,False,False,False
LOT_002,LOT_002_CMP_0010,LOW,LOW RISK — all evidence signals nominal. No immediate engineering concern.,False,False,False,False,False,0,,LOW,2.3344786943174345,False,False,13.936167566105626,9.525779597983242,13.936167566105626,4.410387968122384,5.360726566105626,False,False,False,LOW,1.1987032074581674,False,False,7.3512950528149394,6.512515655387399,8.19007445024248,1.6775587948550816,2.2497410528149393,False,False,False,LOW,0.3768221544958162,False,False,127.19481788473989,126.1562918496534,128.23334391982638,2.077052070172982,1.8251318847398892,False,False,False
LOT_002,LOT_002_CMP_0011,HIGH,HIGH RISK — one or more strong evidence signals present. Engineering review recommended.,False,False,False,True,False,3,"[MEDIUM] Module B 168h prediction upper bound (166 [uA]) crosses spec_max=50.  | [HIGH] Iddq predicted drift from 0h to 168h is 34.94 [uA] (69.9% of spec range), exceeding high-drift threshold of 60% of spec range. | [MEDIUM] Module B 168h prediction interval width (154.1 [uA]) is high relative to spec range, indicating insufficient prediction confidence.",HIGH,1.3380508131884667,False,False,45.95601244587111,11.962597557399928,166.0141696351299,154.05157207772996,34.93672144587111,False,True,True,LOW,0.6805361035499782,False,False,7.842707119988401,6.846663300184803,8.838750939792,1.9920876396071971,2.2431391199884017,False,False,False,LOW,1.4185919141464933,False,False,119.44548170547122,118.40695567038472,120.48400774055773,2.0770520701730106,1.9892317054712265,False,False,False
LOT_002,LOT_002_CMP_0012,LOW,LOW RISK — all evidence signals nominal. No immediate engineering concern.,False,False,False,False,False,0,,LOW,0.7547234078548817,False,False,19.321041678234113,11.259661556500573,19.321041678234113,8.06138012173354,8.749605678234113,False,False,False,LOW,0.4357977891981217,False,False,7.69755504555993,7.133990719070013,8.261119372049848,1.1271286529798346,2.0950490455599304,False,False,False,LOW,0.5395698937973542,False,False,123.1643467527924,122.12582071770589,124.2028727878789,2.0770520701730106,2.166489752792401,False,False,False
LOT_002,LOT_002_CMP_0013,HIGH,HIGH RISK — one or more strong evidence signals present. Engineering review recommended.,False,False,False,True,True,4,"[MEDIUM] Module B 168h prediction upper bound (165.8 [uA]) crosses spec_max=50.  | [MEDIUM] Iddq predicted drift from 0h to 168h is 22.27 [uA] (44.5% of spec range), exceeding moderate-drift threshold of 20% of spec range. | [MEDIUM] Module B 168h prediction interval width (155.6 [uA]) is high relative to spec range, indicating insufficient prediction confidence. | [HIGH] leakage_current predicted drift from 0h to 168h is 21.98 [nA] (73.3% of spec range), exceeding high-drift threshold of 60% of spec range.",MEDIUM,2.198404629261572,False,False,31.52469041102528,10.214328176114604,165.78221482551206,155.56788664939745,22.27347741102528,False,True,True,HIGH,2.80845450361634,False,False,27.16079418258913,26.94899819049835,27.372590174679907,0.42359198418155586,21.975383182589127,False,False,False,LOW,1.094508286445162,False,False,120.90626169147055,119.86773565638404,121.94478772655705,2.0770520701730106,1.907710691470541,False,False,False
LOT_002,LOT_002_CMP_0014,HIGH,HIGH RISK — observed measurement currently breaches reference limits. Immediate engineering review required.,True,True,False,True,False,4,"[HIGH] Observed measurement of Iddq breaches reference limit (spec_min=0.0, spec_max=50.0). value_0h=54.93, value_24h=55.52 [uA]. | [HIGH] Module B 168h prediction upper bound (104.9 [uA]) crosses spec_max=50. Also population anomalous. | [MEDIUM] Iddq population anomaly score 34.967 >= strong threshold 6.0. | [MEDIUM] Module B 168h prediction interval width (90.92 [uA]) is high relative to spec range, indicating insufficient prediction confidence.",HIGH,34.967267861569404,True,True,48.33115472305456,13.930467640762643,104.8548388785802,90.92437123781755,-6.600374276945438,False,True,True,LOW,0.9029423816189643,False,False,7.748686729097479,7.067017323280527,8.43035613491443,1.363338811633903,2.0619687290974786,False,False,False,LOW,0.9595043775686941,False,False,129.12858858982867,128.09006255474216,130.16711462491517,2.0770520701730106,1.4063125898286728,False,False,False
LOT_002,LOT_002_CMP_0015,MEDIUM,MEDIUM RISK — high prediction uncertainty present. Engineering review recommended.,False,False,False,True,False,3,"[MEDIUM] Module B 168h prediction upper bound (85.58 [uA]) crosses spec_max=50.  | [MEDIUM] Iddq predicted drift from 0h to 168h is 25.01 [uA] (50.0% of spec range), exceeding moderate-drift threshold of 20% of spec range. | [MEDIUM] Module B 168h prediction interval width (71.6 [uA]) is high relative to spec range, indicating insufficient prediction confidence.",MEDIUM,1.7525693555325403,False,False,38.527141160050796,13.978793424450643,85.5756430003472,71.59684957589656,25.014226160050796,False,True,True,LOW,1.2149289661324139,False,False,8.774126659452177,6.3180395859316665,11.230213732972688,4.912174147041021,2.7513056594521768,False,False,False,LOW,1.3995647352004672,False,False,131.7809562599365,130.74243022484998,132.819482295023,2.0770520701730106,1.5877892599364998,False,False,False
LOT_002,LOT_002_CMP_0016,MEDIUM,"MEDIUM RISK — population outlier, high prediction uncertainty present. Engineering review recommended.",True,False,False,True,False,4,"[MEDIUM] Module B 168h prediction upper bound (85.35 [uA]) crosses spec_max=50.  | [MEDIUM] Iddq predicted drift from 0h to 168h is 12.15 [uA] (24.3% of spec range), exceeding moderate-drift threshold of 20% of spec range. | [MEDIUM] Module B 168h prediction interval width (71.68 [uA]) is high relative to spec range, indicating insufficient prediction confidence. | [MEDIUM] leakage_current population anomaly score 10.016 >= strong threshold 6.0.",MEDIUM,1.1254831594288177,False,False,25.067786798421025,13.664005024500645,85.34818647232483,71.68418144782419,12.145340798421024,False,True,True,MEDIUM,10.015739228091327,True,False,8.906529240720811,6.134323845909606,11.678734635532017,5.544410789622411,-1.9975967592791886,False,False,False,LOW,1.1413713215181054,False,False,124.91213668010371,123.87361064501721,125.95066271519022,2.0770520701730106,2.4458916801037134,False,False,False
LOT_002,LOT_002_CMP_0017,LOW,LOW RISK — all evidence signals nominal. No immediate engineering concern.,False,False,False,False,False,0,,LOW,0.22256089292214212,False,False,18.93457172882826,12.55189355376546,18.93457172882826,6.3826781750628,7.20196972882826,False,False,False,LOW,0.8317553561487768,False,False,7.634687249004106,6.997446552486743,8.271927945521469,1.2744813930347263,2.343267249004106,False,False,False,LOW,0.9529328414796543,False,False,129.4821554507795,128.44362941569298,130.520681485866,2.0770520701730106,1.9393424507794919,False,False,False
LOT_002,LOT_002_CMP_0018,MEDIUM,MEDIUM RISK — high prediction uncertainty present. Engineering review recommended.,False,False,False,True,False,3,"[MEDIUM] Module B 168h prediction upper bound (104.3 [uA]) crosses spec_max=50.  | [MEDIUM] Iddq predicted drift from 0h to 168h is 10.51 [uA] (21.0% of spec range), exceeding moderate-drift threshold of 20% of spec range. | [MEDIUM] Module B 168h prediction interval width (90.53 [uA]) is high relative to spec range, indicating insufficient prediction confidence.",MEDIUM,1.4148153773163976,False,False,23.853366992901876,13.779312474500644,104.30518100366207,90.52586852916143,10.510128992901876,False,True,True,LOW,0.9229927244222622,False,False,7.873571170203069,5.8701979426551105,9.876944397751027,4.006746455095916,2.6293591702030685,False,False,False,LOW,1.2768252241394558,False,False,128.94741370792232,127.90888767283582,129.98593974300883,2.0770520701730106,1.2543817079223203,False,False,False
LOT_002,LOT_002_CMP_0019,LOW,LOW RISK — all evidence signals nominal. No immediate engineering concern.,False,False,False,False,False,0,,LOW,0.27488980389468304,False,False,20.255378251931077,11.905133423232211,20.255378251931077,8.350244828698866,9.121722251931077,False,False,False,LOW,1.4093622270597033,False,False,8.402271355892713,6.76489510294034,10.039647608845087,3.274752505904747,3.403317355892713,False,False,False,LOW,2.2666778458888284,False,False,115.80529944956868,114.76677341448217,116.84382548465518,2.0770520701730106,2.049736449568684,False,False,False
LOT_002,LOT_002_CMP_0020,LOW,LOW RISK — all evidence signals nominal. No immediate engineering concern.,False,False,False,False,False,0,,LOW,0.837372574208958,False,False,20.439717493797133,12.38603922408618,20.439717493797133,8.053678269710954,8.951288493797133,False,False,False,LOW,0.09219622538985509,False,False,7.827368288568218,6.771246962664781,8.883489614471655,2.1122426518068735,2.1030732885682184,False,False,False,LOW,2.1684152652938624,False,False,115.86161409638528,114.82308806129879,116.90014013147177,2.077052070172982,2.348764096385281,False,False,False
LOT_002,LOT_002_CMP_0021,HIGH,HIGH RISK — one or more strong evidence signals present. Engineering review recommended.,False,False,False,True,False,3,"[MEDIUM] Module B 168h prediction upper bound (139.5 [uA]) crosses spec_max=50.  | [HIGH] Iddq predicted drift from 0h to 168h is 37.94 [uA] (75.9% of spec range), exceeding high-drift threshold of 60% of spec range. | [MEDIUM] Module B 168h prediction interval width (129 [uA]) is high relative to spec range, indicating insufficient prediction confidence.",HIGH,1.545749547405719,False,False,47.70726874155356,10.4735924526943,139.51205435691375,129.03846190421945,37.93791174155356,False,True,True,LOW,0.8633911907799542,False,False,7.634687249004106,6.997446552486743,8.271927945521469,1.2744813930347263,2.3596362490041054,False,False,False,LOW,0.7115123549765064,False,False,124.29794009446003,123.25941405937354,125.33646612954652,2.077052070172982,1.5559840944600296,False,False,False
LOT_002,LOT_002_CMP_0022,MEDIUM,MEDIUM RISK — high prediction uncertainty present. Engineering review recommended.,False,False,False,True,False,1,"[MEDIUM] Module B 168h prediction interval width (10.02 [nA]) is high relative to spec range, indicating insufficient prediction confidence.",LOW,0.22657251200646025,False,False,20.20479437445522,12.324868025734004,20.20479437445522,7.879926348721215,8.787384374455218,False,False,False,MEDIUM,0.9594974361010175,False,False,10.204206722511405,5.193922458467893,15.214490986554917,10.020568528087026,4.4849287225114045,False,False,True,LOW,0.7628904512833424,False,False,127.88427180191015,126.84574576682365,128.92279783699664,2.077052070172982,1.5088898019101435,False,False,False
LOT_002,LOT_002_CMP_0023,MEDIUM,MEDIUM RISK — elevated predicted drift present. Engineering review recommended.,False,False,False,False,True,1,"[MEDIUM] Iddq predicted drift from 0h to 168h is 11.36 [uA] (22.7% of spec range), exceeding moderate-drift threshold of 20% of spec range.",MEDIUM,1.0192973789136162,False,False,22.49882262118487,12.009897652386137,22.49882262118487,10.488924968798734,11.357409621184871,False,False,False,LOW,0.8799676800970546,False,False,7.905689521416795,7.203325070805341,8.608053972028248,1.4047289012229074,1.7285905214167947,False,False,False,LOW,0.24776212845848117,False,False,126.7152979934447,125.67677195835819,127.7538240285312,2.0770520701730106,1.7720049934446962,False,False,False
LOT_002,LOT_002_CMP_0024,MEDIUM,MEDIUM RISK — elevated predicted drift present. Engineering review recommended.,False,False,False,False,True,1,"[MEDIUM] Iddq predicted drift from 0h to 168h is 13.37 [uA] (26.7% of spec range), exceeding moderate-drift threshold of 20% of spec range.",MEDIUM,1.6881994532037912,False,False,22.650517861140585,10.214328176114604,22.650517861140585,12.436189685025981,13.365008861140586,False,False,False,LOW,3.31165575147914,False,False,6.206377191562441,5.452577060420086,6.960177322704797,1.5076002622847113,2.1981061915624416,False,False,False,LOW,0.6642918122626116,False,False,123.64615376128995,122.60762772620345,124.68467979637646,2.0770520701730106,1.5828157612899503,False,False,False
LOT_002,LOT_002_CMP_0025,MEDIUM,MEDIUM RISK — high prediction uncertainty present. Engineering review recommended.,False,False,False,True,False,1,"[MEDIUM] Module B 168h prediction interval width (10.36 [nA]) is high relative to spec range, indicating insufficient prediction confidence.",LOW,0.4339877907902229,False,False,20.122313412193492,12.310259166811344,20.122313412193492,7.812054245382148,8.674667412193491,False,False,False,MEDIUM,1.7730171120961604,False,False,11.43079149899762,6.250284914128024,16.611298083867215,10.361013169739191,5.516946498997619,False,False,True,LOW,0.6630575825021074,False,False,127.7390143848576,126.70048834977109,128.7775404199441,2.0770520701730106,1.5579473848575986,False,False,False
LOT_002,LOT_002_CMP_0026,MEDIUM,MEDIUM RISK — elevated predicted drift present. Engineering review recommended.,False,False,False,False,True,1,"[MEDIUM] Iddq predicted drift from 0h to 168h is 13.48 [uA] (27.0% of spec range), exceeding moderate-drift threshold of 20% of spec range.",MEDIUM,0.40764373689694455,False,False,24.49052544464778,11.714614084635139,24.49052544464778,12.77591136001264,13.47974444464778,False,False,False,LOW,1.2172239603001593,False,False,9.424772503829493,6.746711234321071,12.102833773337913,5.356122539016842,3.073170503829493,False,False,False,LOW,1.1241739349119326,False,False,129.897755602023,128.8592295669365,130.93628163710952,2.0770520701730106,2.1946046020230057,False,False,False
LOT_002,LOT_002_CMP_0027,HIGH,HIGH RISK — Module B predicts parameter(s) will cross specification boundary by 168h. Elevated engineering attention required.,False,False,True,True,False,4,"[HIGH] Module B predicts Iddq at 50.4 [uA] by 168h, crossing spec_max=50. | [MEDIUM] Module B 168h prediction upper bound (175.6 [uA]) crosses spec_max=50.  | [HIGH] Iddq predicted drift from 0h to 168h is 36.83 [uA] (73.7% of spec range), exceeding high-drift threshold of 60% of spec range. | [MEDIUM] Module B 168h prediction interval width (161.7 [uA]) is high relative to spec range, indicating insufficient prediction confidence.",HIGH,1.96130666012876,False,False,50.39709644195264,13.930467640762643,175.58951789570605,161.6590502549434,36.83056144195264,True,True,True,LOW,0.3482585608234813,False,False,7.857529495971271,7.028944891525026,8.686114100417514,1.6571692088924879,2.005088495971271,False,False,False,LOW,1.250339928974898,False,False,124.56527419938686,123.52674816430036,125.60380023447337,2.0770520701730106,1.2944201993868631,False,False,False
LOT_002,LOT_002_CMP_0028,HIGH,HIGH RISK — one or more strong evidence signals present. Engineering review recommended.,False,False,False,True,False,3,"[MEDIUM] Module B 168h prediction upper bound (85.77 [uA]) crosses spec_max=50.  | [HIGH] Iddq predicted drift from 0h to 168h is 33.41 [uA] (66.8% of spec range), exceeding high-drift threshold of 60% of spec range. | [MEDIUM] Module B 168h prediction interval width (72.6 [uA]) is high relative to spec range, indicating insufficient prediction confidence.",HIGH,0.6925255288055442,False,False,45.81309813949371,13.16657332590766,85.7706884691797,72.60411514327204,33.41437913949371,False,True,True,LOW,0.7654356656218058,False,False,8.159459425333765,7.187116718506756,9.131802132160773,1.9446854136540175,2.324244425333765,False,False,False,LOW,0.4954730247563718,False,False,123.1808728117998,122.14234677671331,124.21939884688629,2.077052070172982,2.1133438117998082,False,False,False
LOT_002,LOT_002_CMP_0029,HIGH,HIGH RISK — Module B predicts parameter(s) will cross specification boundary by 168h. Elevated engineering attention required.,False,False,True,True,False,4,"[HIGH] Module B predicts Iddq at 64.16 [uA] by 168h, crossing spec_max=50. | [MEDIUM] Module B 168h prediction upper bound (170.6 [uA]) crosses spec_max=50.  | [HIGH] Iddq predicted drift from 0h to 168h is 52.66 [uA] (105.3% of spec range), exceeding high-drift threshold of 60% of spec range. | [MEDIUM] Module B 168h prediction interval width (158.6 [uA]) is high relative to spec range, indicating insufficient prediction confidence.",HIGH,1.9049097783816056,False,False,64.16079083126625,12.044816181515731,170.6033708603569,158.55855467884118,52.66297583126625,True,True,True,LOW,1.0495347849252936,False,False,8.470325758456683,6.918691148205541,10.021960368707825,3.103269220502284,3.1743417584566833,False,False,False,LOW,0.8969945907515802,False,False,121.6462873318553,120.60776129676881,122.6848133669418,2.077052070172982,1.9838513318553055,False,False,False
LOT_002,LOT_002_CMP_0030,LOW,LOW RISK — all evidence signals nominal. No immediate engineering concern.,False,False,False,False,False,0,,LOW,0.05287326364726659,False,False,20.143802361747845,12.324868025734004,20.143802361747845,7.818934336013841,8.675055361747845,False,False,False,LOW,1.460352844054017,False,False,8.71668380332649,7.492498789603163,9.940868817049816,2.4483700274466536,3.222361803326489,False,False,False,LOW,1.2035029728659052,False,False,128.39099904402397,127.35247300893747,129.42952507911048,2.0770520701730106,1.293210044023965,False,False,False
LOT_002,LOT_002_CMP_0031,MEDIUM,MEDIUM RISK — elevated predicted drift present. Engineering review recommended.,False,False,False,False,True,1,"[MEDIUM] Iddq predicted drift from 0h to 168h is 11.33 [uA] (22.7% of spec range), exceeding moderate-drift threshold of 20% of spec range.",MEDIUM,0.8667483110725268,False,False,22.49882262118487,12.009897652386137,22.49882262118487,10.488924968798734,11.333080621184871,False,False,False,LOW,0.14763357283424913,False,False,7.69755504555993,7.133990719070013,8.261119372049848,1.1271286529798346,2.0521570455599303,False,False,False,LOW,1.6788543380807028,False,False,132.52166386879057,131.48313783370406,133.56018990387707,2.0770520701730106,1.9514618687905738,False,False,False
LOT_002,LOT_002_CMP_0032,MEDIUM,MEDIUM RISK — elevated predicted drift present. Engineering review recommended.,False,False,False,False,True,1,"[MEDIUM] Iddq predicted drift from 0h to 168h is 14.44 [uA] (28.9% of spec range), exceeding moderate-drift threshold of 20% of spec range.",MEDIUM,0.4982608879790498,False,False,25.438972852757036,11.668805144864006,25.438972852757036,13.77016770789303,14.439243852757036,False,False,False,LOW,1.7117182729132325,False,False,9.5605010328108,5.752929019793498,13.368073045828101,7.615144026034603,3.5428120328108,False,False,False,LOW,0.7068136535326667,False,False,123.62630981091027,122.58778377582377,124.66483584599678,2.0770520701730106,2.2442848109102727,False,False,False
LOT_002,LOT_002_CMP_0033,MEDIUM,MEDIUM RISK — elevated predicted drift present. Engineering review recommended.,False,False,False,False,True,1,"[MEDIUM] Iddq predicted drift from 0h to 168h is 10.03 [uA] (20.1% of spec range), exceeding moderate-drift threshold of 20% of spec range.",MEDIUM,1.4786459778500016,False,False,19.767784161922584,10.4735924526943,19.767784161922584,9.294191709228285,10.028473161922584,False,False,False,LOW,0.720246262471199,False,False,7.982770656620331,7.025794180464605,8.939747132776056,1.9139529523114502,1.929046656620331,False,False,False,LOW,3.4501642027277795,False,False,110.98020372596727,109.94167769088077,112.01872976105378,2.0770520701730106,1.9208747259672663,False,False,False
LOT_002,LOT_002_CMP_0034,LOW,LOW RISK — all evidence signals nominal. No immediate engineering concern.,False,False,False,False,False,0,,LOW,0.2930403647138993,False,False,20.704539691738603,11.905133423232211,20.704539691738603,8.799406268506392,9.594618691738603,False,False,False,LOW,1.3456903670067406,False,False,8.262343842597371,6.951965162027421,9.572722523167322,2.6207573611399004,2.894810842597371,False,False,False,LOW,1.8208021247899937,False,False,117.10588094078645,116.06735490569994,118.14440697587295,2.0770520701730106,2.5314529407864512,False,False,False
LOT_002,LOT_002_CMP_0035,MEDIUM,MEDIUM RISK — high prediction uncertainty present. Engineering review recommended.,False,False,False,True,False,2,"[MEDIUM] Iddq predicted drift from 0h to 168h is 16.6 [uA] (33.2% of spec range), exceeding moderate-drift threshold of 20% of spec range. | [MEDIUM] Module B 168h prediction interval width (15.77 [uA]) is high relative to spec range, indicating insufficient prediction confidence.",MEDIUM,0.9356979254730188,False,False,26.867645583235205,11.099705633142527,26.867645583235205,15.767939950092678,16.598110583235204,False,False,True,LOW,1.6269447914979032,False,False,9.5605010328108,5.752929019793498,13.368073045828101,7.615144026034603,3.4949690328107996,False,False,False,LOW,1.4268647963925072,False,False,120.52548784722043,119.48696181213393,121.56401388230694,2.0770520701730106,1.2344078472204387,False,False,False
LOT_002,LOT_002_CMP_0036,MEDIUM,MEDIUM RISK — high prediction uncertainty present. Engineering review recommended.,False,False,False,True,False,3,"[MEDIUM] Module B 168h prediction upper bound (169 [uA]) crosses spec_max=50.  | [MEDIUM] Iddq predicted drift from 0h to 168h is 26.14 [uA] (52.3% of spec range), exceeding moderate-drift threshold of 20% of spec range. | [MEDIUM] Module B 168h prediction interval width (158.9 [uA]) is high relative to spec range, indicating insufficient prediction confidence.",MEDIUM,1.8049166088346333,False,False,35.6667297604761,10.180512934869416,169.04419748691376,158.86368455204433,26.1439777604761,False,True,True,LOW,1.2887191298591567,False,False,7.237452719602319,6.604114440696464,7.870790998508174,1.26667655781171,2.182474719602319,False,False,False,LOW,0.8151266936622653,False,False,121.677290848916,120.63876481382951,122.71581688400249,2.077052070172982,2.3086548489160066,False,False,False
LOT_002,LOT_002_CMP_0037,HIGH,HIGH RISK — Module B predicts parameter(s) will cross specification boundary by 168h. Elevated engineering attention required.,False,False,True,True,False,4,"[HIGH] Module B predicts Iddq at 52.66 [uA] by 168h, crossing spec_max=50. | [MEDIUM] Module B 168h prediction upper bound (171.4 [uA]) crosses spec_max=50.  | [HIGH] Iddq predicted drift from 0h to 168h is 40.3 [uA] (80.6% of spec range), exceeding high-drift threshold of 60% of spec range. | [MEDIUM] Module B 168h prediction interval width (158.4 [uA]) is high relative to spec range, indicating insufficient prediction confidence.",HIGH,2.035840509040264,False,False,52.65553674938957,13.028561901329796,171.39207213780062,158.36351023647083,40.30396074938957,True,True,True,LOW,1.7218453823806452,False,False,8.948496281042743,5.535941499395486,12.36105106269,6.8251095632945145,2.3357932810427435,False,False,False,LOW,1.0655937408273621,False,False,125.89330324000657,124.85477720492008,126.93182927509307,2.077052070172982,1.375269240006574,False,False,False
LOT_002,LOT_002_CMP_0038,LOW,LOW RISK — all evidence signals nominal. No immediate engineering concern.,False,False,False,False,False,0,,LOW,0.4185036184994711,False,False,18.485410289020734,12.578352585166574,18.485410289020734,5.907057703854161,6.746318289020735,False,False,False,LOW,0.9717272597816838,False,False,8.98724916550303,6.265193558447137,11.709304772558923,5.444111214111786,3.08630416550303,False,False,False,LOW,0.3758399507397028,False,False,127.21239336066594,126.17386732557944,128.25091939575245,2.0770520701730106,1.8069533606659434,False,False,False
LOT_002,LOT_002_CMP_0039,HIGH,HIGH RISK — one or more strong evidence signals present. Engineering review recommended.,False,False,False,True,False,3,"[MEDIUM] Module B 168h prediction upper bound (164 [uA]) crosses spec_max=50.  | [HIGH] Iddq predicted drift from 0h to 168h is 36.83 [uA] (73.7% of spec range), exceeding high-drift threshold of 60% of spec range. | [MEDIUM] Module B 168h prediction interval width (154.5 [uA]) is high relative to spec range, indicating insufficient prediction confidence.",HIGH,2.313452817051828,False,False,45.29891117977677,9.51798024798324,164.00661721619437,154.48863696821113,36.83102917977678,False,True,True,LOW,1.488358509879445,False,False,8.022515055792717,6.73752806862575,9.307502042959683,2.5699739743339336,3.0620700557927165,False,False,False,LOW,1.4876524878263473,False,False,120.55432966242913,119.51580362734262,121.59285569751563,2.0770520701730106,2.640030662429126,False,False,False
LOT_002,LOT_002_CMP_0040,MEDIUM,MEDIUM RISK — elevated predicted drift present. Engineering review recommended.,False,False,False,False,True,1,"[MEDIUM] Iddq predicted drift from 0h to 168h is 12.25 [uA] (24.5% of spec range), exceeding moderate-drift threshold of 20% of spec range.",MEDIUM,0.36769576034705914,False,False,23.308107600514315,11.834534287168662,23.308107600514315,11.473573313345653,12.254257600514315,False,False,False,LOW,0.5756054771764358,False,False,7.7898971252392615,7.082816258402421,8.496977992076102,1.4141617336736818,2.010531125239262,False,False,False,LOW,1.3687290708007736,False,False,131.4223459547436,130.3838199196571,132.4608719898301,2.0770520701730106,1.7794619547435957,False,False,False
LOT_002,LOT_002_CMP_0041,MEDIUM,MEDIUM RISK — high prediction uncertainty present. Engineering review recommended.,False,False,False,True,False,4,"[MEDIUM] Module B 168h prediction upper bound (132.7 [uA]) crosses spec_max=50.  | [MEDIUM] Iddq predicted drift from 0h to 168h is 22.49 [uA] (45.0% of spec range), exceeding moderate-drift threshold of 20% of spec range. | [MEDIUM] Module B 168h prediction interval width (119 [uA]) is high relative to spec range, indicating insufficient prediction confidence. | [MEDIUM] Module B 168h prediction interval width (11.44 [nA]) is high relative to spec range, indicating insufficient prediction confidence.",MEDIUM,1.6491343537007606,False,False,35.3035216513712,13.650290729500645,132.69676207466222,119.04647134516158,22.492972651371197,False,True,True,MEDIUM,3.0651145715392976,False,False,11.332810559763582,5.614272429592835,17.05134868993433,11.437076260341495,4.026132559763582,False,False,True,LOW,2.530301841134126,False,False,126.00262164894076,124.96409561385425,127.04114768402727,2.0770520701730106,3.109050648940766,False,False,False
LOT_002,LOT_002_CMP_0042,MEDIUM,MEDIUM RISK — high prediction uncertainty present. Engineering review recommended.,False,False,False,True,False,3,"[MEDIUM] Module B 168h prediction upper bound (132.7 [uA]) crosses spec_max=50.  | [MEDIUM] Iddq predicted drift from 0h to 168h is 20.82 [uA] (41.6% of spec range), exceeding moderate-drift threshold of 20% of spec range. | [MEDIUM] Module B 168h prediction interval width (119 [uA]) is high relative to spec range, indicating insufficient prediction confidence.",MEDIUM,1.4194619445290027,False,False,33.61374760367365,13.650290729500645,132.69676207466222,119.04647134516158,20.815248603673652,False,True,True,LOW,1.2657300497114445,False,False,8.21073751276753,6.92655993091584,9.49491509461922,2.56835516370338,1.8340375127675301,False,False,False,LOW,0.12053637790075532,False,False,125.00422720664791,123.96570117156142,126.0427532417344,2.077052070172982,1.9073532066479117,False,False,False
LOT_002,LOT_002_CMP_0043,HIGH,HIGH RISK — Module B predicts parameter(s) will cross specification boundary by 168h. Elevated engineering attention required.,False,False,True,True,False,4,"[HIGH] Module B predicts Iddq at 60.01 [uA] by 168h, crossing spec_max=50. | [MEDIUM] Module B 168h prediction upper bound (175.6 [uA]) crosses spec_max=50.  | [HIGH] Iddq predicted drift from 0h to 168h is 47.41 [uA] (94.8% of spec range), exceeding high-drift threshold of 60% of spec range. | [MEDIUM] Module B 168h prediction interval width (162.3 [uA]) is high relative to spec range, indicating insufficient prediction confidence.",HIGH,1.6217712529642854,False,False,60.011290498080136,13.276523359385312,175.58951789570605,162.31299453632073,47.408692498080136,True,True,True,LOW,1.459210238104465,False,False,9.202605605199187,7.116572380896501,11.288638829501874,4.172066448605373,3.375561605199187,False,False,False,LOW,1.2485757031257512,False,False,131.3902200540772,130.35169401899068,132.4287460891637,2.0770520701730106,1.3830550540772037,False,False,False
LOT_002,LOT_002_CMP_0044,MEDIUM,MEDIUM RISK — elevated predicted drift present. Engineering review recommended.,False,False,False,False,True,1,"[MEDIUM] Iddq predicted drift from 0h to 168h is 10.13 [uA] (20.3% of spec range), exceeding moderate-drift threshold of 20% of spec range.",MEDIUM,0.546813546896987,False,False,21.470338505519646,12.152132983879056,21.470338505519646,9.31820552164059,10.128027505519645,False,False,False,LOW,0.8037857918026061,False,False,7.892983867006536,7.200896415441117,8.585071318571956,1.3841749031308384,1.7553028670065363,False,False,False,LOW,1.7537543500303021,False,False,118.54064577872983,117.50211974364333,119.57917181381632,2.077052070172982,1.5661597787298263,False,False,False
LOT_002,LOT_002_CMP_0045,LOW,LOW RISK — all evidence signals nominal. No immediate engineering concern.,False,False,False,False,False,0,,LOW,1.16986499629082,False,False,18.737686846659965,10.898950327436754,18.737686846659965,7.838736519223211,8.655954846659965,False,False,False,LOW,1.4332218627830453,False,False,7.976813897765652,6.768986913942265,9.18464088158904,2.415653967646775,2.8929858977656524,False,False,False,LOW,1.8519293993051835,False,False,126.35144204627042,125.31291601118392,127.38996808135693,2.0770520701730106,2.7796710462704226,False,False,False
LOT_002,LOT_002_CMP_0046,HIGH,HIGH RISK — Module B predicts parameter(s) will cross specification boundary by 168h. Elevated engineering attention required.,False,False,True,True,False,4,"[HIGH] Module B predicts Iddq at 92.68 [uA] by 168h, crossing spec_max=50. | [MEDIUM] Module B 168h prediction upper bound (169.5 [uA]) crosses spec_max=50.  | [HIGH] Iddq predicted drift from 0h to 168h is 82.62 [uA] (165.2% of spec range), exceeding high-drift threshold of 60% of spec range. | [MEDIUM] Module B 168h prediction interval width (158.9 [uA]) is high relative to spec range, indicating insufficient prediction confidence.",HIGH,2.164001677376223,False,False,92.67594693814266,10.655126797141794,169.5338632884698,158.878736491328,82.61500493814266,True,True,True,LOW,1.363542352887203,False,False,7.148602987761613,6.51711634688112,7.780089628642107,1.2629732817609867,2.132339987761613,False,False,False,LOW,1.4574429324954066,False,False,125.00625458666032,123.96772855157383,126.04478062174681,2.077052070172982,1.191781586660312,False,False,False
LOT_002,LOT_002_CMP_0047,HIGH,HIGH RISK — Module B predicts parameter(s) will cross specification boundary by 168h. Elevated engineering attention required.,False,False,True,True,False,4,"[HIGH] Module B predicts Iddq at 53.19 [uA] by 168h, crossing spec_max=50. | [MEDIUM] Module B 168h prediction upper bound (170.6 [uA]) crosses spec_max=50.  | [HIGH] Iddq predicted drift from 0h to 168h is 41.21 [uA] (82.4% of spec range), exceeding high-drift threshold of 60% of spec range. | [MEDIUM] Module B 168h prediction interval width (157.9 [uA]) is high relative to spec range, indicating insufficient prediction confidence.",HIGH,2.570024764239801,False,False,53.186936399536606,12.639532041565486,170.5637313890353,157.92419934746982,41.207438399536606,True,True,True,LOW,0.709691940934894,False,False,7.89350870208082,7.204251012354042,8.582766391807597,1.378515379453555,1.8045137020808202,False,False,False,LOW,0.32635857839983673,False,False,125.67540512744243,124.63687909235594,126.71393116252892,2.077052070172982,1.7331911274424243,False,False,False
LOT_002,LOT_002_CMP_0048,LOW,LOW RISK — all evidence signals nominal. No immediate engineering concern.,False,False,False,False,False,0,,LOW,0.5500337647003126,False,False,17.691849292697423,12.65912448595616,17.691849292697423,5.032724806741264,5.915181292697422,False,False,False,LOW,0.18026812239820217,False,False,7.755486437734885,7.159901535336235,8.351071340133535,1.1911698047972994,1.9742684377348851,False,False,False,LOW,2.6076225989914303,False,False,135.8271425467541,134.78861651166758,136.8656685818406,2.0770520701730106,2.455496546754091,False,False,False
LOT_002,LOT_002_CMP_0049,MEDIUM,MEDIUM RISK — high prediction uncertainty present. Engineering review recommended.,False,False,False,True,False,3,"[MEDIUM] Module B 168h prediction upper bound (85.44 [uA]) crosses spec_max=50.  | [MEDIUM] Iddq predicted drift from 0h to 168h is 13.27 [uA] (26.5% of spec range), exceeding moderate-drift threshold of 20% of spec range. | [MEDIUM] Module B 168h prediction interval width (71.78 [uA]) is high relative to spec range, indicating insufficient prediction confidence.",MEDIUM,1.269907872628949,False,False,26.318578060739725,13.664005024500645,85.43930344458182,71.77529842008119,13.269873060739725,False,True,True,LOW,1.47875273986223,False,False,10.166769349198994,6.6881547788176,13.645383919580388,6.957229140762788,3.8641923491989933,False,False,False,LOW,0.1744404634338014,False,False,125.94466474411126,124.90613870902476,126.98319077919777,2.0770520701730106,1.973073744111261,False,False,False
LOT_002,LOT_002_CMP_0050,MEDIUM,MEDIUM RISK — high prediction uncertainty present. Engineering review recommended.,False,False,False,True,False,3,"[MEDIUM] Module B 168h prediction upper bound (75.42 [uA]) crosses spec_max=50.  | [MEDIUM] Iddq predicted drift from 0h to 168h is 22.09 [uA] (44.2% of spec range), exceeding moderate-drift threshold of 20% of spec range. | [MEDIUM] Module B 168h prediction interval width (62 [uA]) is high relative to spec range, indicating insufficient prediction confidence.",MEDIUM,0.9352956842684298,False,False,34.809012714139485,13.423157326506198,75.41901866820777,61.99586134170157,22.092829714139484,False,True,True,LOW,1.253320526037186,False,False,9.085523361891495,7.308477767160702,10.862568956622287,3.5540911894615848,2.9770283618914952,False,False,False,LOW,3.2940453893744164,False,False,140.0825302449553,139.0440042098688,141.1210562800418,2.0770520701730106,1.3102512449553103,False,False,False
LOT_003,LOT_003_CMP_0001,MEDIUM,MEDIUM RISK — high prediction uncertainty present. Engineering review recommended.,False,False,False,True,False,3,"[MEDIUM] Module B 168h prediction upper bound (167.2 [uA]) crosses spec_max=50.  | [MEDIUM] Iddq predicted drift from 0h to 168h is 25.99 [uA] (52.0% of spec range), exceeding moderate-drift threshold of 20% of spec range. | [MEDIUM] Module B 168h prediction interval width (157.4 [uA]) is high relative to spec range, indicating insufficient prediction confidence.",MEDIUM,1.5440523342768373,False,False,34.931793541014244,9.782065521523242,167.16886325948462,157.3867977379614,25.991530541014242,False,True,True,LOW,0.3220164992625095,False,False,7.3783004354932915,5.987452296554823,8.76914857443176,2.7816962778769376,2.584903435493292,False,False,False,LOW,0.21121266842988373,False,False,122.52749791378675,121.48897187870026,123.56602394887324,2.077052070172982,1.8808239137867417,False,False,False
LOT_003,LOT_003_CMP_0002,LOW,LOW RISK — all evidence signals nominal. No immediate engineering concern.,False,False,False,False,False,0,,LOW,1.1374186165476412,False,False,14.533506635842347,9.593236247983242,14.533506635842347,4.940270387859105,5.942451635842346,False,False,False,LOW,2.2442715848045913,False,False,7.014835506997031,5.410721006432835,8.618950007561226,3.208229001128391,2.622745506997031,False,False,False,LOW,1.2866872049931237,False,False,124.96989415331456,123.93136811822805,126.00842018840106,2.0770520701730106,1.3227701533145506,False,False,False
LOT_003,LOT_003_CMP_0003,MEDIUM,MEDIUM RISK — high prediction uncertainty present. Engineering review recommended.,False,False,False,True,False,3,"[MEDIUM] Module B 168h prediction upper bound (169 [uA]) crosses spec_max=50.  | [MEDIUM] Iddq predicted drift from 0h to 168h is 25.98 [uA] (52.0% of spec range), exceeding moderate-drift threshold of 20% of spec range. | [MEDIUM] Module B 168h prediction interval width (158.6 [uA]) is high relative to spec range, indicating insufficient prediction confidence.",MEDIUM,1.6509644860025428,False,False,35.6667297604761,10.3982111066943,169.04419748691376,158.64598638021945,25.979402760476102,False,True,True,LOW,0.5590466067603688,False,False,7.16285156839105,6.550685703649453,7.775017433132646,1.2243317294831932,2.2205395683910494,False,False,False,LOW,0.12196186636101534,False,False,122.92208335115855,121.88355731607206,123.96060938624504,2.077052070172982,1.84602335115855,False,False,False
LOT_003,LOT_003_CMP_0004,MEDIUM,MEDIUM RISK — high prediction uncertainty present. Engineering review recommended.,False,False,False,True,False,2,"[MEDIUM] Iddq predicted drift from 0h to 168h is 14.55 [uA] (29.1% of spec range), exceeding moderate-drift threshold of 20% of spec range. | [MEDIUM] Module B 168h prediction interval width (25.41 [uA]) is high relative to spec range, indicating insufficient prediction confidence.",MEDIUM,0.8828911931910062,False,False,24.596905269872245,10.870818504860237,36.283681702085474,25.412863197225235,14.545841269872245,False,False,True,LOW,0.7857785085899509,False,False,7.36874113526309,6.004080061164473,8.733402209361707,2.729322148197234,2.71054313526309,False,False,False,LOW,2.4902174572600697,False,False,124.73820004708114,123.69967401199463,125.77672608216764,2.0770520701730106,2.693011047081143,False,False,False
LOT_003,LOT_003_CMP_0005,LOW,LOW RISK — all evidence signals nominal. No immediate engineering concern.,False,False,False,False,False,0,,LOW,1.6508252556184144,False,False,15.494839771154194,6.739922820909902,15.494839771154194,8.754916950244292,9.516637771154194,False,False,False,LOW,2.35091570380479,False,False,7.459148831485075,3.534622853191959,11.383674809778192,7.849051956586234,4.192923831485075,False,False,False,LOW,0.7776173662339563,False,False,119.59058005017239,118.5520540150859,120.62910608525888,2.077052070172982,1.540731050172397,False,False,False
LOT_003,LOT_003_CMP_0006,MEDIUM,MEDIUM RISK — high prediction uncertainty present. Engineering review recommended.,False,False,False,True,False,3,"[MEDIUM] Module B 168h prediction upper bound (162.6 [uA]) crosses spec_max=50.  | [MEDIUM] Iddq predicted drift from 0h to 168h is 29.48 [uA] (59.0% of spec range), exceeding moderate-drift threshold of 20% of spec range. | [MEDIUM] Module B 168h prediction interval width (154.9 [uA]) is high relative to spec range, indicating insufficient prediction confidence.",MEDIUM,1.6426741612634443,False,False,35.66451906576215,7.762153438018305,162.61748823693165,154.85533479891333,29.48484906576215,False,True,True,LOW,1.2516173355210256,False,False,6.100479549739007,5.164576802538903,7.036382296939111,1.871805494400208,2.2957235497390074,False,False,False,LOW,1.2324451507442535,False,False,116.45015956658162,115.41163353149511,117.48868560166812,2.0770520701730106,2.035379566581625,False,False,False
LOT_003,LOT_003_CMP_0007,LOW,LOW RISK — all evidence signals nominal. No immediate engineering concern.,False,False,False,False,False,0,,LOW,0.3467250229847203,False,False,15.371897823782385,9.85202335175324,15.371897823782385,5.519874472029144,6.346429823782385,False,False,False,LOW,1.5183312068846877,False,False,8.939339098316694,5.956380025147043,11.922298171486345,5.965918146339302,4.396365098316694,False,False,False,LOW,0.6776105010466676,False,False,127.02841233719893,125.98988630211244,128.06693837228542,2.077052070172982,1.5705613371989244,False,False,False
LOT_003,LOT_003_CMP_0008,LOW,LOW RISK — all evidence signals nominal. No immediate engineering concern.,False,False,False,False,False,0,,LOW,1.3308836169037896,False,False,11.276761238696837,8.955657406781324,11.276761238696837,2.3211038319155133,3.738674238696837,False,False,False,LOW,1.0472189591034045,False,False,6.119527581365035,5.257383458490726,6.981671704239344,1.7242882457486175,2.186357581365035,False,False,False,LOW,2.3023577699693476,False,False,136.53024488768986,135.49171885260336,137.56877092277637,2.0770520701730106,1.6788458876898744,False,False,False
LOT_003,LOT_003_CMP_0009,LOW,LOW RISK — all evidence signals nominal. No immediate engineering concern.,False,False,False,False,False,0,,LOW,1.4650888771423927,False,False,17.110002321504638,11.548499458355765,17.110002321504638,5.561502863148872,6.443163321504638,False,False,False,LOW,0.9940238733660481,False,False,8.278898943314138,6.310034536529454,10.247763350098822,3.937728813569368,3.0633109433141374,False,False,False,LOW,1.0937556216239912,False,False,117.208383630564,116.16985759547751,118.24690966565049,2.077052070172982,1.8145066305639972,False,False,False
LOT_003,LOT_003_CMP_0010,HIGH,HIGH RISK — observed measurement currently breaches reference limits. Immediate engineering review required.,True,True,False,True,False,5,"[HIGH] Observed measurement of Iddq breaches reference limit (spec_min=0.0, spec_max=50.0). value_0h=62.63, value_24h=62.71 [uA]. | [HIGH] Module B 168h prediction upper bound (97.71 [uA]) crosses spec_max=50. Also population anomalous. | [MEDIUM] Iddq population anomaly score 34.830 >= strong threshold 6.0. | [MEDIUM] Iddq predicted drift from 0h to 168h is -19.73 [uA] (39.5% of spec range), exceeding moderate-drift threshold of 20% of spec range. | [MEDIUM] Module B 168h prediction interval width (83.75 [uA]) is high relative to spec range, indicating insufficient prediction confidence.",HIGH,34.83018985165812,True,True,42.89169060939713,13.965079129450643,97.71272331309788,83.74764418364724,-19.73462839060287,False,True,True,LOW,0.8133154061043562,False,False,9.039667650600087,6.624174724319445,11.45516057688073,4.830985852561284,4.174678650600088,False,False,False,LOW,1.709736655878176,False,False,124.93474917998316,123.89622314489665,125.97327521506966,2.0770520701730106,1.1696701799831573,False,False,False
LOT_003,LOT_003_CMP_0011,MEDIUM,MEDIUM RISK — elevated predicted drift present. Engineering review recommended.,False,False,False,False,True,1,"[MEDIUM] Iddq predicted drift from 0h to 168h is 10.68 [uA] (21.4% of spec range), exceeding moderate-drift threshold of 20% of spec range.",MEDIUM,1.5651518219562282,False,False,16.931412974627122,7.077214367419944,20.735617469293828,13.658403101873883,10.684717974627123,False,False,False,LOW,2.206005935698985,False,False,6.02036235353843,4.562150148795039,7.478574558281821,2.9164244094867815,2.81520435353843,False,False,False,LOW,1.822532783664155,False,False,114.90043799123072,113.86191195614421,115.93896402631722,2.0770520701730106,2.512238991230717,False,False,False
LOT_003,LOT_003_CMP_0012,MEDIUM,MEDIUM RISK — elevated predicted drift present. Engineering review recommended.,False,False,False,False,True,1,"[MEDIUM] Iddq predicted drift from 0h to 168h is 12.56 [uA] (25.1% of spec range), exceeding moderate-drift threshold of 20% of spec range.",MEDIUM,1.0129953634697828,False,False,19.522524718871917,7.950324900781304,19.522524718871917,11.572199818090613,12.563245718871917,False,False,False,LOW,0.6440027559568273,False,False,6.2844813329548925,5.535905628029376,7.033057037880409,1.4971514098510337,2.097989332954892,False,False,False,LOW,0.3343865642279707,False,False,124.04548360066485,123.00695756557835,125.08400963575136,2.0770520701730106,1.9160196006648533,False,False,False
LOT_003,LOT_003_CMP_0013,LOW,LOW RISK — all evidence signals nominal. No immediate engineering concern.,False,False,False,False,False,0,,LOW,2.373637755404538,False,False,12.44566883729172,6.063478762749121,12.44566883729172,6.382190074542599,7.62097783729172,False,False,False,LOW,1.627053352211166,False,False,6.058556119840725,4.133476581019234,7.983635658662216,3.8501590776429815,2.489669119840725,False,False,False,LOW,2.176103364800721,False,False,117.41830269618909,116.3797766611026,118.45682873127558,2.077052070172982,2.6247126961890928,False,False,False
LOT_003,LOT_003_CMP_0014,MEDIUM,MEDIUM RISK — elevated predicted drift present. Engineering review recommended.,False,False,False,False,True,1,"[MEDIUM] Iddq predicted drift from 0h to 168h is 10.6 [uA] (21.2% of spec range), exceeding moderate-drift threshold of 20% of spec range.",MEDIUM,0.6676421514905237,False,False,18.942953421993334,9.15694919798324,18.942953421993334,9.786004224010094,10.604363421993334,False,False,False,LOW,1.1825369809208695,False,False,8.824634914401146,5.790052583874738,11.859217244927555,6.069164661052817,4.121977914401146,False,False,False,LOW,1.5903885790549666,False,False,127.5504727723716,126.51194673728511,128.5889988074581,2.077052070172982,1.1966497723716003,False,False,False
LOT_003,LOT_003_CMP_0015,HIGH,HIGH RISK — Module B predicts parameter(s) will cross specification boundary by 168h. Elevated engineering attention required.,False,False,True,True,False,4,"[HIGH] Module B predicts Iddq at 59.6 [uA] by 168h, crossing spec_max=50. | [MEDIUM] Module B 168h prediction upper bound (164.7 [uA]) crosses spec_max=50.  | [HIGH] Iddq predicted drift from 0h to 168h is 50.89 [uA] (101.8% of spec range), exceeding high-drift threshold of 60% of spec range. | [MEDIUM] Module B 168h prediction interval width (155.2 [uA]) is high relative to spec range, indicating insufficient prediction confidence.",HIGH,2.090000674707653,False,False,59.59628476974495,9.462978897983241,164.70211709370952,155.23913819572627,50.89051576974495,True,True,True,LOW,0.6650050063142696,False,False,7.404043187247575,5.651801386047428,9.156284988447723,3.5044836024002954,2.8101171872475756,False,False,False,LOW,1.1218233189243099,False,False,129.80793341176468,128.76940737667817,130.84645944685118,2.0770520701730106,1.7818464117646897,False,False,False
LOT_003,LOT_003_CMP_0016,LOW,LOW RISK — all evidence signals nominal. No immediate engineering concern.,False,False,False,False,False,0,,LOW,0.33201247659590377,False,False,16.12217556081345,8.807938996781322,16.12217556081345,7.314236564032127,8.11584256081345,False,False,False,LOW,1.30611285169068,False,False,6.197359753862231,5.304208413645918,7.090511094078543,1.786302680432625,2.4268407538622307,False,False,False,LOW,0.6643681316656267,False,False,123.11167887470731,122.0731528396208,124.15020490979381,2.0770520701730106,2.041418874707304,False,False,False
LOT_003,LOT_003_CMP_0017,LOW,LOW RISK — all evidence signals nominal. No immediate engineering concern.,False,False,False,False,False,0,,LOW,1.0586235483472357,False,False,17.072286024298133,11.053701429142528,17.072286024298133,6.018584595155605,6.791478024298133,False,False,False,LOW,0.642463442532822,False,False,6.380144885250692,5.657402329542386,7.102887440958998,1.4454851114166125,1.9166028852506916,False,False,False,LOW,1.9813223704279428,False,False,131.55205350707428,130.51352747198777,132.59057954216078,2.0770520701730106,2.466188507074264,False,False,False
LOT_003,LOT_003_CMP_0018,MEDIUM,MEDIUM RISK — elevated predicted drift present. Engineering review recommended.,False,False,False,False,True,1,"[MEDIUM] Iddq predicted drift from 0h to 168h is 13.4 [uA] (26.8% of spec range), exceeding moderate-drift threshold of 20% of spec range.",MEDIUM,1.2242929523065302,False,False,23.96611245943083,11.259661556500573,24.445266489486162,13.185604932985589,13.398885459430828,False,False,False,LOW,0.9158516097295117,False,False,8.03023070907676,5.681891315990331,10.378570102163188,4.696678786172857,2.863754709076759,False,False,False,LOW,1.5850253248503077,False,False,114.40028554229036,113.36175950720386,115.43881157737687,2.0770520701730106,1.8103885422903687,False,False,False
LOT_003,LOT_003_CMP_0019,MEDIUM,MEDIUM RISK — high prediction uncertainty present. Engineering review recommended.,False,False,False,True,False,3,"[MEDIUM] Module B 168h prediction upper bound (163.7 [uA]) crosses spec_max=50.  | [MEDIUM] Iddq predicted drift from 0h to 168h is 28.75 [uA] (57.5% of spec range), exceeding moderate-drift threshold of 20% of spec range. | [MEDIUM] Module B 168h prediction interval width (154.3 [uA]) is high relative to spec range, indicating insufficient prediction confidence.",MEDIUM,1.7762640204933018,False,False,36.969789462909084,9.381873397983242,163.66349040319488,154.28161700521164,28.746907462909085,False,True,True,LOW,2.049742316834085,False,False,8.019786798731849,6.68146377911054,9.358109818353158,2.676646039242619,3.1106727987318488,False,False,False,LOW,2.174697860015827,False,False,131.47092939287933,130.43240335779282,132.50945542796583,2.0770520701730106,0.9604973928793186,False,False,False
LOT_003,LOT_003_CMP_0020,HIGH,HIGH RISK — Module B predicts parameter(s) will cross specification boundary by 168h. Elevated engineering attention required.,False,False,True,True,False,4,"[HIGH] Module B predicts Iddq at 76.05 [uA] by 168h, crossing spec_max=50. | [MEDIUM] Module B 168h prediction upper bound (143 [uA]) crosses spec_max=50.  | [HIGH] Iddq predicted drift from 0h to 168h is 70.28 [uA] (140.6% of spec range), exceeding high-drift threshold of 60% of spec range. | [MEDIUM] Module B 168h prediction interval width (135.7 [uA]) is high relative to spec range, indicating insufficient prediction confidence.",HIGH,1.9767902528481998,False,False,76.05388362404364,7.342068080121901,143.0289608079334,135.6868927278115,70.27682462404364,True,True,True,LOW,2.721253345145325,False,False,5.900619188134642,4.677050515735608,7.1241878605336755,2.447137344798067,3.019167188134642,False,False,False,LOW,1.036400005669495,False,False,119.82585608523175,118.78733005014524,120.86438212031825,2.0770520701730106,1.445481085231748,False,False,False
LOT_003,LOT_003_CMP_0021,MEDIUM,MEDIUM RISK — elevated predicted drift present. Engineering review recommended.,False,False,False,False,True,1,"[MEDIUM] Iddq predicted drift from 0h to 168h is 12.98 [uA] (26.0% of spec range), exceeding moderate-drift threshold of 20% of spec range.",MEDIUM,0.6154324319000558,False,False,22.41559474179867,10.284759027614603,22.41559474179867,12.130835714184068,12.97707674179867,False,False,False,LOW,0.8163665058988557,False,False,7.237452719602319,6.604114440696464,7.870790998508174,1.26667655781171,2.212624719602319,False,False,False,LOW,1.3739137592490223,False,False,130.987085932566,129.9485598974795,132.0256119676525,2.0770520701730106,1.5035269325659897,False,False,False
LOT_003,LOT_003_CMP_0022,MEDIUM,MEDIUM RISK — elevated predicted drift present. Engineering review recommended.,False,False,False,False,True,1,"[MEDIUM] Iddq predicted drift from 0h to 168h is 12.47 [uA] (24.9% of spec range), exceeding moderate-drift threshold of 20% of spec range.",MEDIUM,0.6667581510017834,False,False,22.06227813518437,10.430010256408108,22.06227813518437,11.632267878776263,12.47261613518437,False,False,False,LOW,2.111842303818684,False,False,7.993813119078497,6.7873511728287745,9.200275065328219,2.4129238924994443,2.865802119078497,False,False,False,LOW,0.8667170752651311,False,False,118.46880058410039,117.43027454901389,119.5073266191869,2.0770520701730106,1.9395475841003957,False,False,False
LOT_003,LOT_003_CMP_0023,MEDIUM,MEDIUM RISK — high prediction uncertainty present. Engineering review recommended.,False,False,False,True,False,2,"[MEDIUM] Iddq predicted drift from 0h to 168h is 10 [uA] (20.0% of spec range), exceeding moderate-drift threshold of 20% of spec range. | [MEDIUM] Module B 168h prediction interval width (26.28 [uA]) is high relative to spec range, indicating insufficient prediction confidence.",MEDIUM,1.12146258057719,False,False,19.342714969556486,10.00783666511954,36.283681702085474,26.275845036965933,10.004533969556485,False,False,True,LOW,1.6897799155264464,False,False,7.402738883093082,5.298693171442537,9.506784594743626,4.20809142330109,2.7732088830930817,False,False,False,LOW,0.6354052779241782,False,False,120.05494382931184,119.01641779422533,121.09346986439834,2.0770520701730106,1.6285638293118438,False,False,False
LOT_003,LOT_003_CMP_0024,MEDIUM,MEDIUM RISK — high prediction uncertainty present. Engineering review recommended.,False,False,False,True,False,3,"[MEDIUM] Module B 168h prediction upper bound (139.2 [uA]) crosses spec_max=50.  | [MEDIUM] Iddq predicted drift from 0h to 168h is 19.63 [uA] (39.3% of spec range), exceeding moderate-drift threshold of 20% of spec range. | [MEDIUM] Module B 168h prediction interval width (128.1 [uA]) is high relative to spec range, indicating insufficient prediction confidence.",MEDIUM,1.4725624791636471,False,False,29.97769389761242,11.053701429142528,139.17503844691376,128.12133701777122,19.627302897612417,False,True,True,LOW,0.9543870084638445,False,False,7.459814665741414,6.124291427596136,8.795337903886692,2.671046476290556,2.2691286657414134,False,False,False,LOW,1.72978943950991,False,False,126.13114583409082,125.09261979900432,127.16967186917731,2.077052070172982,2.4087558340908117,False,False,False
LOT_003,LOT_003_CMP_0025,MEDIUM,MEDIUM RISK — elevated predicted drift present. Engineering review recommended.,False,False,False,False,True,1,"[MEDIUM] Iddq predicted drift from 0h to 168h is 11.07 [uA] (22.1% of spec range), exceeding moderate-drift threshold of 20% of spec range.",MEDIUM,1.0306700210593842,False,False,18.04243490869341,7.950324900781304,18.04243490869341,10.092110007912105,11.073874908693409,False,False,False,LOW,1.3172088683803298,False,False,7.575887949980896,4.632884042946406,10.518891857015387,5.88600781406898,3.6160449499808967,False,False,False,LOW,1.8615049598577487,False,False,121.1224726744587,120.08394663937221,122.1609987095452,2.077052070172982,2.487652674458701,False,False,False
LOT_003,LOT_003_CMP_0026,LOW,LOW RISK — all evidence signals nominal. No immediate engineering concern.,False,False,False,False,False,0,,LOW,1.94651692270517,False,False,20.20479437445522,12.324868025734004,20.20479437445522,7.879926348721215,8.744760374455218,False,False,False,LOW,1.1680332438920582,False,False,7.634687249004106,6.997446552486743,8.271927945521469,1.2744813930347263,2.3097772490041057,False,False,False,LOW,1.1522816180747706,False,False,129.81265250734458,128.77412647225808,130.8511785424311,2.0770520701730106,1.6104695073445896,False,False,False
LOT_003,LOT_003_CMP_0027,MEDIUM,MEDIUM RISK — elevated predicted drift present. Engineering review recommended.,False,False,False,False,True,1,"[MEDIUM] Iddq predicted drift from 0h to 168h is 12.18 [uA] (24.4% of spec range), exceeding moderate-drift threshold of 20% of spec range.",MEDIUM,0.7497123069660194,False,False,19.522524718871917,8.251999400781322,19.522524718871917,11.270525318090595,12.176043718871917,False,False,False,LOW,1.8109769143035719,False,False,8.483525327130295,5.28866530273827,11.67838535152232,6.389720048784049,4.797558327130295,False,False,False,LOW,0.7159135903000786,False,False,127.31393093936859,126.27540490428208,128.3524569744551,2.0770520701730106,1.6346289393685822,False,False,False
LOT_003,LOT_003_CMP_0028,MEDIUM,MEDIUM RISK — elevated predicted drift present. Engineering review recommended.,False,False,False,False,True,1,"[MEDIUM] Iddq predicted drift from 0h to 168h is 10.02 [uA] (20.0% of spec range), exceeding moderate-drift threshold of 20% of spec range.",MEDIUM,0.7125540246706085,False,False,19.767784161922584,10.4735924526943,19.767784161922584,9.294191709228285,10.020997161922585,False,False,False,LOW,1.1364902452667687,False,False,6.153391670821118,5.310194408490462,6.996588933151774,1.6863945246613117,2.2763066708211177,False,False,False,LOW,1.2509267899789003,False,False,116.44054320829898,115.40201717321247,117.47906924338548,2.0770520701730106,1.7038632082989693,False,False,False
LOT_003,LOT_003_CMP_0029,HIGH,HIGH RISK — Module B predicts parameter(s) will cross specification boundary by 168h. Elevated engineering attention required.,True,False,True,True,False,5,"[HIGH] Module B predicts Iddq at 145.8 [uA] by 168h, crossing spec_max=50. | [HIGH] Module B 168h prediction upper bound (176.1 [uA]) crosses spec_max=50. Also population anomalous. | [MEDIUM] Iddq population anomaly score 5.371 >= anomaly threshold 3.5 (moderate). | [HIGH] Iddq predicted drift from 0h to 168h is 139.3 [uA] (278.6% of spec range), exceeding high-drift threshold of 60% of spec range. | [MEDIUM] Module B 168h prediction interval width (128.3 [uA]) is high relative to spec range, indicating insufficient prediction confidence.",HIGH,5.371492912190886,True,False,145.75098270963304,47.756256793248276,176.06650736539487,128.3102505721466,139.31878370963304,True,True,True,LOW,1.8058949562862328,False,False,7.626587554060268,5.863879204430642,9.389295903689893,3.5254166992592513,2.9990325540602676,False,False,False,LOW,1.7226458303767327,False,False,125.211050719225,124.1725246841385,126.2495767543115,2.0770520701730106,1.1632727192250059,False,False,False
LOT_003,LOT_003_CMP_0030,MEDIUM,MEDIUM RISK — high prediction uncertainty present. Engineering review recommended.,False,False,False,True,False,3,"[MEDIUM] Module B 168h prediction upper bound (162.6 [uA]) crosses spec_max=50.  | [MEDIUM] Iddq predicted drift from 0h to 168h is 19.3 [uA] (38.6% of spec range), exceeding moderate-drift threshold of 20% of spec range. | [MEDIUM] Module B 168h prediction interval width (154 [uA]) is high relative to spec range, indicating insufficient prediction confidence.",MEDIUM,1.5760986206904917,False,False,26.571069743027568,8.652574800781323,162.61748823693165,153.9649134361503,19.30439574302757,False,True,True,LOW,0.8700963040018893,False,False,6.614981673415498,4.3078186862297105,8.922144660601285,4.6143259743715745,2.5671896734154975,False,False,False,LOW,0.3002782768596728,False,False,121.86972866565381,120.8312026305673,122.90825470074032,2.0770520701730106,1.715786665653809,False,False,False
LOT_003,LOT_003_CMP_0031,MEDIUM,MEDIUM RISK — elevated predicted drift present. Engineering review recommended.,False,False,False,False,True,1,"[MEDIUM] Iddq predicted drift from 0h to 168h is 12.48 [uA] (25.0% of spec range), exceeding moderate-drift threshold of 20% of spec range.",MEDIUM,1.4856718669746585,False,False,23.412751070746374,11.656887599069986,23.412751070746374,11.755863471676388,12.482660070746375,False,False,False,LOW,0.7334863155820068,False,False,7.7818343811716035,6.743420820320106,8.820247942023101,2.076827121702996,2.7659043811716035,False,False,False,LOW,2.734971261635699,False,False,125.27328498475525,124.23475894966876,126.31181101984174,2.077052070172982,2.7783839847552514,False,False,False
LOT_003,LOT_003_CMP_0032,LOW,LOW RISK — all evidence signals nominal. No immediate engineering concern.,False,False,False,False,False,0,,LOW,0.6881408311536391,False,False,13.82542614169715,9.15694919798324,13.82542614169715,4.668476943713911,5.52902114169715,False,False,False,LOW,0.8948127345926459,False,False,6.603458768143878,4.407340122083072,8.799577414204684,4.392237292121612,2.5660867681438777,False,False,False,LOW,1.2933299236371938,False,False,116.10949896301177,115.07097292792528,117.14802499809826,2.077052070172982,2.0467269630117784,False,False,False
LOT_003,LOT_003_CMP_0033,MEDIUM,MEDIUM RISK — elevated predicted drift present. Engineering review recommended.,False,False,False,False,True,1,"[MEDIUM] Iddq predicted drift from 0h to 168h is 10.66 [uA] (21.3% of spec range), exceeding moderate-drift threshold of 20% of spec range.",MEDIUM,0.7371589557075567,False,False,20.457166662994112,10.5773474626943,20.457166662994112,9.879819200299812,10.660106662994112,False,False,False,LOW,0.28991958412505386,False,False,6.273325336371383,5.26074713749838,7.285903535244386,2.025156397746006,1.8643793363713828,False,False,False,LOW,2.3119280518908836,False,False,128.02980196999405,126.99127593490755,129.06832800508056,2.0770520701730106,2.6079179699940482,False,False,False
LOT_003,LOT_003_CMP_0034,MEDIUM,MEDIUM RISK — high prediction uncertainty present. Engineering review recommended.,False,False,False,True,False,1,"[MEDIUM] Module B 168h prediction interval width (26.35 [uA]) is high relative to spec range, indicating insufficient prediction confidence.",MEDIUM,1.0377385600644573,False,False,18.645082525547046,9.93740581361954,36.283681702085474,26.346275888465932,9.490194525547047,False,False,True,LOW,0.033119351397081304,False,False,6.489519546769453,5.696820237929504,7.282218855609402,1.585398617679898,1.9012675467694535,False,False,False,LOW,1.9856945641774857,False,False,112.36505639994284,111.32653036485635,113.40358243502934,2.077052070172982,1.5934893999428397,False,False,False
LOT_003,LOT_003_CMP_0035,LOW,LOW RISK — all evidence signals nominal. No immediate engineering concern.,False,False,False,False,False,0,,LOW,0.23135735947653818,False,False,14.96709593647661,9.525779597983242,14.96709593647661,5.441316338493369,6.383202936476611,False,False,False,LOW,0.6190446786270329,False,False,6.06580113703763,5.353291239982947,6.7783110340923125,1.4250197941093656,1.8636291370376297,False,False,False,LOW,1.1815327293324676,False,False,126.40984355039677,125.37131751531027,127.44836958548328,2.0770520701730106,2.2083265503967766,False,False,False
LOT_003,LOT_003_CMP_0036,MEDIUM,MEDIUM RISK — elevated predicted drift present. Engineering review recommended.,False,False,False,False,True,1,"[MEDIUM] Iddq predicted drift from 0h to 168h is 10.1 [uA] (20.2% of spec range), exceeding moderate-drift threshold of 20% of spec range.",MEDIUM,1.38555194681858,False,False,20.607318612728626,11.284064800528649,20.607318612728626,9.323253812199978,10.099512612728626,False,False,False,LOW,1.2419000955250228,False,False,7.669097936508483,6.921012882622324,8.417182990394643,1.4961701077723193,2.335718936508483,False,False,False,LOW,0.7530871344567294,False,False,119.24620724116474,118.20768120607823,120.28473327625125,2.0770520701730106,1.7415232411647423,False,False,False
LOT_003,LOT_003_CMP_0037,LOW,LOW RISK — all evidence signals nominal. No immediate engineering concern.,False,False,False,False,False,0,,LOW,0.5898493782537756,False,False,15.628078561240377,9.38772289798324,15.628078561240377,6.240355663257137,7.129305561240377,False,False,False,LOW,0.41858600892937997,False,False,7.310576145036384,6.416271988164885,8.204880301907883,1.7886083137429978,2.4779501450363837,False,False,False,LOW,1.3533575616279343,False,False,124.7700393434283,123.73151330834179,125.8085653785148,2.0770520701730106,1.2998513434283012,False,False,False
LOT_003,LOT_003_CMP_0038,MEDIUM,MEDIUM RISK — high prediction uncertainty present. Engineering review recommended.,False,False,False,True,False,2,"[MEDIUM] Iddq predicted drift from 0h to 168h is 11.23 [uA] (22.5% of spec range), exceeding moderate-drift threshold of 20% of spec range. | [MEDIUM] Module B 168h prediction interval width (25.11 [uA]) is high relative to spec range, indicating insufficient prediction confidence.",MEDIUM,1.5314981706558186,False,False,17.58911696264707,7.203335233935348,32.31829561934629,25.11496038541094,11.230684962647068,False,False,True,LOW,0.832638387489439,False,False,6.223715236086301,5.466757173409311,6.980673298763291,1.5139161253539797,2.1557342360863014,False,False,False,LOW,0.5690251494091135,False,False,120.19454415090387,119.15601811581737,121.23307018599036,2.077052070172982,1.9441721509038672,False,False,False
LOT_003,LOT_003_CMP_0039,MEDIUM,MEDIUM RISK — elevated predicted drift present. Engineering review recommended.,False,False,False,False,True,1,"[MEDIUM] Iddq predicted drift from 0h to 168h is 12.87 [uA] (25.7% of spec range), exceeding moderate-drift threshold of 20% of spec range.",MEDIUM,0.6122178571928366,False,False,20.44444883718357,8.538774156781322,20.44444883718357,11.90567468040225,12.872181837183572,False,False,False,LOW,0.09027247434196438,False,False,6.440912242321193,5.699943835332463,7.181880649309924,1.4819368139774607,1.9065372423211935,False,False,False,LOW,0.8883305054596958,False,False,128.38457604224828,127.34605000716178,129.4231020773348,2.0770520701730106,1.7084380422482894,False,False,False
LOT_003,LOT_003_CMP_0040,MEDIUM,MEDIUM RISK — high prediction uncertainty present. Engineering review recommended.,False,False,False,True,False,2,"[MEDIUM] Iddq predicted drift from 0h to 168h is 17.3 [uA] (34.6% of spec range), exceeding moderate-drift threshold of 20% of spec range. | [MEDIUM] Module B 168h prediction interval width (16.44 [uA]) is high relative to spec range, indicating insufficient prediction confidence.",MEDIUM,0.650396516072049,False,False,26.72456981153057,10.284759027614603,26.72456981153057,16.439810783915966,17.29578281153057,False,False,True,LOW,1.8516807030447195,False,False,9.803248904430458,6.4243422753255945,13.18215553353532,6.757813258209726,4.080735904430457,False,False,False,LOW,0.5312595888134032,False,False,124.84368693146618,123.80516089637968,125.88221296655269,2.0770520701730106,1.9824029314661828,False,False,False
LOT_003,LOT_003_CMP_0041,MEDIUM,MEDIUM RISK — high prediction uncertainty present. Engineering review recommended.,False,False,False,True,False,3,"[MEDIUM] Module B 168h prediction upper bound (139.5 [uA]) crosses spec_max=50.  | [MEDIUM] Iddq predicted drift from 0h to 168h is 21.89 [uA] (43.8% of spec range), exceeding moderate-drift threshold of 20% of spec range. | [MEDIUM] Module B 168h prediction interval width (129.3 [uA]) is high relative to spec range, indicating insufficient prediction confidence.",MEDIUM,1.253090843667037,False,False,31.36495474863297,10.237942044169415,139.51205435691375,129.27411231274434,21.88668974863297,False,True,True,LOW,0.6180257694153598,False,False,7.507218602508947,4.003215790778677,11.011221414239216,7.008005623460539,3.122631602508947,False,False,False,LOW,1.3674500563184018,False,False,121.43741096164277,120.39888492655626,122.47593699672927,2.0770520701730106,1.3154779616427703,False,False,False
LOT_003,LOT_003_CMP_0042,MEDIUM,MEDIUM RISK — high prediction uncertainty present. Engineering review recommended.,False,False,False,True,False,3,"[MEDIUM] Module B 168h prediction upper bound (137.5 [uA]) crosses spec_max=50.  | [MEDIUM] Iddq predicted drift from 0h to 168h is 28.35 [uA] (56.7% of spec range), exceeding moderate-drift threshold of 20% of spec range. | [MEDIUM] Module B 168h prediction interval width (130 [uA]) is high relative to spec range, indicating insufficient prediction confidence.",MEDIUM,1.4266559673922807,False,False,35.00162101620697,7.529206053831604,137.50985514324339,129.98064908941177,28.350094016206967,False,True,True,LOW,0.7534999533848415,False,False,6.206886610292434,5.411163494111809,7.002609726473059,1.5914462323612497,2.089186610292434,False,False,False,LOW,1.0212918231089971,False,False,117.53191383684569,116.49338780175918,118.5704398719322,2.0770520701730106,1.8910458368456915,False,False,False
LOT_003,LOT_003_CMP_0043,LOW,LOW RISK — all evidence signals nominal. No immediate engineering concern.,False,False,False,False,False,0,,LOW,0.48803686153940085,False,False,16.444182777454966,8.807938996781322,16.444182777454966,7.636243780673643,8.627564777454966,False,False,False,LOW,0.9870837205835733,False,False,7.424736417823792,5.6448659391662295,9.204606896481355,3.5597409573151255,2.679693417823792,False,False,False,LOW,0.9655889226384357,False,False,128.75206217403888,127.71353613895238,129.7905882091254,2.0770520701730106,2.0223141740388826,False,False,False
LOT_003,LOT_003_CMP_0044,LOW,LOW RISK — all evidence signals nominal. No immediate engineering concern.,False,False,False,False,False,0,,LOW,0.37080038316887165,False,False,16.12217556081345,8.807938996781322,16.12217556081345,7.314236564032127,8.19314656081345,False,False,False,LOW,2.1603326532341107,False,False,8.022515055792717,6.73752806862575,9.307502042959683,2.5699739743339336,3.062582055792716,False,False,False,LOW,0.8054278871997381,False,False,124.87176927742377,123.83324324233726,125.91029531251027,2.0770520701730106,1.4977952774237622,False,False,False
LOT_003,LOT_003_CMP_0045,HIGH,HIGH RISK — Module B predicts parameter(s) will cross specification boundary by 168h. Elevated engineering attention required.,False,False,True,True,False,4,"[HIGH] Module B predicts Iddq at 59.73 [uA] by 168h, crossing spec_max=50. | [MEDIUM] Module B 168h prediction upper bound (163.3 [uA]) crosses spec_max=50.  | [HIGH] Iddq predicted drift from 0h to 168h is 51.57 [uA] (103.1% of spec range), exceeding high-drift threshold of 60% of spec range. | [MEDIUM] Module B 168h prediction interval width (154 [uA]) is high relative to spec range, indicating insufficient prediction confidence.",HIGH,1.7151964353976954,False,False,59.72683779799775,9.319072697983241,163.30757965403947,153.98850695605623,51.573074797997755,True,True,True,LOW,1.1782584153695208,False,False,6.182000642133271,5.302046618016834,7.061954666249709,1.7599080482328748,2.3311566421332715,False,False,False,LOW,1.6052811879258249,False,False,120.06084077907445,119.02231474398795,121.09936681416096,2.0770520701730106,2.401398779074455,False,False,False
LOT_003,LOT_003_CMP_0046,MEDIUM,MEDIUM RISK — elevated predicted drift present. Engineering review recommended.,False,False,False,False,True,1,"[MEDIUM] Iddq predicted drift from 0h to 168h is 14.67 [uA] (29.3% of spec range), exceeding moderate-drift threshold of 20% of spec range.",MEDIUM,1.1897911453431886,False,False,21.354861449615267,7.6298431380183045,21.354861449615267,13.725018311596962,14.667464449615267,False,False,False,LOW,0.8166352937729999,False,False,6.206377191562441,5.452577060420086,6.960177322704797,1.5076002622847113,2.1283421915624414,False,False,False,LOW,0.5660658115495645,False,False,120.1794452246881,119.14091918960159,121.2179712597746,2.0770520701730106,1.85679322468809,False,False,False
LOT_003,LOT_003_CMP_0047,HIGH,HIGH RISK — one or more strong evidence signals present. Engineering review recommended.,False,False,False,True,False,3,"[MEDIUM] Module B 168h prediction upper bound (167 [uA]) crosses spec_max=50.  | [HIGH] Iddq predicted drift from 0h to 168h is 30.08 [uA] (60.2% of spec range), exceeding high-drift threshold of 60% of spec range. | [MEDIUM] Module B 168h prediction interval width (158.5 [uA]) is high relative to spec range, indicating insufficient prediction confidence.",HIGH,1.7519866872131116,False,False,38.079058117821084,8.538774156781322,167.0419982732434,158.50322411646206,30.076155117821084,False,True,True,LOW,0.7631984451265569,False,False,7.800511839972045,6.752001341314292,8.849022338629798,2.0970209973155054,2.786749839972045,False,False,False,LOW,1.6272350126345292,False,False,114.53269645608911,113.49417042100262,115.5712224911756,2.077052070172982,2.4004114560891168,False,False,False
LOT_003,LOT_003_CMP_0048,LOW,LOW RISK — all evidence signals nominal. No immediate engineering concern.,False,False,False,False,False,0,,LOW,0.6574562789335824,False,False,12.027998897570795,8.538774156781322,12.027998897570795,3.4892247407894725,4.431475897570794,False,False,False,LOW,1.4765975516514,False,False,7.347757473142378,5.184081543086942,9.511433403197815,4.327351860110873,2.6869984731423786,False,False,False,LOW,0.27739621612501103,False,False,123.70081789299371,122.6622918579072,124.73934392808022,2.0770520701730106,1.696445892993708,False,False,False
LOT_003,LOT_003_CMP_0049,LOW,LOW RISK — all evidence signals nominal. No immediate engineering concern.,False,False,False,False,False,0,,LOW,0.8053111767359533,False,False,17.701350563412838,10.6649884190983,17.701350563412838,7.036362144314538,8.042110563412837,False,False,False,LOW,1.4209751361548086,False,False,7.271863407106696,6.508966858030911,8.03475995618248,1.5257930981515688,2.2689154071066957,False,False,False,LOW,1.0726665519488339,False,False,117.52839250733719,116.4898664722507,118.56691854242368,2.077052070172982,1.647647507337183,False,False,False
LOT_003,LOT_003_CMP_0050,LOW,LOW RISK — all evidence signals nominal. No immediate engineering concern.,False,False,False,False,False,0,,LOW,0.8378661103569781,False,False,18.49491155973615,10.658275189067169,18.49491155973615,7.83663637066898,8.73815055973615,False,False,False,LOW,0.8244706889492367,False,False,7.22327666821274,6.417624995224536,8.028928341200944,1.611303345976408,2.3647456682127395,False,False,False,LOW,1.4439502088511385,False,False,129.29818128973847,128.25965525465196,130.33670732482497,2.0770520701730106,2.2854602897384666,False,False,False
LOT_004,LOT_004_CMP_0001,HIGH,HIGH RISK — Module B predicts parameter(s) will cross specification boundary by 168h. Elevated engineering attention required.,False,False,True,True,False,4,"[HIGH] Module B predicts Iddq at 69.86 [uA] by 168h, crossing spec_max=50. | [MEDIUM] Module B 168h prediction upper bound (167 [uA]) crosses spec_max=50.  | [HIGH] Iddq predicted drift from 0h to 168h is 59.59 [uA] (119.2% of spec range), exceeding high-drift threshold of 60% of spec range. | [MEDIUM] Module B 168h prediction interval width (155.9 [uA]) is high relative to spec range, indicating insufficient prediction confidence.",HIGH,2.00466280954801,False,False,69.85509329509506,11.124108877170602,167.0097634258844,155.88565454871377,59.58646829509506,True,True,True,LOW,1.7548914205255344,False,False,7.858253877279152,6.714010598081679,9.002497156476624,2.2884865583949443,2.6326778772791517,False,False,False,LOW,1.0234943277249162,False,False,118.30203595591053,117.26350992082402,119.34056199099703,2.0770520701730106,2.377763955910524,False,False,False
LOT_004,LOT_004_CMP_0002,LOW,LOW RISK — all evidence signals nominal. No immediate engineering concern.,False,False,False,False,False,0,,LOW,0.7443911987095387,False,False,18.975054220707637,10.957972804860237,18.975054220707637,8.0170814158474,8.902331220707637,False,False,False,LOW,1.7781201647518632,False,False,7.263131769599466,4.9493989387075015,9.576864600491431,4.62746566178393,2.659281769599466,False,False,False,LOW,0.7295590111976711,False,False,121.92041012486654,120.88188408978004,122.95893615995303,2.077052070172982,2.1888971248665285,False,False,False
LOT_004,LOT_004_CMP_0003,MEDIUM,"MEDIUM RISK — population outlier, elevated predicted drift present. Engineering review recommended.",True,False,False,False,True,2,"[MEDIUM] Iddq predicted drift from 0h to 168h is 13.1 [uA] (26.2% of spec range), exceeding moderate-drift threshold of 20% of spec range. | [MEDIUM] propagation_delay population anomaly score 3.674 >= anomaly threshold 3.5 (moderate).",MEDIUM,0.9106542151654927,False,False,23.950844451034563,11.771014121782672,23.950844451034563,12.17983032925189,13.099100451034563,False,False,False,LOW,0.565989701774153,False,False,7.237452719602319,6.604114440696464,7.870790998508174,1.26667655781171,2.1944987196023193,False,False,False,MEDIUM,3.6743557926912462,True,False,135.693591740817,134.6550657057305,136.7321177759035,2.0770520701730106,2.3433257408169936,False,False,False
LOT_004,LOT_004_CMP_0004,LOW,LOW RISK — all evidence signals nominal. No immediate engineering concern.,False,False,False,False,False,0,,LOW,0.5861123583797029,False,False,19.18701271084564,12.375513285734003,19.18701271084564,6.811499425111636,7.63599971084564,False,False,False,LOW,1.128111721367256,False,False,8.686439101373674,6.322848171294799,11.050030031452549,4.727181860157749,3.547557101373674,False,False,False,LOW,2.6822636789175376,False,False,129.9164577814533,128.87793174636678,130.9549838165398,2.0770520701730106,1.1543037814532795,False,False,False
LOT_004,LOT_004_CMP_0005,MEDIUM,MEDIUM RISK — elevated predicted drift present. Engineering review recommended.,False,False,False,False,True,1,"[MEDIUM] Iddq predicted drift from 0h to 168h is 13.5 [uA] (27.0% of spec range), exceeding moderate-drift threshold of 20% of spec range.",MEDIUM,0.190846309600909,False,False,24.49052544464778,11.714614084635139,24.49052544464778,12.77591136001264,13.49705044464778,False,False,False,LOW,0.15207868023924279,False,False,7.508732662338331,5.2655937586664265,9.751871566010236,4.486277807343809,2.813796662338331,False,False,False,LOW,2.095490331686037,False,False,127.56297100393334,126.52444496884684,128.60149703901985,2.0770520701730106,1.514458003933342,False,False,False
LOT_004,LOT_004_CMP_0006,MEDIUM,MEDIUM RISK — elevated predicted drift present. Engineering review recommended.,False,False,False,False,True,1,"[MEDIUM] Iddq predicted drift from 0h to 168h is 10.14 [uA] (20.3% of spec range), exceeding moderate-drift threshold of 20% of spec range.",MEDIUM,0.46046759031243456,False,False,20.217776656838474,10.898950327436754,20.217776656838474,9.31882632940172,10.138044656838474,False,False,False,LOW,2.144570310138107,False,False,7.662105404259889,5.893315321343383,9.430895487176395,3.5375801658330115,3.0779214042598895,False,False,False,LOW,2.243404065428531,False,False,118.43940335102002,117.40087731593351,119.47792938610652,2.0770520701730106,0.8286223510200159,False,False,False
LOT_004,LOT_004_CMP_0007,LOW,LOW RISK — all evidence signals nominal. No immediate engineering concern.,False,False,False,False,False,0,,LOW,2.066297866445695,False,False,12.734944769249067,8.538774156781322,12.734944769249067,4.1961706124677445,5.004306769249067,False,False,False,LOW,1.1383273855760077,False,False,8.686439101373674,6.322848171294799,11.050030031452549,4.727181860157749,3.6450501013736742,False,False,False,LOW,1.350119164698281,False,False,112.4047708745216,111.3662448394351,113.44329690960811,2.0770520701730106,1.2895228745216087,False,False,False
LOT_004,LOT_004_CMP_0008,HIGH,HIGH RISK — one or more strong evidence signals present. Engineering review recommended.,False,False,False,True,False,3,"[MEDIUM] Module B 168h prediction upper bound (169 [uA]) crosses spec_max=50.  | [HIGH] Iddq predicted drift from 0h to 168h is 30.42 [uA] (60.8% of spec range), exceeding high-drift threshold of 60% of spec range. | [MEDIUM] Module B 168h prediction interval width (158.7 [uA]) is high relative to spec range, indicating insufficient prediction confidence.",HIGH,1.531997382460441,False,False,40.09820519593686,10.347763131155608,169.04419748691376,158.69643435575816,30.423637195936863,False,True,True,LOW,0.6654120944606755,False,False,6.214089485228628,5.491896269315426,6.936282701141831,1.4443864318264055,1.7983454852286282,False,False,False,LOW,1.3112751474550386,False,False,124.08363698466363,123.04511094957712,125.12216301975013,2.0770520701730106,1.6618709846636222,False,False,False
LOT_004,LOT_004_CMP_0009,MEDIUM,MEDIUM RISK — high prediction uncertainty present. Engineering review recommended.,False,False,False,True,False,2,"[MEDIUM] Iddq predicted drift from 0h to 168h is 17.35 [uA] (34.7% of spec range), exceeding moderate-drift threshold of 20% of spec range. | [MEDIUM] Module B 168h prediction interval width (25.45 [uA]) is high relative to spec range, indicating insufficient prediction confidence.",MEDIUM,0.902570660760901,False,False,28.397779667934792,11.668805144864006,37.116702973972515,25.44789782910851,17.348520667934793,False,False,True,LOW,0.6453706224383922,False,False,7.131567524099397,6.493018770040768,7.770116278158026,1.277097508117258,2.131840524099397,False,False,False,LOW,0.9047910788689949,False,False,116.26466420633184,115.22613817124534,117.30319024141835,2.0770520701730106,2.334182206331846,False,False,False
LOT_004,LOT_004_CMP_0010,LOW,LOW RISK — all evidence signals nominal. No immediate engineering concern.,False,False,False,False,False,0,,LOW,1.4520176291107207,False,False,13.431473896315643,9.776185434053241,14.383799565804528,4.607614131751287,4.659831896315643,False,False,False,LOW,0.9848998877534308,False,False,7.785234940883935,6.755668360751289,8.81480152101658,2.059133160265291,2.8430859408839355,False,False,False,LOW,1.4237216696780253,False,False,117.30164146569228,116.26311543060578,118.34016750077879,2.0770520701730106,1.2241744656922862,False,False,False
LOT_004,LOT_004_CMP_0011,LOW,LOW RISK — all evidence signals nominal. No immediate engineering concern.,False,False,False,False,False,0,,LOW,0.36378494755500335,False,False,19.224449881560094,11.905133423232211,19.224449881560094,7.319316458327883,7.973407881560094,False,False,False,LOW,0.8740610185848456,False,False,7.617688027691262,6.987480458622116,8.247895596760408,1.260415138138292,2.319518027691262,False,False,False,LOW,0.7987330426801453,False,False,121.80915498919201,120.77062895410552,122.8476810242785,2.077052070172982,1.7577339891920047,False,False,False
LOT_004,LOT_004_CMP_0012,LOW,LOW RISK — all evidence signals nominal. No immediate engineering concern.,False,False,False,False,False,0,,LOW,0.5756855745869803,False,False,20.135460118954896,12.408168672065926,20.135460118954896,7.7272914468889695,8.539988118954897,False,False,False,LOW,2.136800969065819,False,False,7.952811977826592,6.213894422933512,9.691729532719672,3.4778351097861595,3.103604977826592,False,False,False,LOW,2.5950131670598506,False,False,129.49715292914368,128.45862689405718,130.5356789642302,2.0770520701730106,1.1385049291436928,False,False,False
LOT_004,LOT_004_CMP_0013,MEDIUM,MEDIUM RISK — high prediction uncertainty present. Engineering review recommended.,False,False,False,True,False,3,"[MEDIUM] Module B 168h prediction upper bound (165.9 [uA]) crosses spec_max=50.  | [MEDIUM] Iddq predicted drift from 0h to 168h is 24.86 [uA] (49.7% of spec range), exceeding moderate-drift threshold of 20% of spec range. | [MEDIUM] Module B 168h prediction interval width (154.7 [uA]) is high relative to spec range, indicating insufficient prediction confidence.",MEDIUM,2.1424500018672856,False,False,35.053714575446485,11.124108877170602,165.8715190300844,154.74741015291377,24.860427575446487,False,True,True,LOW,1.8779340968691216,False,False,6.143321063300416,5.202875479118164,7.083766647482667,1.8808911683645029,2.4303430633004157,False,False,False,LOW,1.767935319506556,False,False,118.23147770849226,117.19295167340576,119.27000374357877,2.0770520701730106,1.0552557084922682,False,False,False
LOT_004,LOT_004_CMP_0014,MEDIUM,"MEDIUM RISK — population outlier, high prediction uncertainty present. Engineering review recommended.",True,False,False,True,False,4,"[MEDIUM] Module B 168h prediction upper bound (162.6 [uA]) crosses spec_max=50.  | [MEDIUM] Iddq predicted drift from 0h to 168h is 25.08 [uA] (50.2% of spec range), exceeding moderate-drift threshold of 20% of spec range. | [MEDIUM] Module B 168h prediction interval width (155.5 [uA]) is high relative to spec range, indicating insufficient prediction confidence. | [MEDIUM] propagation_delay population anomaly score 3.830 >= anomaly threshold 3.5 (moderate).",MEDIUM,3.406704385038423,False,False,30.845321244234785,7.1105558674199445,162.61748823693165,155.5069323695117,25.075501244234786,False,True,True,LOW,1.7336221486532937,False,False,6.396623288748351,4.827483336375693,7.96576324112101,3.1382799047453176,2.5217122887483514,False,False,False,MEDIUM,3.830383984581276,True,False,100.50619079690267,99.46766476181617,101.54471683198918,2.0770520701730106,1.8629707969026725,False,False,False
LOT_004,LOT_004_CMP_0015,LOW,LOW RISK — all evidence signals nominal. No immediate engineering concern.,False,False,False,False,False,0,,LOW,1.613807494757691,False,False,13.326413177474366,9.381873397983242,13.326413177474366,3.9445397794911248,4.933848177474367,False,False,False,LOW,2.508416580931545,False,False,5.883412304839433,4.662041711741124,7.104782897937741,2.442741186196617,2.6039813048394325,False,False,False,LOW,0.316310188418702,False,False,119.7311886534699,118.6926626183834,120.7697146885564,2.0770520701730106,1.910820653469898,False,False,False
LOT_004,LOT_004_CMP_0016,LOW,LOW RISK — all evidence signals nominal. No immediate engineering concern.,False,False,False,False,False,0,,LOW,1.7853024851812762,False,False,16.12217556081345,9.09417893468324,16.12217556081345,7.027996626130209,7.980482560813449,False,False,False,LOW,2.0855692144316578,False,False,7.9948546039478465,7.163521181512318,8.826188026383374,1.6626668448710555,1.9313356039478462,False,False,False,LOW,1.3095724028122175,False,False,121.63929670565668,120.60077067057017,122.67782274074318,2.0770520701730106,2.492582705656673,False,False,False
LOT_004,LOT_004_CMP_0017,HIGH,HIGH RISK — one or more strong evidence signals present. Engineering review recommended.,False,False,False,True,False,3,"[MEDIUM] Module B 168h prediction upper bound (169 [uA]) crosses spec_max=50.  | [HIGH] Iddq predicted drift from 0h to 168h is 30.36 [uA] (60.7% of spec range), exceeding high-drift threshold of 60% of spec range. | [MEDIUM] Module B 168h prediction interval width (158.6 [uA]) is high relative to spec range, indicating insufficient prediction confidence.",HIGH,1.536393701522589,False,False,40.09820519593686,10.419527852694301,169.04419748691376,158.62466963421946,30.355960195936863,False,True,True,LOW,1.8432874949704339,False,False,8.460789482145344,6.348742862878753,10.572836101411935,4.224093238533182,3.8690694821453446,False,False,False,LOW,0.15340022825166483,False,False,118.94502798350094,117.90650194841444,119.98355401858743,2.077052070172982,1.8780669835009292,False,False,False
LOT_004,LOT_004_CMP_0018,HIGH,HIGH RISK — Module B predicts parameter(s) will cross specification boundary by 168h. Elevated engineering attention required.,True,False,True,True,False,7,"[HIGH] Module B predicts Iddq at 158.2 [uA] by 168h, crossing spec_max=50. | [HIGH] Module B 168h prediction upper bound (181.2 [uA]) crosses spec_max=50. Also population anomalous. | [MEDIUM] Iddq population anomaly score 6.022 >= strong threshold 6.0. | [HIGH] Iddq predicted drift from 0h to 168h is 150.6 [uA] (301.2% of spec range), exceeding high-drift threshold of 60% of spec range. | [MEDIUM] Module B 168h prediction interval width (171.8 [uA]) is high relative to spec range, indicating insufficient prediction confidence. | [MEDIUM] leakage_current population anomaly score 4.372 >= anomaly threshold 3.5 (moderate). | [HIGH] leakage_current predicted drift from 0h to 168h is 21.88 [nA] (72.9% of spec range), exceeding high-drift threshold of 60% of spec range.",HIGH,6.021881263979185,True,False,158.1757676189699,9.449330047983242,181.2258459449387,171.77651589695546,150.6241486189699,True,True,True,HIGH,4.372060781589258,True,False,26.181485648109305,25.42157897453407,26.94139232168454,1.5198133471504676,21.880689648109303,False,False,False,LOW,0.624486306638185,False,False,115.43673925324686,114.39821321816035,116.47526528833336,2.0770520701730106,1.9672572532468564,False,False,False
LOT_004,LOT_004_CMP_0019,MEDIUM,MEDIUM RISK — high prediction uncertainty present. Engineering review recommended.,False,False,False,True,False,2,"[MEDIUM] Iddq predicted drift from 0h to 168h is 17.75 [uA] (35.5% of spec range), exceeding moderate-drift threshold of 20% of spec range. | [MEDIUM] Module B 168h prediction interval width (16.84 [uA]) is high relative to spec range, indicating insufficient prediction confidence.",MEDIUM,0.927501250583459,False,False,29.685616290836435,12.845064052232805,29.685616290836435,16.840552238603628,17.748234290836436,False,False,True,LOW,0.1672843328108372,False,False,7.249817408138211,6.044699912652105,8.454934903624318,2.4102349909722136,2.5361834081382115,False,False,False,LOW,0.644989980154515,False,False,121.17007186661505,120.13154583152854,122.20859790170155,2.0770520701730106,1.82966386661505,False,False,False
LOT_004,LOT_004_CMP_0020,LOW,LOW RISK — all evidence signals nominal. No immediate engineering concern.,False,False,False,False,False,0,,LOW,0.5095133293492776,False,False,18.231065831336572,11.198841514868837,24.192511332086987,12.99366981721815,7.7935178313365725,False,False,False,LOW,1.3676049911068118,False,False,7.18889497719109,4.9345199125823545,9.443270041799826,4.508750129217471,3.07659497719109,False,False,False,LOW,1.421343023038033,False,False,124.88552596454808,123.84699992946159,125.92405199963457,2.077052070172982,2.5253579645480784,False,False,False
LOT_004,LOT_004_CMP_0021,HIGH,HIGH RISK — Module B predicts parameter(s) will cross specification boundary by 168h. Elevated engineering attention required.,False,False,True,True,False,4,"[HIGH] Module B predicts Iddq at 70.39 [uA] by 168h, crossing spec_max=50. | [MEDIUM] Module B 168h prediction upper bound (133.9 [uA]) crosses spec_max=50.  | [HIGH] Iddq predicted drift from 0h to 168h is 58.32 [uA] (116.6% of spec range), exceeding high-drift threshold of 60% of spec range. | [MEDIUM] Module B 168h prediction interval width (121.1 [uA]) is high relative to spec range, indicating insufficient prediction confidence.",HIGH,1.5634953703128163,False,False,70.38647158152779,12.737833120042106,133.85522388183506,121.11739076179295,58.31601158152779,True,True,True,LOW,0.9921935548825214,False,False,7.852830800553951,6.870771174737229,8.834890426370674,1.964119251633445,2.6658478005539514,False,False,False,LOW,0.8565951648544002,False,False,114.33805644830645,113.29953041321994,115.37658248339295,2.0770520701730106,1.9420044483064487,False,False,False
LOT_004,LOT_004_CMP_0022,LOW,LOW RISK — all evidence signals nominal. No immediate engineering concern.,False,False,False,False,False,0,,LOW,0.38385880398570693,False,False,17.90356331782795,11.533594789477851,17.90356331782795,6.369968528350098,7.248650317827948,False,False,False,LOW,0.46409354779837103,False,False,7.336958389612261,5.882095392015774,8.791821387208747,2.9097259951929733,2.599674389612261,False,False,False,LOW,0.5417458401317979,False,False,118.24478621587537,117.20626018078886,119.28331225096187,2.0770520701730106,2.1498042158753634,False,False,False
LOT_004,LOT_004_CMP_0023,MEDIUM,MEDIUM RISK — high prediction uncertainty present. Engineering review recommended.,False,False,False,True,False,2,"[MEDIUM] Iddq predicted drift from 0h to 168h is 18.03 [uA] (36.1% of spec range), exceeding moderate-drift threshold of 20% of spec range. | [MEDIUM] Module B 168h prediction interval width (25.21 [uA]) is high relative to spec range, indicating insufficient prediction confidence.",MEDIUM,0.788677144679278,False,False,29.24158360581199,11.905133423232211,37.116702973972515,25.211569550740304,18.03417960581199,False,False,True,LOW,1.205805132090144,False,False,8.314725819385906,6.238701916693751,10.390749722078061,4.15204780538431,3.6059988193859063,False,False,False,LOW,1.15608593190243,False,False,124.06272580521696,123.02419977013045,125.10125184030346,2.0770520701730106,2.3586608052169566,False,False,False
LOT_004,LOT_004_CMP_0024,HIGH,HIGH RISK — Module B predicts parameter(s) will cross specification boundary by 168h. Elevated engineering attention required.,False,False,True,True,False,4,"[HIGH] Module B predicts Iddq at 63.44 [uA] by 168h, crossing spec_max=50. | [MEDIUM] Module B 168h prediction upper bound (171.6 [uA]) crosses spec_max=50.  | [HIGH] Iddq predicted drift from 0h to 168h is 52.4 [uA] (104.8% of spec range), exceeding high-drift threshold of 60% of spec range. | [MEDIUM] Module B 168h prediction interval width (160.1 [uA]) is high relative to spec range, indicating insufficient prediction confidence.",HIGH,2.358065245214424,False,False,63.43547532051724,11.480885557660164,171.58218724035692,160.10130168269674,52.403681320517244,True,True,True,LOW,0.16197264044508605,False,False,7.3752394370937076,6.348451691351585,8.40202718283583,2.0535754914842457,2.5597774370937074,False,False,False,LOW,0.4503531200332359,False,False,118.27237335531096,117.23384732022447,119.31089939039745,2.077052070172982,1.6794453553109605,False,False,False
LOT_004,LOT_004_CMP_0025,MEDIUM,MEDIUM RISK — high prediction uncertainty present. Engineering review recommended.,False,False,False,True,False,3,"[MEDIUM] Module B 168h prediction upper bound (168.7 [uA]) crosses spec_max=50.  | [MEDIUM] Iddq predicted drift from 0h to 168h is 21.45 [uA] (42.9% of spec range), exceeding moderate-drift threshold of 20% of spec range. | [MEDIUM] Module B 168h prediction interval width (156.7 [uA]) is high relative to spec range, indicating insufficient prediction confidence.",MEDIUM,1.4577636523565687,False,False,32.88859814110478,12.044816181515731,168.73665669980085,156.69184051828512,21.45297814110478,False,True,True,LOW,2.227652493205346,False,False,7.89350870208082,7.204251012354042,8.582766391807597,1.378515379453555,1.7926707020808195,False,False,False,LOW,0.7686229122131026,False,False,114.56022739993915,113.52170136485265,115.59875343502566,2.0770520701730106,1.6786663999391465,False,False,False
LOT_004,LOT_004_CMP_0026,HIGH,HIGH RISK — one or more strong evidence signals present. Engineering review recommended.,False,False,False,True,False,2,"[HIGH] Iddq predicted drift from 0h to 168h is 32.47 [uA] (64.9% of spec range), exceeding high-drift threshold of 60% of spec range. | [MEDIUM] Module B 168h prediction interval width (32.01 [uA]) is high relative to spec range, indicating insufficient prediction confidence.",HIGH,1.882904894946809,False,False,45.97757893172683,13.965079129450643,45.97757893172683,32.01249980227619,32.46983693172683,False,False,True,LOW,1.847718648051883,False,False,7.787715492376747,7.1889010577842445,8.38652992696925,1.1976288691850048,1.942028492376747,False,False,False,LOW,2.3918040164336194,False,False,129.55787707638817,128.51935104130166,130.59640311147467,2.0770520701730106,2.139007076388168,False,False,False
LOT_004,LOT_004_CMP_0027,LOW,LOW RISK — all evidence signals nominal. No immediate engineering concern.,False,False,False,False,False,0,,LOW,0.6384060286324651,False,False,18.93457172882826,12.408168672065926,18.93457172882826,6.526403056762334,7.33241472882826,False,False,False,LOW,2.7018902880188844,False,False,9.301864338557177,7.40561703106186,11.198111646052494,3.792494614990634,3.7021253385571775,False,False,False,LOW,2.544769295999013,False,False,129.07260153622204,128.03407550113553,130.11112757130854,2.0770520701730106,0.9463155362220448,False,False,False
LOT_004,LOT_004_CMP_0028,HIGH,HIGH RISK — one or more strong evidence signals present. Engineering review recommended.,True,False,False,True,False,4,"[HIGH] Module B 168h prediction upper bound (85.44 [uA]) crosses spec_max=50. Also population anomalous. | [MEDIUM] Iddq population anomaly score 5.431 >= anomaly threshold 3.5 (moderate). | [MEDIUM] Iddq predicted drift from 0h to 168h is 15.68 [uA] (31.4% of spec range), exceeding moderate-drift threshold of 20% of spec range. | [MEDIUM] Module B 168h prediction interval width (71.46 [uA]) is high relative to spec range, indicating insufficient prediction confidence.",HIGH,5.430555652337386,True,False,34.160991224329436,13.978793424450643,85.43930344458182,71.46051002013118,15.684575224329436,False,True,True,LOW,1.4715369827885465,False,False,6.237367580410599,5.5616839800266415,6.913051180794556,1.351367200767914,1.8693335804105988,False,False,False,LOW,0.1710643493471037,False,False,117.65971462617603,116.62118859108952,118.69824066126253,2.0770520701730106,1.8606686261760217,False,False,False
LOT_004,LOT_004_CMP_0029,MEDIUM,MEDIUM RISK — elevated predicted drift present. Engineering review recommended.,False,False,False,False,True,1,"[MEDIUM] Iddq predicted drift from 0h to 168h is 12.61 [uA] (25.2% of spec range), exceeding moderate-drift threshold of 20% of spec range.",MEDIUM,0.6590713114155841,False,False,23.545474974561987,11.808922021782672,23.545474974561987,11.736552952779315,12.614610974561987,False,False,False,LOW,1.6821246327858177,False,False,7.8266209274664265,6.835054532935325,8.818187321997529,1.9831327890622044,2.5115929274664266,False,False,False,LOW,1.2870332721548534,False,False,112.13837356431246,111.09984752922597,113.17689959939895,2.077052070172982,1.7329615643124612,False,False,False
LOT_004,LOT_004_CMP_0030,MEDIUM,MEDIUM RISK — high prediction uncertainty present. Engineering review recommended.,False,False,False,True,False,2,"[MEDIUM] Iddq predicted drift from 0h to 168h is 12.13 [uA] (24.3% of spec range), exceeding moderate-drift threshold of 20% of spec range. | [MEDIUM] Module B 168h prediction interval width (24.92 [uA]) is high relative to spec range, indicating insufficient prediction confidence.",MEDIUM,0.7322193921398974,False,False,23.951752862379017,12.546664881062105,37.47013043712448,24.923465556062375,12.127294862379017,False,False,True,LOW,0.3190125584872705,False,False,7.148602987761613,6.51711634688112,7.780089628642107,1.2629732817609867,2.204987987761613,False,False,False,LOW,1.9301903701124206,False,False,127.01543849733886,125.97691246225236,128.05396453242537,2.0770520701730106,1.731385497338863,False,False,False
LOT_004,LOT_004_CMP_0031,LOW,LOW RISK — all evidence signals nominal. No immediate engineering concern.,False,False,False,False,False,0,,LOW,0.8835250215531106,False,False,20.311222876426346,12.845064052232805,20.311222876426346,7.46615882419354,8.333536876426345,False,False,False,LOW,1.0322014437396236,False,False,6.375385627796638,5.29292187766283,7.457849377930446,2.1649275002676163,2.1151966277966388,False,False,False,LOW,1.8370182049677055,False,False,114.33862747119619,113.30010143610968,115.3771535062827,2.0770520701730106,1.0467344711961886,False,False,False
LOT_004,LOT_004_CMP_0032,LOW,LOW RISK — all evidence signals nominal. No immediate engineering concern.,False,False,False,False,False,0,,LOW,0.6629211004145482,False,False,18.737686846659965,10.5773474626943,18.737686846659965,8.160339383965665,8.946663846659966,False,False,False,LOW,0.6835879020920398,False,False,6.307189425827467,5.315934008913775,7.298444842741159,1.9825108338273836,1.9365004258274672,False,False,False,LOW,0.4519510390783621,False,False,120.3383228355831,119.29979680049661,121.37684887066959,2.077052070172982,1.8906588355830962,False,False,False
LOT_004,LOT_004_CMP_0033,LOW,LOW RISK — all evidence signals nominal. No immediate engineering concern.,False,False,False,False,False,0,,LOW,0.8833404998879181,False,False,20.619272392832265,12.783986272232806,24.93846421774152,12.154477945508713,8.573746392832264,False,False,False,LOW,1.2444214497136759,False,False,7.637823928308239,6.9752436610792925,8.300404195537185,1.3251605344578925,2.236744928308239,False,False,False,LOW,0.5529327336392985,False,False,118.27704434653171,117.2385183114452,119.31557038161822,2.0770520701730106,2.154905346531706,False,False,False
LOT_004,LOT_004_CMP_0034,MEDIUM,MEDIUM RISK — high prediction uncertainty present. Engineering review recommended.,False,False,False,True,False,3,"[MEDIUM] Module B 168h prediction upper bound (127.4 [uA]) crosses spec_max=50.  | [MEDIUM] Iddq predicted drift from 0h to 168h is 13.73 [uA] (27.5% of spec range), exceeding moderate-drift threshold of 20% of spec range. | [MEDIUM] Module B 168h prediction interval width (115 [uA]) is high relative to spec range, indicating insufficient prediction confidence.",MEDIUM,1.2267881885709404,False,False,25.39721278814683,12.408168672065926,127.40120310610679,114.99303443404087,13.726068788146831,False,True,True,LOW,0.4185244717118879,False,False,6.4914762081902255,5.711560875356131,7.27139154102432,1.5598306656681888,1.9477662081902256,False,False,False,LOW,1.5289023314758734,False,False,115.81722808436689,114.77870204928038,116.8557541194534,2.0770520701730106,2.632752084366885,False,False,False
LOT_004,LOT_004_CMP_0035,MEDIUM,MEDIUM RISK — high prediction uncertainty present. Engineering review recommended.,False,False,False,True,False,3,"[MEDIUM] Module B 168h prediction upper bound (85.58 [uA]) crosses spec_max=50.  | [MEDIUM] Iddq predicted drift from 0h to 168h is 20.49 [uA] (41.0% of spec range), exceeding moderate-drift threshold of 20% of spec range. | [MEDIUM] Module B 168h prediction interval width (71.65 [uA]) is high relative to spec range, indicating insufficient prediction confidence.",MEDIUM,2.254002777599008,False,False,34.18890638656661,13.930467640762643,85.5756430003472,71.64517535958456,20.487937386566607,False,True,True,LOW,1.2529896753879761,False,False,7.969901491025759,6.140941535231839,9.798861446819679,3.6579199115878396,2.4554624910257585,False,False,False,LOW,2.991946599991906,False,False,123.89568222064956,122.85715618556307,124.93420825573605,2.077052070172982,3.275875220649567,False,False,False
LOT_004,LOT_004_CMP_0036,HIGH,HIGH RISK — one or more strong evidence signals present. Engineering review recommended.,True,False,False,True,False,4,"[MEDIUM] Module B 168h prediction upper bound (169 [uA]) crosses spec_max=50.  | [HIGH] Iddq predicted drift from 0h to 168h is 39.99 [uA] (80.0% of spec range), exceeding high-drift threshold of 60% of spec range. | [MEDIUM] Module B 168h prediction interval width (159 [uA]) is high relative to spec range, indicating insufficient prediction confidence. | [MEDIUM] leakage_current population anomaly score 4.540 >= anomaly threshold 3.5 (moderate).",HIGH,1.4555141453837224,False,False,49.414578067295686,10.00783666511954,169.04419748691376,159.03636082179423,39.988451067295685,False,True,True,MEDIUM,4.54013576387728,True,False,6.195612410585435,4.1826236739057014,8.208601147265167,4.0259774733594655,4.026294410585434,False,False,False,LOW,0.7817944300986684,False,False,117.81401292441397,116.77548688932748,118.85253895950046,2.077052070172982,2.266250924413967,False,False,False
LOT_004,LOT_004_CMP_0037,LOW,LOW RISK — all evidence signals nominal. No immediate engineering concern.,False,False,False,False,False,0,,LOW,0.8588389111787265,False,False,19.070107760257386,10.380040956408108,19.070107760257386,8.690066803849279,9.549601760257387,False,False,False,LOW,0.7023773263679541,False,False,7.353622957771194,6.646115023305801,8.061130892236587,1.4150158689307863,2.1838489577711933,False,False,False,LOW,1.0424776842161054,False,False,117.01186097391175,115.97333493882525,118.05038700899826,2.0770520701730106,1.4066609739117553,False,False,False
LOT_004,LOT_004_CMP_0038,MEDIUM,MEDIUM RISK — elevated predicted drift present. Engineering review recommended.,False,False,False,False,True,1,"[MEDIUM] Iddq predicted drift from 0h to 168h is 10.32 [uA] (20.6% of spec range), exceeding moderate-drift threshold of 20% of spec range.",MEDIUM,0.5882295534856742,False,False,20.217776656838474,10.776935678972743,20.217776656838474,9.440840977865731,10.324941656838474,False,False,False,LOW,2.0160590664832108,False,False,7.887807430140743,6.453570894821647,9.322043965459839,2.868473070638192,3.145420430140743,False,False,False,LOW,0.8282790647733616,False,False,121.90941836259546,120.87089232750895,122.94794439768197,2.0770520701730106,1.7213563625954578,False,False,False
LOT_004,LOT_004_CMP_0039,LOW,LOW RISK — all evidence signals nominal. No immediate engineering concern.,False,False,False,False,False,0,,LOW,0.7515425884085274,False,False,18.49491155973615,10.5773474626943,18.49491155973615,7.917564097041849,8.84097955973615,False,False,False,LOW,0.6322556122901198,False,False,6.588753392708385,5.607035813892878,7.570470971523891,1.9634351576310127,1.9234473927083844,False,False,False,LOW,0.454476833562234,False,False,116.35770664143946,115.31918060635297,117.39623267652595,2.077052070172982,2.101984641439458,False,False,False
LOT_004,LOT_004_CMP_0040,LOW,LOW RISK — all evidence signals nominal. No immediate engineering concern.,False,False,False,False,False,0,,LOW,1.10945204279597,False,False,17.10045863816281,10.01163301361954,17.10045863816281,7.088825624543269,7.97009563816281,False,False,False,LOW,0.38868790223089306,False,False,6.5852674504509885,5.273262930777712,7.897271970124265,2.6240090393465536,1.9924934504509881,False,False,False,LOW,1.0902351548864073,False,False,123.19829402764607,122.15976799255958,124.23682006273256,2.077052070172982,1.7987680276460765,False,False,False
LOT_004,LOT_004_CMP_0041,MEDIUM,MEDIUM RISK — elevated predicted drift present. Engineering review recommended.,False,False,False,False,True,1,"[MEDIUM] Iddq predicted drift from 0h to 168h is 15.12 [uA] (30.2% of spec range), exceeding moderate-drift threshold of 20% of spec range.",MEDIUM,2.996870971315614,False,False,21.56668263457151,7.440134133831605,21.56668263457151,14.126548500739904,15.117975634571511,False,False,False,LOW,1.9654227307005814,False,False,6.424672759417508,4.141641346858666,8.70770417197635,4.566062825117683,2.715467759417508,False,False,False,LOW,0.829416997579529,False,False,114.81947312868408,113.78094709359758,115.85799916377059,2.0770520701730106,1.5212771286840763,False,False,False
LOT_004,LOT_004_CMP_0042,MEDIUM,MEDIUM RISK — high prediction uncertainty present. Engineering review recommended.,False,False,False,True,False,3,"[MEDIUM] Module B 168h prediction upper bound (169 [uA]) crosses spec_max=50.  | [MEDIUM] Iddq predicted drift from 0h to 168h is 26.01 [uA] (52.0% of spec range), exceeding moderate-drift threshold of 20% of spec range. | [MEDIUM] Module B 168h prediction interval width (158.6 [uA]) is high relative to spec range, indicating insufficient prediction confidence.",MEDIUM,1.3779257157507911,False,False,35.6667297604761,10.427468446694302,169.04419748691376,158.61672904021947,26.006088760476104,False,True,True,LOW,0.513688219162163,False,False,6.4013282155558215,5.684868392456906,7.117788038654737,1.4329196461978313,1.9190512155558217,False,False,False,LOW,1.8892033450565664,False,False,115.03219624205022,113.99367020696371,116.07072227713672,2.0770520701730106,1.017687242050215,False,False,False
LOT_004,LOT_004_CMP_0043,LOW,LOW RISK — all evidence signals nominal. No immediate engineering concern.,False,False,False,False,False,0,,LOW,0.28525409517750855,False,False,20.704539691738603,11.865471823232213,20.704539691738603,8.83906786850639,9.620495691738602,False,False,False,LOW,0.9693838567490161,False,False,6.174568253351765,5.517112331045679,6.8320241756578515,1.3149118446121726,1.949888253351765,False,False,False,LOW,1.0191732469306738,False,False,116.39271587849838,115.35418984341189,117.43124191358487,2.077052070172982,2.3875948784983763,False,False,False
LOT_004,LOT_004_CMP_0044,MEDIUM,MEDIUM RISK — elevated predicted drift present. Engineering review recommended.,False,False,False,False,True,1,"[MEDIUM] Iddq predicted drift from 0h to 168h is 12.86 [uA] (25.7% of spec range), exceeding moderate-drift threshold of 20% of spec range.",MEDIUM,0.8995075353622547,False,False,22.299645509232043,10.284759027614603,22.299645509232043,12.01488648161744,12.862164509232043,False,False,False,LOW,1.9832021006121519,False,False,6.367045129382913,4.307006700629765,8.427083558136061,4.120076857506296,2.730428129382913,False,False,False,LOW,2.251477337210647,False,False,109.91247173990074,108.87394570481425,110.95099777498723,2.077052070172982,3.0119397399007397,False,False,False
LOT_004,LOT_004_CMP_0045,HIGH,HIGH RISK — one or more strong evidence signals present. Engineering review recommended.,False,False,False,True,False,3,"[MEDIUM] Module B 168h prediction upper bound (85.56 [uA]) crosses spec_max=50.  | [HIGH] Iddq predicted drift from 0h to 168h is 31.18 [uA] (62.4% of spec range), exceeding high-drift threshold of 60% of spec range. | [MEDIUM] Module B 168h prediction interval width (71.89 [uA]) is high relative to spec range, indicating insufficient prediction confidence.",HIGH,1.7387807431902897,False,False,44.46501729886686,13.664005024500645,85.55843163870372,71.89442661420308,31.17853029886686,False,True,True,LOW,1.1400583581571275,False,False,7.603413240803863,7.071149445562366,8.13567703604536,1.064527590482994,2.193269240803863,False,False,False,LOW,1.8590882066709797,False,False,126.86813891992544,125.82961288483895,127.90666495501193,2.077052070172982,1.9129109199254373,False,False,False
LOT_004,LOT_004_CMP_0046,HIGH,HIGH RISK — one or more strong evidence signals present. Engineering review recommended.,False,False,False,True,False,3,"[MEDIUM] Module B 168h prediction upper bound (169 [uA]) crosses spec_max=50.  | [HIGH] Iddq predicted drift from 0h to 168h is 36.83 [uA] (73.7% of spec range), exceeding high-drift threshold of 60% of spec range. | [MEDIUM] Module B 168h prediction interval width (158 [uA]) is high relative to spec range, indicating insufficient prediction confidence.",HIGH,1.6428100520357718,False,False,47.139769072236966,11.009971529142527,169.04419748691376,158.03422595777124,36.834674072236965,False,True,True,LOW,0.26620186185654876,False,False,7.391392533139798,6.373723745757328,8.409061320522268,2.03533757476494,2.5537835331397982,False,False,False,LOW,0.764779279615335,False,False,118.05515762395227,117.01663158886578,119.09368365903876,2.077052070172982,2.2566866239522625,False,False,False
LOT_004,LOT_004_CMP_0047,MEDIUM,MEDIUM RISK — high prediction uncertainty present. Engineering review recommended.,False,False,False,True,False,3,"[MEDIUM] Module B 168h prediction upper bound (105.5 [uA]) crosses spec_max=50.  | [MEDIUM] Iddq predicted drift from 0h to 168h is 16.18 [uA] (32.4% of spec range), exceeding moderate-drift threshold of 20% of spec range. | [MEDIUM] Module B 168h prediction interval width (92.66 [uA]) is high relative to spec range, indicating insufficient prediction confidence.",MEDIUM,1.207642928139009,False,False,28.318782642047044,12.806437592632804,105.46364281083493,92.65720521820212,16.176538642047042,False,True,True,LOW,1.757960650016182,False,False,9.209217596690758,6.820012793089518,11.598422400291998,4.77840960720248,3.409788596690758,False,False,False,LOW,1.4668566060684924,False,False,111.22338848724588,110.1848624521594,112.26191452233238,2.077052070172982,1.649602487245886,False,False,False
LOT_004,LOT_004_CMP_0048,MEDIUM,MEDIUM RISK — high prediction uncertainty present. Engineering review recommended.,False,False,False,True,False,2,"[MEDIUM] Iddq predicted drift from 0h to 168h is 19.29 [uA] (38.6% of spec range), exceeding moderate-drift threshold of 20% of spec range. | [MEDIUM] Module B 168h prediction interval width (18.58 [uA]) is high relative to spec range, indicating insufficient prediction confidence.",MEDIUM,0.47031322523118546,False,False,29.864207396616237,11.284064800528649,29.864207396616237,18.58014259608759,19.285303396616236,False,False,True,LOW,1.593354814528386,False,False,8.114200216412966,6.290363808360136,9.938036624465795,3.6476728161056586,2.705155216412966,False,False,False,LOW,0.4842555162447668,False,False,117.87669082688745,116.83816479180095,118.91521686197396,2.0770520701730106,2.1248478268874607,False,False,False
LOT_004,LOT_004_CMP_0049,MEDIUM,MEDIUM RISK — high prediction uncertainty present. Engineering review recommended.,False,False,False,True,False,2,"[MEDIUM] Iddq predicted drift from 0h to 168h is 23.71 [uA] (47.4% of spec range), exceeding moderate-drift threshold of 20% of spec range. | [MEDIUM] Module B 168h prediction interval width (22.79 [uA]) is high relative to spec range, indicating insufficient prediction confidence.",MEDIUM,0.8389340645921507,False,False,35.23078443988819,12.436684484086179,35.23078443988819,22.79409995580201,23.709962439888187,False,False,True,LOW,2.3311590771438593,False,False,8.20340658729721,7.136342668267504,9.270470506326914,2.1341278380594098,2.5868205872972094,False,False,False,LOW,2.520641440203023,False,False,118.32135734587588,117.28283131078939,119.35988338096237,2.077052070172982,3.087189345875885,False,False,False
LOT_004,LOT_004_CMP_0050,MEDIUM,MEDIUM RISK — high prediction uncertainty present. Engineering review recommended.,False,False,False,True,False,2,"[MEDIUM] Iddq predicted drift from 0h to 168h is 22.17 [uA] (44.3% of spec range), exceeding moderate-drift threshold of 20% of spec range. | [MEDIUM] Module B 168h prediction interval width (21.43 [uA]) is high relative to spec range, indicating insufficient prediction confidence.",MEDIUM,0.42500033042602137,False,False,33.08331280543885,11.656887599069986,33.08331280543885,21.426425206368865,22.17446680543885,False,False,True,LOW,0.8362715807645318,False,False,6.208941761537842,5.529848125917773,6.8880353971579105,1.358187271240137,1.9008847615378421,False,False,False,LOW,2.235062478425766,False,False,128.80000138502587,127.76147534993936,129.83852742011237,2.0770520701730106,2.106011385025866,False,False,False
LOT_005,LOT_005_CMP_0001,MEDIUM,MEDIUM RISK — high prediction uncertainty present. Engineering review recommended.,False,False,False,True,False,1,"[MEDIUM] Module B 168h prediction interval width (22.73 [uA]) is high relative to spec range, indicating insufficient prediction confidence.",MEDIUM,0.6834742935185485,False,False,15.81870611816091,9.690328066753242,32.416746231721284,22.72641816496804,6.81373011816091,False,False,True,LOW,1.4303195606028931,False,False,8.201033098380513,5.519021417953882,10.883044778807145,5.364023360853263,3.544686098380513,False,False,False,LOW,0.8484709504440713,False,False,126.40115502281145,125.36262898772495,127.43968105789796,2.0770520701730106,2.022306022811449,False,False,False
LOT_005,LOT_005_CMP_0002,MEDIUM,MEDIUM RISK — population outlier present. Engineering review recommended.,True,False,False,False,False,1,[MEDIUM] propagation_delay population anomaly score 7.038 >= strong threshold 6.0.,LOW,0.6746873172950414,False,False,17.697159217780484,9.614490149053243,17.697159217780484,8.082669068727242,8.806629217780484,False,False,False,LOW,0.3994017013039614,False,False,7.608738530230363,5.642312470456476,9.57516459000425,3.932852119547775,2.8931555302303638,False,False,False,MEDIUM,7.037521152869508,True,False,90.05169393356091,89.01316789847442,91.0902199686474,2.077052070172982,2.121553933560918,False,False,False
LOT_005,LOT_005_CMP_0003,MEDIUM,MEDIUM RISK — elevated predicted drift present. Engineering review recommended.,False,False,False,False,True,1,"[MEDIUM] Iddq predicted drift from 0h to 168h is 13.47 [uA] (26.9% of spec range), exceeding moderate-drift threshold of 20% of spec range.",MEDIUM,1.2140255139661007,False,False,24.49052544464778,11.700790307232209,24.49052544464778,12.78973513741557,13.46745944464778,False,False,False,LOW,1.098466394531026,False,False,7.807623984397639,6.760370462670648,8.85487750612463,2.0945070434539828,2.3760839843976393,False,False,False,LOW,1.2272447386778915,False,False,125.53116251277616,124.49263647768967,126.56968854786265,2.077052070172982,2.2063915127761646,False,False,False
LOT_005,LOT_005_CMP_0004,HIGH,HIGH RISK — Module B predicts parameter(s) will cross specification boundary by 168h. Elevated engineering attention required.,False,False,True,True,False,4,"[HIGH] Module B predicts Iddq at 91.34 [uA] by 168h, crossing spec_max=50. | [MEDIUM] Module B 168h prediction upper bound (169.5 [uA]) crosses spec_max=50.  | [HIGH] Iddq predicted drift from 0h to 168h is 80.89 [uA] (161.8% of spec range), exceeding high-drift threshold of 60% of spec range. | [MEDIUM] Module B 168h prediction interval width (158.5 [uA]) is high relative to spec range, indicating insufficient prediction confidence.",HIGH,2.5699988093331356,False,False,91.3386644331098,11.076792695792655,169.5338632884698,158.45707059267716,80.8867364331098,True,True,True,LOW,1.9312764074547213,False,False,7.871606909138506,7.175303543002256,8.567910275274755,1.3926067322724993,1.9214949091385058,False,False,False,LOW,0.7574584970366146,False,False,120.5824070350756,119.54388099998911,121.6209330701621,2.077052070172982,2.004967035075609,False,False,False
LOT_005,LOT_005_CMP_0005,LOW,LOW RISK — all evidence signals nominal. No immediate engineering concern.,False,False,False,False,False,0,,LOW,2.5873857323382228,False,False,15.378323396048813,7.762153438018305,15.378323396048813,7.6161699580305084,8.647411396048813,False,False,False,LOW,1.6465304401094247,False,False,6.188956573683653,5.409624097589478,6.968289049777828,1.5586649521883498,2.2403715736836527,False,False,False,LOW,2.7606587236269764,False,False,111.83289861762354,110.79437258253705,112.87142465271003,2.077052070172982,1.2138506176235353,False,False,False
LOT_005,LOT_005_CMP_0006,HIGH,HIGH RISK — Module B predicts parameter(s) will cross specification boundary by 168h. Elevated engineering attention required.,False,False,True,True,False,4,"[HIGH] Module B predicts Iddq at 92.61 [uA] by 168h, crossing spec_max=50. | [MEDIUM] Module B 168h prediction upper bound (166.9 [uA]) crosses spec_max=50.  | [HIGH] Iddq predicted drift from 0h to 168h is 84.67 [uA] (169.3% of spec range), exceeding high-drift threshold of 60% of spec range. | [MEDIUM] Module B 168h prediction interval width (158.3 [uA]) is high relative to spec range, indicating insufficient prediction confidence.",HIGH,1.6971701735599358,False,False,92.61398048297025,8.538774156781322,166.87003863888486,158.33126448210353,84.67101748297024,True,True,True,LOW,0.3609956638963679,False,False,7.218642284363438,6.112637333514019,8.324647235212856,2.2120099016988366,2.4593842843634377,False,False,False,LOW,0.756501785765981,False,False,122.97845248706548,121.93992645197898,124.01697852215199,2.0770520701730106,1.2865124870654796,False,False,False
LOT_005,LOT_005_CMP_0007,LOW,LOW RISK — all evidence signals nominal. No immediate engineering concern.,False,False,False,False,False,0,,LOW,2.0440399008317147,False,False,20.821376328941245,12.845064052232805,20.821376328941245,7.976312276708439,8.861145328941245,False,False,False,LOW,1.251695425923704,False,False,7.832616461200814,6.627549825783043,9.037683096618586,2.4101332708355434,2.3100284612008144,False,False,False,LOW,0.6680511864448003,False,False,127.74257150879959,126.70404547371308,128.7810975438861,2.0770520701730106,1.31974350879959,False,False,False
LOT_005,LOT_005_CMP_0008,LOW,LOW RISK — all evidence signals nominal. No immediate engineering concern.,False,False,False,False,False,0,,LOW,1.0395089003740912,False,False,19.558409052281785,11.135589593142527,19.558409052281785,8.422819459139259,9.220526052281786,False,False,False,LOW,1.0925467648987666,False,False,7.409262263209261,5.836315191541107,8.982209334877414,3.1458941433363066,2.898328263209261,False,False,False,LOW,1.6513457139953809,False,False,127.88873791826823,126.85021188318174,128.92726395335472,2.077052070172982,0.833852918268235,False,False,False
LOT_005,LOT_005_CMP_0009,LOW,LOW RISK — all evidence signals nominal. No immediate engineering concern.,False,False,False,False,False,0,,LOW,1.3888787700838345,False,False,14.533506635842347,9.45052359798324,14.533506635842347,5.0829830378591065,6.017099635842348,False,False,False,LOW,2.3634869815217177,False,False,9.249495333973217,6.599546278312285,11.899444389634148,5.299898111321863,4.211399333973216,False,False,False,LOW,1.7403074512177588,False,False,124.8943969274377,123.85587089235119,125.9329229625242,2.0770520701730106,2.452371927437696,False,False,False
LOT_005,LOT_005_CMP_0010,MEDIUM,MEDIUM RISK — high prediction uncertainty present. Engineering review recommended.,False,False,False,True,False,3,"[MEDIUM] Module B 168h prediction upper bound (139.5 [uA]) crosses spec_max=50.  | [MEDIUM] Iddq predicted drift from 0h to 168h is 21.59 [uA] (43.2% of spec range), exceeding moderate-drift threshold of 20% of spec range. | [MEDIUM] Module B 168h prediction interval width (129.4 [uA]) is high relative to spec range, indicating insufficient prediction confidence.",MEDIUM,0.8651511526113527,False,False,31.04713057487953,10.08206386511954,139.51205435691375,129.4299904917942,21.59497457487953,False,True,True,LOW,0.8647535090528049,False,False,7.669097936508483,6.921012882622324,8.417182990394643,1.4961701077723193,2.404526936508483,False,False,False,LOW,0.7344696944497805,False,False,124.91367535535315,123.87514932026664,125.95220139043965,2.0770520701730106,1.2848653553531477,False,False,False
LOT_005,LOT_005_CMP_0011,HIGH,HIGH RISK — Module B predicts parameter(s) will cross specification boundary by 168h. Elevated engineering attention required.,False,False,True,True,False,4,"[HIGH] Module B predicts Iddq at 55.54 [uA] by 168h, crossing spec_max=50. | [MEDIUM] Module B 168h prediction upper bound (168.9 [uA]) crosses spec_max=50.  | [HIGH] Iddq predicted drift from 0h to 168h is 45.62 [uA] (91.2% of spec range), exceeding high-drift threshold of 60% of spec range. | [MEDIUM] Module B 168h prediction interval width (158.3 [uA]) is high relative to spec range, indicating insufficient prediction confidence.",HIGH,1.495445381424452,False,False,55.5353996750565,10.5612439712543,168.87223785255523,158.31099388130093,45.6181946750565,True,True,True,LOW,0.6363691177552838,False,False,6.421074902861082,5.700768736086376,7.141381069635788,1.4406123335494119,1.907376902861082,False,False,False,LOW,0.5896010699870226,False,False,126.196167873262,125.1576418381755,127.2346939083485,2.0770520701730106,1.3452228732620028,False,False,False
LOT_005,LOT_005_CMP_0012,LOW,LOW RISK — all evidence signals nominal. No immediate engineering concern.,False,False,False,False,False,0,,LOW,0.9882960353999579,False,False,18.572087159120173,11.536223221866143,18.572087159120173,7.03586393725403,7.803891159120173,False,False,False,LOW,0.9420418427402962,False,False,8.018199646187167,7.067620827945337,8.968778464428997,1.90115763648366,2.633307646187167,False,False,False,LOW,0.2586401996931188,False,False,125.3686504136405,124.33012437855399,126.407176448727,2.0770520701730106,1.7504984136405,False,False,False
LOT_005,LOT_005_CMP_0013,LOW,LOW RISK — all evidence signals nominal. No immediate engineering concern.,False,False,False,False,False,0,,LOW,1.6589943168278434,False,False,15.238254795362598,8.538774156781322,15.238254795362598,6.699480638581276,7.459100795362598,False,False,False,LOW,2.0223425633692593,False,False,6.162986245676154,5.2866283211415706,7.039344170210738,1.7527158490691672,2.4246412456761544,False,False,False,LOW,1.6676698307527686,False,False,122.24188036780744,121.20335433272095,123.28040640289393,2.077052070172982,2.434610367807437,False,False,False
LOT_005,LOT_005_CMP_0014,LOW,LOW RISK — all evidence signals nominal. No immediate engineering concern.,False,False,False,False,False,0,,LOW,1.0001905184585478,False,False,15.416257376284134,9.45052359798324,15.416257376284134,5.965733778300894,6.893251376284134,False,False,False,LOW,1.310003053497619,False,False,6.189324895147732,5.430647644269644,6.94800214602582,1.5173545017561754,2.0524768951477323,False,False,False,LOW,1.4160004200111151,False,False,117.50629540380507,116.46776936871856,118.54482143889157,2.0770520701730106,1.9121714038050754,False,False,False
LOT_005,LOT_005_CMP_0015,MEDIUM,MEDIUM RISK — elevated predicted drift present. Engineering review recommended.,False,False,False,False,True,1,"[MEDIUM] Iddq predicted drift from 0h to 168h is 10.15 [uA] (20.3% of spec range), exceeding moderate-drift threshold of 20% of spec range.",MEDIUM,0.6515613898015545,False,False,20.217776656838474,10.914548404860238,20.217776656838474,9.303228251978236,10.147952656838473,False,False,False,LOW,1.2545357160875994,False,False,8.290039192079286,7.251216237359369,9.328862146799203,2.077645909439834,2.7496981920792862,False,False,False,LOW,0.991128118365715,False,False,127.2887720806853,126.2502460455988,128.3272981157718,2.0770520701730106,2.0840770806853044,False,False,False
LOT_005,LOT_005_CMP_0016,LOW,LOW RISK — all evidence signals nominal. No immediate engineering concern.,False,False,False,False,False,0,,LOW,0.6784313127009883,False,False,19.07923271595942,10.430010256408108,19.07923271595942,8.649222459551313,9.506547715959421,False,False,False,LOW,0.5371836899995643,False,False,6.735258631324433,5.8756416022193925,7.594875660429473,1.7192340582100805,2.0875096313244326,False,False,False,LOW,0.6360080923114867,False,False,126.1218023426023,125.0832763075158,127.16032837768878,2.077052070172982,1.9238223426022927,False,False,False
LOT_005,LOT_005_CMP_0017,HIGH,HIGH RISK — one or more strong evidence signals present. Engineering review recommended.,False,False,False,True,False,3,"[MEDIUM] Module B 168h prediction upper bound (169.5 [uA]) crosses spec_max=50.  | [HIGH] Iddq predicted drift from 0h to 168h is 35.84 [uA] (71.7% of spec range), exceeding high-drift threshold of 60% of spec range. | [MEDIUM] Module B 168h prediction interval width (158.4 [uA]) is high relative to spec range, indicating insufficient prediction confidence.",HIGH,1.8284812598681606,False,False,46.30499479969178,11.177773392500574,169.5338632884698,158.35608989596923,35.83574579969178,False,True,True,LOW,0.6728920514180691,False,False,6.421074902861082,5.700768736086376,7.141381069635788,1.4406123335494119,1.9095779028610815,False,False,False,LOW,1.2891233257800954,False,False,120.54249545229862,119.50396941721212,121.58102148738513,2.0770520701730106,2.266617452298618,False,False,False
LOT_005,LOT_005_CMP_0018,HIGH,HIGH RISK — Module B predicts parameter(s) will cross specification boundary by 168h. Elevated engineering attention required.,False,False,True,True,False,4,"[HIGH] Module B predicts Iddq at 74.55 [uA] by 168h, crossing spec_max=50. | [MEDIUM] Module B 168h prediction upper bound (177.7 [uA]) crosses spec_max=50.  | [HIGH] Iddq predicted drift from 0h to 168h is 66.5 [uA] (133.0% of spec range), exceeding high-drift threshold of 60% of spec range. | [MEDIUM] Module B 168h prediction interval width (168.9 [uA]) is high relative to spec range, indicating insufficient prediction confidence.",HIGH,1.7407393198282397,False,False,74.5473107448223,8.802444756781322,177.69865885925384,168.89621410247253,66.5026087448223,True,True,True,LOW,0.6620406544383488,False,False,6.489519546769453,5.696820237929504,7.282218855609402,1.585398617679898,1.9301785467694534,False,False,False,LOW,0.8518909960312083,False,False,120.67726733734216,119.63874130225565,121.71579337242866,2.0770520701730106,1.5428313373421645,False,False,False
LOT_005,LOT_005_CMP_0019,MEDIUM,MEDIUM RISK — elevated predicted drift present. Engineering review recommended.,False,False,False,False,True,1,"[MEDIUM] Iddq predicted drift from 0h to 168h is 14.32 [uA] (28.6% of spec range), exceeding moderate-drift threshold of 20% of spec range.",MEDIUM,1.4884045181085335,False,False,24.61401357618544,11.135589593142527,24.61401357618544,13.478423983042912,14.31799257618544,False,False,False,LOW,0.46908787899319404,False,False,7.3049208532569505,6.443484729058754,8.166356977455148,1.7228722483963947,2.407212853256951,False,False,False,LOW,0.8958067412444233,False,False,120.40963244168307,119.37110640659657,121.44815847676958,2.0770520701730106,1.588982441683072,False,False,False
LOT_005,LOT_005_CMP_0020,MEDIUM,MEDIUM RISK — high prediction uncertainty present. Engineering review recommended.,False,False,False,True,False,2,"[MEDIUM] Iddq predicted drift from 0h to 168h is 18.49 [uA] (37.0% of spec range), exceeding moderate-drift threshold of 20% of spec range. | [MEDIUM] Module B 168h prediction interval width (17.82 [uA]) is high relative to spec range, indicating insufficient prediction confidence.",MEDIUM,1.2985144272838531,False,False,29.613259717893158,11.79016862423221,29.613259717893158,17.82309109366095,18.494797717893157,False,False,True,LOW,2.1899261357399213,False,False,8.850952608948838,6.997818136053329,10.704087081844346,3.7062689457910167,3.7188566089488377,False,False,False,LOW,0.8972783525267065,False,False,123.26549440305975,122.22696836797326,124.30402043814624,2.077052070172982,1.2183204030597494,False,False,False
LOT_005,LOT_005_CMP_0021,MEDIUM,"MEDIUM RISK — population outlier, elevated predicted drift present. Engineering review recommended.",True,False,False,False,True,2,"[MEDIUM] Iddq predicted drift from 0h to 168h is 13.17 [uA] (26.3% of spec range), exceeding moderate-drift threshold of 20% of spec range. | [MEDIUM] leakage_current population anomaly score 3.978 >= anomaly threshold 3.5 (moderate).",MEDIUM,1.7956509519570543,False,False,23.406920117817464,11.099705633142527,23.406920117817464,12.307214484674937,13.165210117817464,False,False,False,MEDIUM,3.9775487505713136,True,False,7.612016592979498,4.782918614486853,10.441114571472143,5.65819595698529,4.967469592979498,False,False,False,LOW,1.289636072040317,False,False,118.56999077281407,117.53146473772756,119.60851680790057,2.0770520701730106,1.5335107728140684,False,False,False
LOT_005,LOT_005_CMP_0022,MEDIUM,MEDIUM RISK — elevated predicted drift present. Engineering review recommended.,False,False,False,False,True,1,"[MEDIUM] Iddq predicted drift from 0h to 168h is 12.36 [uA] (24.7% of spec range), exceeding moderate-drift threshold of 20% of spec range.",MEDIUM,0.3820856910491555,False,False,22.445810399073416,10.855220427436754,24.1211460414801,13.265925614043345,12.362083399073416,False,False,False,LOW,0.6761079310088185,False,False,6.421074902861082,5.700768736086376,7.141381069635788,1.4406123335494119,1.9181129028610817,False,False,False,LOW,1.1767955974474769,False,False,130.26728416111575,129.22875812602925,131.30581019620226,2.0770520701730106,1.7333711611157412,False,False,False
LOT_005,LOT_005_CMP_0023,HIGH,HIGH RISK — one or more strong evidence signals present. Engineering review recommended.,False,False,False,True,False,3,"[MEDIUM] Module B 168h prediction upper bound (168.9 [uA]) crosses spec_max=50.  | [HIGH] Iddq predicted drift from 0h to 168h is 32.65 [uA] (65.3% of spec range), exceeding high-drift threshold of 60% of spec range. | [MEDIUM] Module B 168h prediction interval width (158.5 [uA]) is high relative to spec range, indicating insufficient prediction confidence.",HIGH,1.5179578824302449,False,False,42.385721024361004,10.345254416694301,168.87223785255523,158.52698343586093,32.653774024361006,False,True,True,LOW,1.1276226974842447,False,False,8.613659606321255,5.5160261505741754,11.711293062068334,6.1952669114941585,4.069336606321254,False,False,False,LOW,0.7674884262487273,False,False,128.44140657895707,127.40288054387057,129.47993261404358,2.0770520701730106,1.6036475789570659,False,False,False
LOT_005,LOT_005_CMP_0024,LOW,LOW RISK — all evidence signals nominal. No immediate engineering concern.,False,False,False,False,False,0,,LOW,0.9448470741275511,False,False,13.936167566105626,9.525779597983242,13.936167566105626,4.410387968122384,5.350673566105625,False,False,False,LOW,0.3188736550226027,False,False,7.508732662338331,5.2655937586664265,9.751871566010236,4.486277807343809,2.817418662338331,False,False,False,LOW,0.9015516614369995,False,False,123.8900678452588,122.85154181017231,124.92859388034529,2.077052070172982,1.2124188452587958,False,False,False
LOT_005,LOT_005_CMP_0025,MEDIUM,MEDIUM RISK — population outlier present. Engineering review recommended.,True,False,False,False,False,1,[MEDIUM] propagation_delay population anomaly score 3.953 >= anomaly threshold 3.5 (moderate).,LOW,0.8698535159354415,False,False,18.49491155973615,10.658275189067169,18.49491155973615,7.83663637066898,8.740217559736148,False,False,False,LOW,0.787200335484178,False,False,7.634687249004106,6.997446552486743,8.271927945521469,1.2744813930347263,2.3678602490041056,False,False,False,MEDIUM,3.952692145185662,True,False,143.76132629148518,142.72280025639867,144.79985232657168,2.0770520701730106,1.682727291485179,False,False,False
LOT_005,LOT_005_CMP_0026,MEDIUM,MEDIUM RISK — elevated predicted drift present. Engineering review recommended.,False,False,False,False,True,1,"[MEDIUM] Iddq predicted drift from 0h to 168h is 12.35 [uA] (24.7% of spec range), exceeding moderate-drift threshold of 20% of spec range.",MEDIUM,1.9202681951401126,False,False,24.169826051060078,12.546664881062105,24.902523763369242,12.355858882307137,12.349345051060078,False,False,False,LOW,2.049595377444693,False,False,10.14347450493695,6.617609225306392,13.669339784567509,7.051730559261117,4.127171504936951,False,False,False,LOW,1.1439670009867704,False,False,125.5239410449852,124.4854150098987,126.56246708007168,2.077052070172982,1.0879030449851967,False,False,False
LOT_005,LOT_005_CMP_0027,LOW,LOW RISK — all evidence signals nominal. No immediate engineering concern.,False,False,False,False,False,0,,LOW,1.3417638288170881,False,False,19.275487049119675,10.533765266408109,19.275487049119675,8.741721782711567,9.728242049119675,False,False,False,LOW,0.30202789089778953,False,False,7.57527968521388,5.310749280167846,9.839810090259915,4.529060810092069,2.87454168521388,False,False,False,LOW,2.9906813687891183,False,False,139.26518144603588,138.22665541094938,140.3037074811224,2.0770520701730106,1.5492644460358918,False,False,False
LOT_005,LOT_005_CMP_0028,MEDIUM,MEDIUM RISK — high prediction uncertainty present. Engineering review recommended.,False,False,False,True,False,2,"[MEDIUM] Iddq predicted drift from 0h to 168h is 25.84 [uA] (51.7% of spec range), exceeding moderate-drift threshold of 20% of spec range. | [MEDIUM] Module B 168h prediction interval width (24.91 [uA]) is high relative to spec range, indicating insufficient prediction confidence.",MEDIUM,1.0805562126047166,False,False,34.302393500391695,9.38772289798324,34.302393500391695,24.914670602408457,25.836399500391693,False,False,True,LOW,0.6899731167853446,False,False,7.45748676078516,6.047841369826829,8.86713215174349,2.8192907819166617,2.4072037607851593,False,False,False,LOW,0.8264109480431311,False,False,121.07360488458924,120.03507884950275,122.11213091967574,2.077052070172982,1.3141888845892424,False,False,False
LOT_005,LOT_005_CMP_0029,MEDIUM,MEDIUM RISK — elevated predicted drift present. Engineering review recommended.,False,False,False,False,True,1,"[MEDIUM] Iddq predicted drift from 0h to 168h is 10.49 [uA] (21.0% of spec range), exceeding moderate-drift threshold of 20% of spec range.",MEDIUM,0.42202718756532037,False,False,19.75008499900588,9.93740581361954,24.1211460414801,14.183740227860559,10.493601999005882,False,False,False,LOW,1.4389831050741568,False,False,8.181921581759948,6.035099536648341,10.328743626871555,4.293644090223214,3.6070095817599475,False,False,False,LOW,1.4697789943643174,False,False,123.25817067907917,122.21964464399267,124.29669671416568,2.0770520701730106,2.33493967907917,False,False,False
LOT_005,LOT_005_CMP_0030,LOW,LOW RISK — all evidence signals nominal. No immediate engineering concern.,False,False,False,False,False,0,,LOW,0.47608133416221227,False,False,19.060929760377437,11.017817469142528,24.1211460414801,13.10332857233757,8.871072760377437,False,False,False,LOW,1.6654694119793727,False,False,7.900774283611315,6.526039633432469,9.275508933790162,2.749469300357693,2.099362283611315,False,False,False,LOW,0.4660202181792171,False,False,122.41354595538431,121.3750199202978,123.45207199047081,2.0770520701730106,1.6526089553843093,False,False,False
LOT_005,LOT_005_CMP_0031,MEDIUM,MEDIUM RISK — high prediction uncertainty present. Engineering review recommended.,False,False,False,True,False,1,"[MEDIUM] Module B 168h prediction interval width (26.13 [uA]) is high relative to spec range, indicating insufficient prediction confidence.",MEDIUM,0.5941641503061694,False,False,19.342714969556486,10.15098911207591,36.283681702085474,26.13269259000956,9.883094969556486,False,False,True,LOW,1.0231505435660786,False,False,6.350530115197632,5.350123464851373,7.35093676554389,2.000813300692517,2.022011115197632,False,False,False,LOW,0.37420750448689205,False,False,124.60691822175326,123.56839218666676,125.64544425683977,2.0770520701730106,1.8097522217532571,False,False,False
LOT_005,LOT_005_CMP_0032,MEDIUM,MEDIUM RISK — elevated predicted drift present. Engineering review recommended.,False,False,False,False,True,1,"[MEDIUM] Iddq predicted drift from 0h to 168h is 10.76 [uA] (21.5% of spec range), exceeding moderate-drift threshold of 20% of spec range.",MEDIUM,1.2179247826128619,False,False,21.132545537988623,11.135589593142527,21.132545537988623,9.996955944846096,10.756052537988623,False,False,False,LOW,1.530855239765101,False,False,7.810647292535048,6.752259845175622,8.869034739894474,2.1167748947188514,2.0845422925350485,False,False,False,LOW,2.0123530478144973,False,False,129.57140562709048,128.53287959200398,130.609931662177,2.0770520701730106,2.5516016270904913,False,False,False
LOT_005,LOT_005_CMP_0033,HIGH,HIGH RISK — Module B predicts parameter(s) will cross specification boundary by 168h. Elevated engineering attention required.,False,False,True,True,False,4,"[HIGH] Module B predicts Iddq at 132.1 [uA] by 168h, crossing spec_max=50. | [MEDIUM] Module B 168h prediction upper bound (169.5 [uA]) crosses spec_max=50.  | [HIGH] Iddq predicted drift from 0h to 168h is 121.5 [uA] (243.1% of spec range), exceeding high-drift threshold of 60% of spec range. | [MEDIUM] Module B 168h prediction interval width (158.4 [uA]) is high relative to spec range, indicating insufficient prediction confidence.",HIGH,2.4493352533563892,False,False,132.09343294540753,11.177773392500574,169.5338632884698,158.35608989596923,121.52887694540753,True,True,True,LOW,0.782724004654156,False,False,7.326087382823793,6.216518986576833,8.435655779070753,2.21913679249392,2.595534382823794,False,False,False,LOW,0.4141997684404054,False,False,124.33077415434991,123.2922481192634,125.36930018943642,2.0770520701730106,1.8303351543499105,False,False,False
LOT_005,LOT_005_CMP_0034,HIGH,HIGH RISK — observed measurement currently breaches reference limits. Immediate engineering review required.,True,True,True,True,False,7,"[MEDIUM] Module B 168h prediction upper bound (140.3 [uA]) crosses spec_max=50.  | [MEDIUM] Iddq predicted drift from 0h to 168h is 27.59 [uA] (55.2% of spec range), exceeding moderate-drift threshold of 20% of spec range. | [MEDIUM] Module B 168h prediction interval width (128.7 [uA]) is high relative to spec range, indicating insufficient prediction confidence. | [HIGH] Observed measurement of leakage_current breaches reference limit (spec_min=0.0, spec_max=30.0). value_0h=41.38, value_24h=41.41 [nA]. | [HIGH] Module B predicts leakage_current at 42.1 [nA] by 168h, crossing spec_max=30. | [HIGH] Module B 168h prediction upper bound (45.21 [nA]) crosses spec_max=30. Also population anomalous. | [MEDIUM] leakage_current population anomaly score 65.271 >= strong threshold 6.0.",MEDIUM,1.2014703247003817,False,False,38.594533180205495,11.668805144864006,140.34507562880086,128.67627048393686,27.585643180205494,False,True,True,HIGH,65.27094910809654,True,True,42.097099482646826,38.98734674621977,45.20685221907388,6.2195054728541095,0.7129714826468287,True,True,False,LOW,2.299841100624063,False,False,135.79970297758692,134.7611769425004,136.83822901267342,2.0770520701730106,1.6516419775869053,False,False,False
LOT_005,LOT_005_CMP_0035,MEDIUM,MEDIUM RISK — high prediction uncertainty present. Engineering review recommended.,False,False,False,True,False,1,"[MEDIUM] Module B 168h prediction interval width (24.63 [uA]) is high relative to spec range, indicating insufficient prediction confidence.",MEDIUM,1.839627496929552,False,False,21.275740316967465,12.408168672065926,37.04112304827863,24.6329543762127,9.546310316967464,False,False,True,LOW,1.556849626639362,False,False,7.755486437734885,7.159901535336235,8.351071340133535,1.1911698047972994,2.014839437734885,False,False,False,LOW,1.2333967307469036,False,False,129.0346728131515,127.996146778065,130.073198848238,2.0770520701730106,1.0238758131515056,False,False,False
LOT_005,LOT_005_CMP_0036,HIGH,HIGH RISK — Module B predicts parameter(s) will cross specification boundary by 168h. Elevated engineering attention required.,False,False,True,True,False,4,"[HIGH] Module B predicts Iddq at 71.88 [uA] by 168h, crossing spec_max=50. | [MEDIUM] Module B 168h prediction upper bound (170.6 [uA]) crosses spec_max=50.  | [HIGH] Iddq predicted drift from 0h to 168h is 60.43 [uA] (120.9% of spec range), exceeding high-drift threshold of 60% of spec range. | [MEDIUM] Module B 168h prediction interval width (158.7 [uA]) is high relative to spec range, indicating insufficient prediction confidence.",HIGH,2.0189498015007565,False,False,71.87627318453623,11.854296842918659,170.6033708603569,158.74907401743823,60.429912184536235,True,True,True,LOW,3.4545882341673293,False,False,9.338232356569133,5.330008031281305,13.34645668185696,8.016448650575654,2.535936356569133,False,False,False,LOW,0.49250718490530526,False,False,126.90819060175488,125.86966456666838,127.94671663684139,2.0770520701730106,1.4537816017548835,False,False,False
LOT_005,LOT_005_CMP_0037,HIGH,HIGH RISK — observed measurement currently breaches reference limits. Immediate engineering review required.,True,True,True,True,False,8,"[MEDIUM] Iddq predicted drift from 0h to 168h is 11.48 [uA] (23.0% of spec range), exceeding moderate-drift threshold of 20% of spec range. | [MEDIUM] Module B 168h prediction interval width (23.23 [uA]) is high relative to spec range, indicating insufficient prediction confidence. | [MEDIUM] leakage_current predicted drift from 0h to 168h is 7.724 [nA] (25.7% of spec range), exceeding moderate-drift threshold of 20% of spec range. | [MEDIUM] Module B 168h prediction interval width (11.3 [nA]) is high relative to spec range, indicating insufficient prediction confidence. | [HIGH] Observed measurement of propagation_delay breaches reference limit (spec_min=80.0, spec_max=180.0). value_0h=198.1, value_24h=196.7 [ps]. | [HIGH] Module B predicts propagation_delay at 198.6 [ps] by 168h, crossing spec_max=180. | [HIGH] Module B 168h prediction upper bound (199.6 [ps]) crosses spec_max=180. Also population anomalous. | [MEDIUM] propagation_delay population anomaly score 14.965 >= strong threshold 6.0.",MEDIUM,1.1963343235023318,False,False,19.83295022361016,9.09257163468324,32.31829561934629,23.22572398466305,11.479247223610159,False,False,True,MEDIUM,2.829358980924151,False,False,12.311154419385494,6.661669964224667,17.96063887454632,11.298968910321651,7.724095419385494,False,False,True,HIGH,14.964922733893316,True,True,198.56327501194264,197.52474897685613,199.60180104702914,2.0770520701730106,0.4183950119426356,True,True,False
LOT_005,LOT_005_CMP_0038,LOW,LOW RISK — all evidence signals nominal. No immediate engineering concern.,False,False,False,False,False,0,,LOW,1.041358891951662,False,False,14.96709593647661,9.45052359798324,14.96709593647661,5.51657233849337,6.49057293647661,False,False,False,LOW,1.1296436054237902,False,False,8.772856210581192,6.431304027288652,11.114408393873733,4.683104366585081,3.8504342105811924,False,False,False,LOW,1.087878862538143,False,False,123.72026717149338,122.68174113640688,124.75879320657987,2.077052070172982,2.1519171714933805,False,False,False
LOT_005,LOT_005_CMP_0039,HIGH,HIGH RISK — Module B predicts parameter(s) will cross specification boundary by 168h. Elevated engineering attention required.,True,False,True,True,False,5,"[HIGH] Module B predicts Iddq at 165.9 [uA] by 168h, crossing spec_max=50. | [HIGH] Module B 168h prediction upper bound (179.6 [uA]) crosses spec_max=50. Also population anomalous. | [MEDIUM] Iddq population anomaly score 5.658 >= anomaly threshold 3.5 (moderate). | [HIGH] Iddq predicted drift from 0h to 168h is 156.4 [uA] (312.7% of spec range), exceeding high-drift threshold of 60% of spec range. | [MEDIUM] Module B 168h prediction interval width (169 [uA]) is high relative to spec range, indicating insufficient prediction confidence.",HIGH,5.658259436266337,True,False,165.90729031838447,10.619649251750626,179.5994569880844,168.97980773633378,156.36019831838448,True,True,True,LOW,1.7620647787134234,False,False,8.304057315433719,6.879601058418697,9.72851357244874,2.8489125140300438,2.765960315433719,False,False,False,LOW,0.3563720019928178,False,False,123.54506428444108,122.50653824935458,124.58359031952759,2.0770520701730106,1.8079452844410753,False,False,False
LOT_005,LOT_005_CMP_0040,HIGH,HIGH RISK — Module B predicts parameter(s) will cross specification boundary by 168h. Elevated engineering attention required.,False,False,True,True,False,4,"[HIGH] Module B predicts Iddq at 52.79 [uA] by 168h, crossing spec_max=50. | [MEDIUM] Module B 168h prediction upper bound (165.9 [uA]) crosses spec_max=50.  | [HIGH] Iddq predicted drift from 0h to 168h is 43.69 [uA] (87.4% of spec range), exceeding high-drift threshold of 60% of spec range. | [MEDIUM] Module B 168h prediction interval width (155.7 [uA]) is high relative to spec range, indicating insufficient prediction confidence.",HIGH,2.166985474518331,False,False,52.78717249067419,10.151283016628234,165.87445705504882,155.72317403842058,43.690597490674186,True,True,True,LOW,0.26958911913516675,False,False,7.22327666821274,6.417624995224536,8.028928341200944,1.611303345976408,2.3547456682127397,False,False,False,LOW,1.0638453359221702,False,False,120.1217074975761,119.08318146248959,121.1602335326626,2.0770520701730106,1.1593074975760942,False,False,False
LOT_005,LOT_005_CMP_0041,MEDIUM,MEDIUM RISK — high prediction uncertainty present. Engineering review recommended.,False,False,False,True,False,3,"[MEDIUM] Module B 168h prediction upper bound (162.5 [uA]) crosses spec_max=50.  | [MEDIUM] Iddq predicted drift from 0h to 168h is 22.83 [uA] (45.7% of spec range), exceeding moderate-drift threshold of 20% of spec range. | [MEDIUM] Module B 168h prediction interval width (153.2 [uA]) is high relative to spec range, indicating insufficient prediction confidence.",MEDIUM,2.51326608935819,False,False,30.760592494155496,9.319072697983241,162.52524600739488,153.20617330941164,22.828537494155498,False,True,True,LOW,0.8154539267185112,False,False,6.724006189537449,5.5202085090125195,7.9278038700623785,2.407595361049859,2.159277189537449,False,False,False,LOW,1.4274896075093995,False,False,117.61401131379911,116.57548527871262,118.6525373488856,2.077052070172982,1.7754063137991096,False,False,False
LOT_005,LOT_005_CMP_0042,MEDIUM,MEDIUM RISK — high prediction uncertainty present. Engineering review recommended.,False,False,False,True,False,3,"[MEDIUM] Module B 168h prediction upper bound (169.5 [uA]) crosses spec_max=50.  | [MEDIUM] Iddq predicted drift from 0h to 168h is 26.85 [uA] (53.7% of spec range), exceeding moderate-drift threshold of 20% of spec range. | [MEDIUM] Module B 168h prediction interval width (159.5 [uA]) is high relative to spec range, indicating insufficient prediction confidence.",MEDIUM,1.8411933661143345,False,False,36.26902679710114,10.00783666511954,169.5338632884698,159.52602662335028,26.85277179710114,False,True,True,LOW,0.7378598483962832,False,False,7.274191312062949,6.658238746504712,7.890143877621186,1.2319051311164735,2.1241023120629485,False,False,False,LOW,2.4349196197070633,False,False,135.71087074989097,134.67234471480447,136.74939678497748,2.0770520701730106,2.2734517498909668,False,False,False
LOT_005,LOT_005_CMP_0043,LOW,LOW RISK — all evidence signals nominal. No immediate engineering concern.,False,False,False,False,False,0,,LOW,0.5734321558017369,False,False,17.549620077970335,9.93740581361954,17.549620077970335,7.612214264350795,8.446099077970334,False,False,False,LOW,0.33069464803590903,False,False,7.061862784921496,6.007842599786003,8.11588297005699,2.108040370270987,2.3771617849214968,False,False,False,LOW,0.7970162394340177,False,False,121.21126822289517,120.17274218780867,122.24979425798168,2.0770520701730106,1.318031222895172,False,False,False
LOT_005,LOT_005_CMP_0044,LOW,LOW RISK — all evidence signals nominal. No immediate engineering concern.,False,False,False,False,False,0,,LOW,0.679733885365397,False,False,17.908980402736727,9.614490149053243,17.908980402736727,8.294490253683485,9.018027402736728,False,False,False,LOW,1.2486920438504177,False,False,7.234269144081782,4.9137212151847365,9.554817072978828,4.641095857794092,3.0519251440817827,False,False,False,LOW,1.9901632142846937,False,False,115.10402845145273,114.06550241636623,116.14255448653924,2.0770520701730106,1.5970364514527375,False,False,False
LOT_005,LOT_005_CMP_0045,HIGH,HIGH RISK — Module B predicts parameter(s) will cross specification boundary by 168h. Elevated engineering attention required.,False,False,True,True,False,4,"[HIGH] Module B predicts Iddq at 65.96 [uA] by 168h, crossing spec_max=50. | [MEDIUM] Module B 168h prediction upper bound (166.9 [uA]) crosses spec_max=50.  | [HIGH] Iddq predicted drift from 0h to 168h is 56.85 [uA] (113.7% of spec range), exceeding high-drift threshold of 60% of spec range. | [MEDIUM] Module B 168h prediction interval width (156.8 [uA]) is high relative to spec range, indicating insufficient prediction confidence.",HIGH,2.2885519654159765,False,False,65.9561652510991,10.151283016628234,166.92045922131206,156.76917620468382,56.849305251099096,True,True,True,LOW,0.7831809055796195,False,False,6.674207381833815,4.946841224796264,8.401573538871366,3.454732314075102,2.192436381833815,False,False,False,LOW,1.2441993063868955,False,False,118.40041601798403,117.36188998289754,119.43894205307052,2.077052070172982,1.8596540179840275,False,False,False
LOT_005,LOT_005_CMP_0046,LOW,LOW RISK — all evidence signals nominal. No immediate engineering concern.,False,False,False,False,False,0,,LOW,1.5144918468062019,False,False,21.232971131471974,12.206142950956398,21.232971131471974,9.026828180515576,9.870650131471974,False,False,False,LOW,1.1079499086623892,False,False,7.791068221432551,6.81829132746544,8.763845115399661,1.9455537879342213,2.3283712214325503,False,False,False,LOW,0.37896702695587264,False,False,125.73541940962298,124.69689337453647,126.77394544470948,2.0770520701730106,1.4474484096229787,False,False,False
LOT_005,LOT_005_CMP_0047,LOW,LOW RISK — all evidence signals nominal. No immediate engineering concern.,False,False,False,False,False,0,,LOW,0.39028340774240444,False,False,18.737686846659965,11.017817469142528,18.737686846659965,7.719869377517437,8.644703846659965,False,False,False,LOW,1.3080170980707642,False,False,7.69755504555993,7.133990719070013,8.261119372049848,1.1271286529798346,2.0961120455599307,False,False,False,LOW,0.6809488131926624,False,False,127.82128020126527,126.78275416617876,128.85980623635177,2.0770520701730106,1.327300201265274,False,False,False
LOT_005,LOT_005_CMP_0048,MEDIUM,MEDIUM RISK — high prediction uncertainty present. Engineering review recommended.,False,False,False,True,False,2,"[MEDIUM] Iddq predicted drift from 0h to 168h is 14.71 [uA] (29.4% of spec range), exceeding moderate-drift threshold of 20% of spec range. | [MEDIUM] Module B 168h prediction interval width (22.7 [uA]) is high relative to spec range, indicating insufficient prediction confidence.",MEDIUM,3.181819387096317,False,False,27.95462729795256,13.650290729500645,36.34760908432391,22.697318354823267,14.709735297952559,False,False,True,LOW,2.9381754717944544,False,False,8.804703041812909,5.553096764178974,12.056309319446843,6.503212555267869,2.291303041812909,False,False,False,LOW,1.6554911120165061,False,False,132.78342960937124,131.74490357428473,133.82195564445774,2.0770520701730106,0.9132176093712303,False,False,False
LOT_005,LOT_005_CMP_0049,MEDIUM,MEDIUM RISK — high prediction uncertainty present. Engineering review recommended.,False,False,False,True,False,2,"[MEDIUM] Iddq predicted drift from 0h to 168h is 15.45 [uA] (30.9% of spec range), exceeding moderate-drift threshold of 20% of spec range. | [MEDIUM] Module B 168h prediction interval width (25.62 [uA]) is high relative to spec range, indicating insufficient prediction confidence.",MEDIUM,0.41710774311687043,False,False,25.322178425891327,10.6649989812543,36.283681702085474,25.618682720831174,15.449800425891327,False,False,True,LOW,1.0669427399603735,False,False,8.1537178941778,7.0730876000236,9.234348188332001,2.1612605883084015,2.8333058941778004,False,False,False,LOW,0.9305671987775886,False,False,128.0695869687827,127.03106093369618,129.1081130038692,2.0770520701730106,1.1727289687826925,False,False,False
LOT_005,LOT_005_CMP_0050,MEDIUM,MEDIUM RISK — high prediction uncertainty present. Engineering review recommended.,False,False,False,True,False,2,"[MEDIUM] Iddq predicted drift from 0h to 168h is 13.17 [uA] (26.3% of spec range), exceeding moderate-drift threshold of 20% of spec range. | [MEDIUM] Module B 168h prediction interval width (26.13 [uA]) is high relative to spec range, indicating insufficient prediction confidence.",MEDIUM,0.44328778315538137,False,False,22.626453025823793,10.15098911207591,36.283681702085474,26.13269259000956,13.171570025823792,False,False,True,LOW,1.0200137429816545,False,False,7.361168934262192,6.36729886578374,8.355039002740645,1.987740136956905,2.490297934262192,False,False,False,LOW,0.9403592685341866,False,False,120.14603056838027,119.10750453329376,121.18455660346677,2.0770520701730106,1.629175568380262,False,False,False
