lot_id,component_id,ai_overall_risk,ai_recommendation_context,ai_reasons_summary,engineer_decision_status,engineer_decision,engineer_reason,decision_timestamp_utc,session_id,Iddq_0h,Iddq_24h,Iddq_pred_168h,Iddq_risk,leakage_current_0h,leakage_current_24h,leakage_current_pred_168h,leakage_current_risk,propagation_delay_0h,propagation_delay_24h,propagation_delay_pred_168h,propagation_delay_risk
LOT_001,LOT_001_CMP_0001,LOW,LOW RISK — all evidence signals nominal. No immediate engineering concern.,,UNREVIEWED,PENDING,,,,8.650342,9.036996,12.970193545454288,LOW,4.498088,4.544669,5.540090211129151,LOW,116.584223,118.114659,119.61102346409675,LOW
LOT_001,LOT_001_CMP_0002,HIGH,HIGH RISK — observed measurement currently breaches reference limits. Immediate engineering review required.,"[HIGH] Observed measurement of propagation_delay breaches reference limit (spec_min=80.0, spec_max=180.0). value_0h=190.6, value_24h=191.9 [ps]. | [HIGH] Module B predicts propagation_delay at 194.2 [ps] by 168h, crossing spec_max=180. | [HIGH] Module B 168h prediction upper bound (197.6 [ps]) crosses spec_max=180. Also population anomalous. | [MEDIUM] propagation_delay population anomaly score 13.123 >= strong threshold 6.0.",REVIEWED,REJECT,Verified anomalous gate dielectric leakage acceleration.,2026-09-28T08:41:02.875742+00:00,session_sih26170,7.406895,7.461363,11.04784954627663,LOW,3.656105,3.812957,5.205166151693623,LOW,190.600695,191.943075,194.22370098617114,HIGH
LOT_001,LOT_001_CMP_0003,LOW,LOW RISK — all evidence signals nominal. No immediate engineering concern.,,UNREVIEWED,PENDING,,,,8.349736,8.530551,14.219510030050772,LOW,4.347442,4.344497,5.174564133649286,LOW,117.608827,118.531721,120.42808784291192,LOW
LOT_001,LOT_001_CMP_0004,LOW,LOW RISK — all evidence signals nominal. No immediate engineering concern.,,UNREVIEWED,PENDING,,,,10.453121,10.364687,11.898067060143449,LOW,4.53321,4.733368,6.252044194162262,LOW,117.967479,116.716037,120.0143279775578,LOW
LOT_001,LOT_001_CMP_0005,LOW,LOW RISK — all evidence signals nominal. No immediate engineering concern.,,UNREVIEWED,PENDING,,,,9.867078,10.001023,13.269047690218667,LOW,4.617097,4.721191,5.909992438880966,LOW,114.637591,115.120154,117.27315130056857,LOW
LOT_001,LOT_001_CMP_0006,MEDIUM,MEDIUM RISK — high prediction uncertainty present. Engineering review recommended.,"[MEDIUM] Module B 168h prediction interval width (18.51 [uA]) is high relative to spec range, indicating insufficient prediction confidence.",UNREVIEWED,PENDING,,,,10.000528,10.487131,17.400286435835795,MEDIUM,5.143568,5.329504,6.784807321700262,LOW,118.582706,118.691531,121.12030065485013,LOW
LOT_001,LOT_001_CMP_0007,LOW,LOW RISK — all evidence signals nominal. No immediate engineering concern.,,UNREVIEWED,PENDING,,,,9.337717,9.304368,11.940706712579077,LOW,3.775651,3.92487,5.288124026160983,LOW,116.675808,116.882661,119.23128264814778,LOW
LOT_001,LOT_001_CMP_0008,MEDIUM,"MEDIUM RISK — population outlier, high prediction uncertainty present. Engineering review recommended.","[MEDIUM] Iddq population anomaly score 3.765 >= anomaly threshold 3.5 (moderate). | [MEDIUM] Module B 168h prediction interval width (24.32 [uA]) is high relative to spec range, indicating insufficient prediction confidence. | [MEDIUM] leakage_current population anomaly score 3.743 >= anomaly threshold 3.5 (moderate).",UNREVIEWED,PENDING,,,,14.292616,14.602002,20.85577801663972,MEDIUM,6.487183,6.549065,7.548348797490707,MEDIUM,128.710739,129.694811,131.6513114461492,LOW
LOT_001,LOT_001_CMP_0009,LOW,LOW RISK — all evidence signals nominal. No immediate engineering concern.,,UNREVIEWED,PENDING,,,,11.166038,11.591371,15.954707262047762,LOW,5.210648,5.387812,6.811548602004958,LOW,117.488636,115.717131,119.34567779763698,LOW
LOT_001,LOT_001_CMP_0010,MEDIUM,MEDIUM RISK — high prediction uncertainty present. Engineering review recommended.,"[MEDIUM] Module B 168h prediction interval width (20.47 [uA]) is high relative to spec range, indicating insufficient prediction confidence.",UNREVIEWED,PENDING,,,,9.925231,10.520107,16.49834105556558,MEDIUM,4.644869,4.820156,6.251241063679295,LOW,123.021746,122.499137,125.3738763204376,LOW
LOT_001,LOT_001_CMP_0011,LOW,LOW RISK — all evidence signals nominal. No immediate engineering concern.,,UNREVIEWED,PENDING,,,,11.538887,11.974321,15.987578541407675,LOW,4.790448,4.646184,4.983205486916966,LOW,121.80679,121.808721,124.33514577904381,LOW
LOT_001,LOT_001_CMP_0012,LOW,LOW RISK — all evidence signals nominal. No immediate engineering concern.,,UNREVIEWED,PENDING,,,,10.746593,11.103832,14.864624139441023,LOW,5.092959,5.147561,6.155894016013021,LOW,122.255156,121.410956,124.4856991689483,LOW
LOT_001,LOT_001_CMP_0013,MEDIUM,MEDIUM RISK — high prediction uncertainty present. Engineering review recommended.,"[MEDIUM] Module B 168h prediction interval width (21.59 [uA]) is high relative to spec range, indicating insufficient prediction confidence.",UNREVIEWED,PENDING,,,,8.930098,9.493583,16.939326083851416,MEDIUM,4.347646,4.579797,6.2121660415913755,LOW,124.994553,126.213951,127.98576848702108,LOW
LOT_001,LOT_001_CMP_0014,LOW,LOW RISK — all evidence signals nominal. No immediate engineering concern.,,UNREVIEWED,PENDING,,,,10.695202,11.092741,14.864624139441023,LOW,4.925264,5.105684,6.547469950450683,LOW,127.010827,126.832395,129.52147923205897,LOW
LOT_001,LOT_001_CMP_0015,LOW,LOW RISK — all evidence signals nominal. No immediate engineering concern.,,UNREVIEWED,PENDING,,,,8.779333,9.144314,13.615086828100704,LOW,4.490985,4.707206,6.281726522938354,LOW,128.598675,127.185558,130.68312153529482,LOW
LOT_001,LOT_001_CMP_0016,LOW,LOW RISK — all evidence signals nominal. No immediate engineering concern.,,UNREVIEWED,PENDING,,,,11.499777,11.750717,16.863808439793452,LOW,5.893697,5.895122,6.702513157546582,LOW,123.750555,123.714889,126.28291802004608,LOW
LOT_001,LOT_001_CMP_0017,LOW,LOW RISK — all evidence signals nominal. No immediate engineering concern.,,UNREVIEWED,PENDING,,,,10.253266,10.184797,11.898067060143449,LOW,4.61822,4.950906,6.919790950480454,LOW,116.858737,116.175674,119.09840144084664,LOW
LOT_001,LOT_001_CMP_0018,LOW,LOW RISK — all evidence signals nominal. No immediate engineering concern.,,UNREVIEWED,PENDING,,,,9.989256,10.186661,16.33726968075093,LOW,4.331221,4.466937,5.770603762326222,LOW,131.422026,132.167529,134.30179330106915,LOW
LOT_001,LOT_001_CMP_0019,LOW,LOW RISK — all evidence signals nominal. No immediate engineering concern.,,UNREVIEWED,PENDING,,,,9.473869,9.43058,11.491493842874233,LOW,4.670986,4.902572,6.525152500371264,LOW,121.684453,122.272405,124.4207570047507,LOW
LOT_001,LOT_001_CMP_0020,LOW,LOW RISK — all evidence signals nominal. No immediate engineering concern.,,UNREVIEWED,PENDING,,,,11.75322,12.173677,15.972698511827605,LOW,5.447484,5.457357,6.304425872908836,LOW,124.887997,124.654633,127.36003051824756,LOW
LOT_001,LOT_001_CMP_0021,LOW,LOW RISK — all evidence signals nominal. No immediate engineering concern.,,UNREVIEWED,PENDING,,,,9.939605,10.275056,19.722922220092354,LOW,5.299348,5.540551,7.18067577435742,LOW,116.752445,117.03091,119.33415174545895,LOW
LOT_001,LOT_001_CMP_0022,LOW,LOW RISK — all evidence signals nominal. No immediate engineering concern.,,UNREVIEWED,PENDING,,,,9.537109,9.816716,15.248416042154425,LOW,4.986237,5.155658,6.558425658454231,LOW,120.947093,122.766227,124.11597464948487,LOW
LOT_001,LOT_001_CMP_0023,MEDIUM,MEDIUM RISK — high prediction uncertainty present. Engineering review recommended.,"[MEDIUM] Module B 168h prediction interval width (19.86 [uA]) is high relative to spec range, indicating insufficient prediction confidence.",UNREVIEWED,PENDING,,,,9.591906,10.118681,14.06910634998129,MEDIUM,4.876115,5.006489,6.2786788938720655,LOW,121.131146,123.850511,124.6228060675404,LOW
LOT_001,LOT_001_CMP_0024,LOW,LOW RISK — all evidence signals nominal. No immediate engineering concern.,,UNREVIEWED,PENDING,,,,10.982581,10.913148,12.936493503322856,LOW,5.588577,5.835471,7.487986181189166,LOW,135.662445,137.007333,138.79402395906445,LOW
LOT_001,LOT_001_CMP_0025,MEDIUM,MEDIUM RISK — high prediction uncertainty present. Engineering review recommended.,"[MEDIUM] Module B 168h prediction interval width (19.64 [uA]) is high relative to spec range, indicating insufficient prediction confidence.",UNREVIEWED,PENDING,,,,10.731807,11.31422,18.058203491147882,MEDIUM,4.451099,4.547312,5.713253528864733,LOW,130.474346,132.793202,133.90686491753996,LOW
LOT_001,LOT_001_CMP_0026,LOW,LOW RISK — all evidence signals nominal. No immediate engineering concern.,,UNREVIEWED,PENDING,,,,10.666518,11.011737,14.864624139441023,LOW,4.771687,4.704963,5.307059591598894,LOW,118.361283,117.520632,120.5581977480704,LOW
LOT_001,LOT_001_CMP_0027,MEDIUM,MEDIUM RISK — high prediction uncertainty present. Engineering review recommended.,"[MEDIUM] Module B 168h prediction interval width (19.79 [uA]) is high relative to spec range, indicating insufficient prediction confidence.",UNREVIEWED,PENDING,,,,10.593584,11.239626,15.615170472302992,MEDIUM,4.736456,4.689081,5.358065955394931,LOW,120.532776,121.891976,123.53387783725456,LOW
LOT_001,LOT_001_CMP_0028,LOW,LOW RISK — all evidence signals nominal. No immediate engineering concern.,,UNREVIEWED,PENDING,,,,13.385533,13.371623,15.419419183711708,LOW,5.675476,5.543081,5.8990925740740305,LOW,118.76386,119.327458,121.46530398429658,LOW
LOT_001,LOT_001_CMP_0029,LOW,LOW RISK — all evidence signals nominal. No immediate engineering concern.,,UNREVIEWED,PENDING,,,,9.692525,9.736262,11.491493842874233,LOW,4.137814,4.201043,5.262036710747683,LOW,116.081653,118.084261,119.27238223882128,LOW
LOT_001,LOT_001_CMP_0030,HIGH,HIGH RISK — observed measurement currently breaches reference limits. Immediate engineering review required.,"[MEDIUM] Module B 168h prediction interval width (21.01 [uA]) is high relative to spec range, indicating insufficient prediction confidence. | [HIGH] Observed measurement of propagation_delay breaches reference limit (spec_min=80.0, spec_max=180.0). value_0h=204.7, value_24h=204.1 [ps]. | [HIGH] Module B predicts propagation_delay at 207.8 [ps] by 168h, crossing spec_max=180. | [HIGH] Module B 168h prediction upper bound (211.2 [ps]) crosses spec_max=180. Also population anomalous. | [MEDIUM] propagation_delay population anomaly score 15.739 >= strong threshold 6.0.",UNREVIEWED,PENDING,,,,9.439565,10.062447,15.074932477553837,MEDIUM,4.967252,4.976148,5.831557101420275,LOW,204.740967,204.132988,207.79495997899295,HIGH
LOT_001,LOT_001_CMP_0031,LOW,LOW RISK — all evidence signals nominal. No immediate engineering concern.,,UNREVIEWED,PENDING,,,,8.992197,9.377884,13.026033904567859,LOW,4.505641,4.529231,5.446007726014992,LOW,126.317498,126.015061,128.77770218064515,LOW
LOT_001,LOT_001_CMP_0032,MEDIUM,MEDIUM RISK — high prediction uncertainty present. Engineering review recommended.,"[MEDIUM] Module B 168h prediction interval width (19.84 [uA]) is high relative to spec range, indicating insufficient prediction confidence.",UNREVIEWED,PENDING,,,,11.097604,11.749165,19.949428002546938,MEDIUM,4.4428,4.625469,6.0866587368957505,LOW,118.602508,119.157798,121.29954243293105,LOW
LOT_001,LOT_001_CMP_0033,LOW,LOW RISK — all evidence signals nominal. No immediate engineering concern.,,UNREVIEWED,PENDING,,,,11.988148,12.041139,13.754112411847228,LOW,4.816951,5.016748,6.527294488785756,LOW,120.060901,119.317107,122.30759732805265,LOW
LOT_001,LOT_001_CMP_0034,MEDIUM,MEDIUM RISK — high prediction uncertainty present. Engineering review recommended.,"[MEDIUM] Module B 168h prediction interval width (20.47 [uA]) is high relative to spec range, indicating insufficient prediction confidence.",UNREVIEWED,PENDING,,,,9.993138,10.536822,15.51473491061457,MEDIUM,4.945246,5.137708,6.620103653467373,LOW,111.090417,110.952907,113.47299827129874,LOW
LOT_001,LOT_001_CMP_0035,LOW,LOW RISK — all evidence signals nominal. No immediate engineering concern.,,UNREVIEWED,PENDING,,,,6.311861,6.397923,13.547925028996204,LOW,3.691447,3.767612,4.883603267180194,LOW,118.522917,119.750356,121.45900617209595,LOW
LOT_001,LOT_001_CMP_0036,LOW,LOW RISK — all evidence signals nominal. No immediate engineering concern.,,UNREVIEWED,PENDING,,,,8.804061,9.236697,15.629524697304475,LOW,5.468869,5.420242,6.0671493615730325,LOW,115.153663,116.032592,117.93523909481839,LOW
LOT_001,LOT_001_CMP_0037,LOW,LOW RISK — all evidence signals nominal. No immediate engineering concern.,,UNREVIEWED,PENDING,,,,11.117378,11.556899,16.80901886081577,LOW,6.154926,6.518819,8.556846140427234,LOW,119.924647,121.978302,123.16802411767145,LOW
LOT_001,LOT_001_CMP_0038,LOW,LOW RISK — all evidence signals nominal. No immediate engineering concern.,,UNREVIEWED,PENDING,,,,11.300831,11.514202,17.56308986356302,LOW,5.28082,5.327528,6.304354447565066,LOW,120.01198,118.853019,122.11014017961797,LOW
LOT_001,LOT_001_CMP_0039,MEDIUM,MEDIUM RISK — high prediction uncertainty present. Engineering review recommended.,"[MEDIUM] Module B 168h prediction interval width (18.11 [uA]) is high relative to spec range, indicating insufficient prediction confidence.",UNREVIEWED,PENDING,,,,11.009628,11.47727,18.63862597040791,MEDIUM,4.685409,4.765692,5.871573510000893,LOW,121.806177,121.713816,124.30089158491683,LOW
LOT_001,LOT_001_CMP_0040,LOW,LOW RISK — all evidence signals nominal. No immediate engineering concern.,,UNREVIEWED,PENDING,,,,9.455,9.635972,14.677841221362357,LOW,3.724517,3.724788,4.580973578891611,LOW,109.641211,111.128933,112.59055572959957,LOW
LOT_001,LOT_001_CMP_0041,LOW,LOW RISK — all evidence signals nominal. No immediate engineering concern.,,UNREVIEWED,PENDING,,,,10.641988,10.856147,15.820986609136222,LOW,5.040061,5.073672,6.0116554468398995,LOW,113.890686,115.786474,117.02367651499179,LOW
LOT_001,LOT_001_CMP_0042,MEDIUM,MEDIUM RISK — high prediction uncertainty present. Engineering review recommended.,"[MEDIUM] Module B 168h prediction interval width (19.16 [uA]) is high relative to spec range, indicating insufficient prediction confidence.",UNREVIEWED,PENDING,,,,10.327788,10.842119,16.529353424437637,MEDIUM,4.557488,4.590743,5.539242857764737,LOW,133.044613,134.257612,136.1056853663466,LOW
LOT_001,LOT_001_CMP_0043,MEDIUM,MEDIUM RISK — high prediction uncertainty present. Engineering review recommended.,"[MEDIUM] Module B 168h prediction interval width (18.11 [uA]) is high relative to spec range, indicating insufficient prediction confidence.",UNREVIEWED,PENDING,,,,10.302363,10.787702,18.906073888143577,MEDIUM,4.71447,4.884904,6.2977353423567894,LOW,115.828968,115.74477,118.2730305301591,LOW
LOT_001,LOT_001_CMP_0044,LOW,LOW RISK — all evidence signals nominal. No immediate engineering concern.,,UNREVIEWED,PENDING,,,,11.231916,11.330644,15.026305581822834,LOW,4.745241,4.765626,5.665640430754589,LOW,117.86669,119.418689,120.91267503921718,LOW
LOT_001,LOT_001_CMP_0045,MEDIUM,"MEDIUM RISK — population outlier, high prediction uncertainty present. Engineering review recommended.","[MEDIUM] Module B 168h prediction interval width (24.32 [uA]) is high relative to spec range, indicating insufficient prediction confidence. | [MEDIUM] propagation_delay population anomaly score 4.337 >= anomaly threshold 3.5 (moderate).",UNREVIEWED,PENDING,,,,13.53008,13.846697,20.85577801663972,MEDIUM,4.807785,5.093232,6.896297155347025,LOW,142.612118,144.891476,146.13931824797731,MEDIUM
LOT_001,LOT_001_CMP_0046,LOW,LOW RISK — all evidence signals nominal. No immediate engineering concern.,,UNREVIEWED,PENDING,,,,11.119314,11.499542,16.377423298882697,LOW,5.626728,5.606017,6.344355127169349,LOW,138.137927,139.743166,141.3845616735204,LOW
LOT_001,LOT_001_CMP_0047,LOW,LOW RISK — all evidence signals nominal. No immediate engineering concern.,,UNREVIEWED,PENDING,,,,10.279539,10.674502,15.584300457568684,LOW,5.002618,4.974703,5.703628278481251,LOW,116.070876,115.935445,118.49883059698037,LOW
LOT_001,LOT_001_CMP_0048,LOW,LOW RISK — all evidence signals nominal. No immediate engineering concern.,,UNREVIEWED,PENDING,,,,10.526556,10.84644,18.811030569767624,LOW,4.814958,5.057504,6.713987495800861,LOW,118.956228,120.999804,122.18733139636949,LOW
LOT_001,LOT_001_CMP_0049,LOW,LOW RISK — all evidence signals nominal. No immediate engineering concern.,,UNREVIEWED,PENDING,,,,11.062436,11.370468,19.60394104122199,LOW,4.553154,4.649446,5.8131761787338,LOW,124.323023,123.153293,126.45597450530707,LOW
LOT_001,LOT_001_CMP_0050,LOW,LOW RISK — all evidence signals nominal. No immediate engineering concern.,,UNREVIEWED,PENDING,,,,8.059153,8.428127,11.837845003529585,LOW,3.698718,3.664662,4.40432776518343,LOW,125.68084,127.707665,128.96622970327633,LOW
LOT_001,LOT_001_CMP_0051,LOW,LOW RISK — all evidence signals nominal. No immediate engineering concern.,,UNREVIEWED,PENDING,,,,9.973532,9.911959,11.820392775448628,LOW,4.432383,4.630138,6.143064628795986,LOW,116.210695,116.824092,118.9070233669742,LOW
LOT_001,LOT_001_CMP_0052,LOW,LOW RISK — all evidence signals nominal. No immediate engineering concern.,,UNREVIEWED,PENDING,,,,9.697935,10.086327,13.12405338311233,LOW,4.513292,4.742295,6.359894086796151,LOW,119.025692,119.836483,121.81766067245019,LOW
LOT_001,LOT_001_CMP_0053,LOW,LOW RISK — all evidence signals nominal. No immediate engineering concern.,,UNREVIEWED,PENDING,,,,9.35047,9.600134,13.972408528580045,LOW,5.413539,5.57487,6.93964140710663,LOW,125.353904,124.448133,127.59025266415465,LOW
LOT_001,LOT_001_CMP_0054,LOW,LOW RISK — all evidence signals nominal. No immediate engineering concern.,,UNREVIEWED,PENDING,,,,9.927526,10.175946,15.898918077948084,LOW,4.909172,4.940268,5.8728504672097674,LOW,121.114499,124.251841,124.75511001622012,LOW
LOT_001,LOT_001_CMP_0055,MEDIUM,"MEDIUM RISK — population outlier, high prediction uncertainty present. Engineering review recommended.","[MEDIUM] Iddq population anomaly score 4.091 >= anomaly threshold 3.5 (moderate). | [MEDIUM] Module B 168h prediction interval width (19.18 [uA]) is high relative to spec range, indicating insufficient prediction confidence.",UNREVIEWED,PENDING,,,,5.343513,5.693951,7.956714458122856,MEDIUM,5.929879,5.885485,6.535631097328718,LOW,123.846489,125.300118,126.91097079817091,LOW
LOT_001,LOT_001_CMP_0056,LOW,LOW RISK — all evidence signals nominal. No immediate engineering concern.,,UNREVIEWED,PENDING,,,,8.954208,9.311899,13.395592361708324,LOW,4.270839,4.508136,6.159933854948129,LOW,118.951854,119.701856,121.72147642232443,LOW
LOT_001,LOT_001_CMP_0057,HIGH,HIGH RISK — observed measurement currently breaches reference limits. Immediate engineering review required.,"[MEDIUM] Module B 168h prediction interval width (19.64 [uA]) is high relative to spec range, indicating insufficient prediction confidence. | [HIGH] Observed measurement of leakage_current breaches reference limit (spec_min=0.0, spec_max=30.0). value_0h=35.29, value_24h=35.39 [nA]. | [HIGH] Module B predicts leakage_current at 35.84 [nA] by 168h, crossing spec_max=30. | [HIGH] Module B 168h prediction upper bound (39.39 [nA]) crosses spec_max=30. Also population anomalous. | [MEDIUM] leakage_current population anomaly score 66.921 >= strong threshold 6.0.",UNREVIEWED,PENDING,,,,11.382182,12.050695,18.504773257953534,MEDIUM,35.285505,35.391042,35.839220552178624,HIGH,117.172294,117.369895,119.72891748054462,LOW
LOT_001,LOT_001_CMP_0058,LOW,LOW RISK — all evidence signals nominal. No immediate engineering concern.,,UNREVIEWED,PENDING,,,,7.876469,8.127993,13.034565931337191,LOW,3.952918,4.082098,5.372656027112618,LOW,116.816808,117.634648,119.59149656674187,LOW
LOT_001,LOT_001_CMP_0059,LOW,LOW RISK — all evidence signals nominal. No immediate engineering concern.,,UNREVIEWED,PENDING,,,,9.837554,10.051672,16.075221423368173,LOW,4.478044,4.531543,5.551060383764081,LOW,119.180388,120.571818,122.18086763285015,LOW
LOT_001,LOT_001_CMP_0060,LOW,LOW RISK — all evidence signals nominal. No immediate engineering concern.,,UNREVIEWED,PENDING,,,,10.62703,10.682146,12.089336614161212,LOW,5.741216,5.931046,7.385109497157535,LOW,124.486509,124.749206,127.13189877385585,LOW
LOT_001,LOT_001_CMP_0061,LOW,LOW RISK — all evidence signals nominal. No immediate engineering concern.,,UNREVIEWED,PENDING,,,,11.095962,11.033922,12.936493503322856,LOW,4.724577,4.825294,5.999957993293035,LOW,120.196886,120.120935,122.68303289244552,LOW
LOT_001,LOT_001_CMP_0062,LOW,LOW RISK — all evidence signals nominal. No immediate engineering concern.,,UNREVIEWED,PENDING,,,,11.178339,11.596468,15.954707262047762,LOW,5.527768,5.487192,6.160142997831461,LOW,126.147159,125.942318,128.64065100953155,LOW
LOT_001,LOT_001_CMP_0063,LOW,LOW RISK — all evidence signals nominal. No immediate engineering concern.,,UNREVIEWED,PENDING,,,,11.374906,11.420173,13.308261215643483,LOW,4.74606,4.861157,6.084373047448149,LOW,129.686876,129.115696,132.081408804795,LOW
LOT_001,LOT_001_CMP_0064,MEDIUM,MEDIUM RISK — high prediction uncertainty present. Engineering review recommended.,"[MEDIUM] Iddq predicted drift from 0h to 168h is 12.95 [uA] (25.9% of spec range), exceeding moderate-drift threshold of 20% of spec range. | [MEDIUM] Module B 168h prediction interval width (20.47 [uA]) is high relative to spec range, indicating insufficient prediction confidence.",UNREVIEWED,PENDING,,,,9.761324,10.391562,22.714705606633423,MEDIUM,5.217945,5.315817,6.468778175297805,LOW,122.463035,123.741675,125.45269734914999,LOW
LOT_001,LOT_001_CMP_0065,MEDIUM,MEDIUM RISK — high prediction uncertainty present. Engineering review recommended.,"[MEDIUM] Module B 168h prediction interval width (19.05 [uA]) is high relative to spec range, indicating insufficient prediction confidence.",UNREVIEWED,PENDING,,,,9.368345,9.847717,14.198746440913405,MEDIUM,4.871527,5.062877,6.543269860910327,LOW,123.837592,123.370912,126.21698432271995,LOW
LOT_001,LOT_001_CMP_0066,LOW,LOW RISK — all evidence signals nominal. No immediate engineering concern.,,UNREVIEWED,PENDING,,,,11.393284,11.670556,17.710728217709192,LOW,4.980013,5.245763,6.977421789882568,LOW,123.964014,125.079713,126.90900309978475,LOW
LOT_001,LOT_001_CMP_0067,LOW,LOW RISK — all evidence signals nominal. No immediate engineering concern.,,UNREVIEWED,PENDING,,,,10.098948,10.498456,15.196533238367795,LOW,4.870234,4.965257,6.116948292710753,LOW,121.78477,120.977729,124.02435317134405,LOW
LOT_001,LOT_001_CMP_0068,MEDIUM,MEDIUM RISK — high prediction uncertainty present. Engineering review recommended.,"[MEDIUM] Module B 168h prediction interval width (22 [uA]) is high relative to spec range, indicating insufficient prediction confidence.",UNREVIEWED,PENDING,,,,8.277679,8.938978,13.369086107799307,MEDIUM,4.093122,4.126648,5.087361406372954,LOW,115.124519,116.454831,118.06685059154142,LOW
LOT_001,LOT_001_CMP_0069,MEDIUM,MEDIUM RISK — high prediction uncertainty present. Engineering review recommended.,"[MEDIUM] Module B 168h prediction interval width (21.8 [uA]) is high relative to spec range, indicating insufficient prediction confidence.",UNREVIEWED,PENDING,,,,8.447934,9.010349,14.62713934340243,MEDIUM,4.616308,4.724413,5.926921869523876,LOW,120.945032,121.31523,123.59703290346444,LOW
LOT_001,LOT_001_CMP_0070,LOW,LOW RISK — all evidence signals nominal. No immediate engineering concern.,,UNREVIEWED,PENDING,,,,8.856136,9.062719,16.875045406588885,LOW,4.43263,4.424491,5.234761770096995,LOW,119.12,120.978557,122.28657131676968,LOW
LOT_001,LOT_001_CMP_0071,LOW,LOW RISK — all evidence signals nominal. No immediate engineering concern.,,UNREVIEWED,PENDING,,,,10.79738,11.227608,15.718935738209035,LOW,4.486513,4.702749,6.277429427187331,LOW,134.057072,133.991621,136.67117061393196,LOW
LOT_001,LOT_001_CMP_0072,MEDIUM,MEDIUM RISK — elevated predicted drift present. Engineering review recommended.,"[MEDIUM] Iddq predicted drift from 0h to 168h is 10.55 [uA] (21.1% of spec range), exceeding moderate-drift threshold of 20% of spec range.",UNREVIEWED,PENDING,,,,10.398818,10.729001,20.95190407608984,MEDIUM,4.252444,4.374865,5.635075277549735,LOW,128.607523,129.511815,131.51871148802525,LOW
LOT_001,LOT_001_CMP_0073,LOW,LOW RISK — all evidence signals nominal. No immediate engineering concern.,,UNREVIEWED,PENDING,,,,11.419771,11.434321,13.314034441114668,LOW,5.029992,5.277265,6.944652757904136,LOW,124.103624,125.260767,127.0646480373848,LOW
LOT_001,LOT_001_CMP_0074,LOW,LOW RISK — all evidence signals nominal. No immediate engineering concern.,,UNREVIEWED,PENDING,,,,9.647297,9.733177,12.923678273172696,LOW,5.424971,5.477463,6.470524071945596,LOW,117.699932,118.384571,120.43501930177524,LOW
LOT_001,LOT_001_CMP_0075,LOW,LOW RISK — all evidence signals nominal. No immediate engineering concern.,,UNREVIEWED,PENDING,,,,10.555912,10.712861,13.734489194114383,LOW,5.140493,4.989386,5.294544958205769,LOW,115.664798,115.939948,118.23557542253832,LOW
LOT_001,LOT_001_CMP_0076,LOW,LOW RISK — all evidence signals nominal. No immediate engineering concern.,,UNREVIEWED,PENDING,,,,11.043297,11.307646,17.73726237434905,LOW,4.964725,5.321589,7.364562152675477,LOW,128.887669,129.616724,131.73885769861263,LOW
LOT_001,LOT_001_CMP_0077,LOW,LOW RISK — all evidence signals nominal. No immediate engineering concern.,,UNREVIEWED,PENDING,,,,9.543044,9.824726,15.248416042154425,LOW,4.972891,4.967311,5.773181095820617,LOW,123.172838,122.312631,125.4058948587119,LOW
LOT_001,LOT_001_CMP_0078,MEDIUM,MEDIUM RISK — high prediction uncertainty present. Engineering review recommended.,"[MEDIUM] Module B 168h prediction interval width (18.69 [uA]) is high relative to spec range, indicating insufficient prediction confidence.",UNREVIEWED,PENDING,,,,10.735818,11.25282,15.80967710630998,MEDIUM,5.49009,5.589153,6.739562843797974,LOW,125.043523,126.18537,128.0075134486346,LOW
LOT_001,LOT_001_CMP_0079,LOW,LOW RISK — all evidence signals nominal. No immediate engineering concern.,,UNREVIEWED,PENDING,,,,9.488916,9.794255,15.248416042154425,LOW,4.667801,4.897841,6.515222927890772,LOW,110.005658,111.801122,113.06804593662193,LOW
LOT_001,LOT_001_CMP_0080,LOW,LOW RISK — all evidence signals nominal. No immediate engineering concern.,,UNREVIEWED,PENDING,,,,9.902074,9.901592,11.820392775448628,LOW,4.500553,4.716764,6.291017798586515,LOW,125.241201,126.913014,128.39601158984357,LOW
LOT_001,LOT_001_CMP_0081,LOW,LOW RISK — all evidence signals nominal. No immediate engineering concern.,,UNREVIEWED,PENDING,,,,9.581324,9.910963,16.350783495311262,LOW,5.242669,5.331722,6.4539857318779825,LOW,124.768077,123.795204,126.97523933014602,LOW
LOT_001,LOT_001_CMP_0082,MEDIUM,MEDIUM RISK — high prediction uncertainty present. Engineering review recommended.,"[MEDIUM] Iddq predicted drift from 0h to 168h is 25.39 [uA] (50.8% of spec range), exceeding moderate-drift threshold of 20% of spec range. | [MEDIUM] Module B 168h prediction interval width (24.47 [uA]) is high relative to spec range, indicating insufficient prediction confidence.",UNREVIEWED,PENDING,,,,8.512158,8.765266,33.90476131132262,MEDIUM,4.587594,4.804498,6.379000822086793,LOW,114.203655,114.101917,116.62689566562948,LOW
LOT_001,LOT_001_CMP_0083,MEDIUM,MEDIUM RISK — high prediction uncertainty present. Engineering review recommended.,"[MEDIUM] Module B 168h prediction interval width (19.39 [uA]) is high relative to spec range, indicating insufficient prediction confidence.",UNREVIEWED,PENDING,,,,10.861107,11.511692,18.148322763549896,MEDIUM,5.653554,5.761085,6.936419597006987,LOW,121.612934,120.16261,123.62150633943872,LOW
LOT_001,LOT_001_CMP_0084,MEDIUM,MEDIUM RISK — high prediction uncertainty present. Engineering review recommended.,"[MEDIUM] Module B 168h prediction interval width (19.05 [uA]) is high relative to spec range, indicating insufficient prediction confidence.",UNREVIEWED,PENDING,,,,9.380864,9.880263,13.61700831596437,MEDIUM,4.825283,4.848858,5.757813055692827,LOW,123.149307,120.427148,124.71796026416432,LOW
LOT_001,LOT_001_CMP_0085,LOW,LOW RISK — all evidence signals nominal. No immediate engineering concern.,,UNREVIEWED,PENDING,,,,10.321008,10.445629,13.346721974913487,LOW,4.488216,4.429055,5.063852837797452,LOW,122.697377,121.623197,124.84984495181844,LOW
LOT_001,LOT_001_CMP_0086,MEDIUM,MEDIUM RISK — high prediction uncertainty present. Engineering review recommended.,"[MEDIUM] Module B 168h prediction interval width (19.69 [uA]) is high relative to spec range, indicating insufficient prediction confidence.",UNREVIEWED,PENDING,,,,10.621443,11.236765,16.81550323388252,MEDIUM,4.323501,4.54468,6.1401921059813365,LOW,120.125835,122.17344,123.36885688972444,LOW
LOT_001,LOT_001_CMP_0087,LOW,LOW RISK — all evidence signals nominal. No immediate engineering concern.,,UNREVIEWED,PENDING,,,,11.086898,10.878257,12.936493503322856,LOW,5.705866,5.65914,6.306773477237614,LOW,122.344359,122.426372,124.90609886166098,LOW
LOT_001,LOT_001_CMP_0088,LOW,LOW RISK — all evidence signals nominal. No immediate engineering concern.,,UNREVIEWED,PENDING,,,,11.004527,11.251759,17.124738260760175,LOW,5.87857,5.730237,6.026920113102107,LOW,122.889487,122.702133,125.36002376009311,LOW
LOT_001,LOT_001_CMP_0089,LOW,LOW RISK — all evidence signals nominal. No immediate engineering concern.,,UNREVIEWED,PENDING,,,,10.006856,10.334853,18.60763732325466,LOW,4.814574,4.819211,5.663797101391506,LOW,123.38026,123.800421,126.07190659536107,LOW
LOT_001,LOT_001_CMP_0090,LOW,LOW RISK — all evidence signals nominal. No immediate engineering concern.,,UNREVIEWED,PENDING,,,,9.714581,9.997514,15.248416042154425,LOW,4.569871,4.689166,5.9309916135602485,LOW,129.466842,129.755338,132.16606533322775,LOW
LOT_001,LOT_001_CMP_0091,LOW,LOW RISK — all evidence signals nominal. No immediate engineering concern.,,UNREVIEWED,PENDING,,,,10.046527,10.154984,13.80048539901073,LOW,5.363853,5.581663,7.140386892708419,LOW,110.091678,108.962275,112.1114826239798,LOW
LOT_001,LOT_001_CMP_0092,LOW,LOW RISK — all evidence signals nominal. No immediate engineering concern.,,UNREVIEWED,PENDING,,,,8.09991,8.257533,11.517056256677657,LOW,3.659766,3.971126,5.890532152878533,LOW,116.096253,116.511614,118.72091270562679,LOW
LOT_001,LOT_001_CMP_0093,LOW,LOW RISK — all evidence signals nominal. No immediate engineering concern.,,UNREVIEWED,PENDING,,,,8.254635,8.502127,13.51407733726846,LOW,4.128726,3.928885,4.092326527514176,LOW,118.526607,121.478311,122.07780646409063,LOW
LOT_001,LOT_001_CMP_0094,LOW,LOW RISK — all evidence signals nominal. No immediate engineering concern.,,UNREVIEWED,PENDING,,,,8.335254,8.64504,16.08846694662133,LOW,4.762268,4.76865,5.6204627800089195,LOW,121.289525,121.56289,123.9100709082473,LOW
LOT_001,LOT_001_CMP_0095,LOW,LOW RISK — all evidence signals nominal. No immediate engineering concern.,,UNREVIEWED,PENDING,,,,8.647336,9.003029,13.339752002594754,LOW,4.320256,4.395705,5.493966476358455,LOW,118.449975,117.50816,120.61159747905748,LOW
LOT_001,LOT_001_CMP_0096,LOW,LOW RISK — all evidence signals nominal. No immediate engineering concern.,,UNREVIEWED,PENDING,,,,10.95832,10.99091,12.936493503322856,LOW,5.122513,5.066672,5.697380201021264,LOW,114.109583,114.104043,116.56629625843054,LOW
LOT_001,LOT_001_CMP_0097,MEDIUM,MEDIUM RISK — high prediction uncertainty present. Engineering review recommended.,"[MEDIUM] Module B 168h prediction interval width (21.5 [uA]) is high relative to spec range, indicating insufficient prediction confidence.",UNREVIEWED,PENDING,,,,8.898028,9.606672,14.718554331118717,MEDIUM,4.487295,4.639718,5.996606217286677,LOW,121.781114,122.69075,124.63303485317724,LOW
LOT_001,LOT_001_CMP_0098,LOW,LOW RISK — all evidence signals nominal. No immediate engineering concern.,,UNREVIEWED,PENDING,,,,9.449364,9.785906,17.46606839214896,LOW,4.953871,4.966766,5.836147690786969,LOW,129.782293,132.075889,133.19959946911865,LOW
LOT_001,LOT_001_CMP_0099,LOW,LOW RISK — all evidence signals nominal. No immediate engineering concern.,,UNREVIEWED,PENDING,,,,12.257628,12.41582,14.197983581535349,LOW,5.956146,6.095932,7.373986519375742,LOW,116.176361,118.024016,119.31266434997511,LOW
LOT_001,LOT_001_CMP_0100,LOW,LOW RISK — all evidence signals nominal. No immediate engineering concern.,,UNREVIEWED,PENDING,,,,9.680658,9.937253,14.626356075914188,LOW,4.67841,4.896525,6.472952842564139,LOW,124.518899,125.497604,127.41999233226184,LOW
LOT_002,LOT_002_CMP_0001,HIGH,HIGH RISK — observed measurement currently breaches reference limits. Immediate engineering review required.,"[HIGH] Observed measurement of leakage_current breaches reference limit (spec_min=0.0, spec_max=30.0). value_0h=41.09, value_24h=41.2 [nA]. | [HIGH] Module B predicts leakage_current at 41.49 [nA] by 168h, crossing spec_max=30. | [HIGH] Module B 168h prediction upper bound (45.04 [nA]) crosses spec_max=30. Also population anomalous. | [MEDIUM] leakage_current population anomaly score 58.814 >= strong threshold 6.0.",UNREVIEWED,PENDING,,,,7.31966,7.594594,16.288401706131328,LOW,41.093775,41.196065,41.491963850532095,HIGH,114.627891,114.608606,117.08434590950014,LOW
LOT_002,LOT_002_CMP_0002,LOW,LOW RISK — all evidence signals nominal. No immediate engineering concern.,,UNREVIEWED,PENDING,,,,10.210384,10.445236,15.71454410526015,LOW,5.178043,5.235841,6.253012546263212,LOW,123.366141,124.411329,126.28061976381389,LOW
LOT_002,LOT_002_CMP_0003,MEDIUM,MEDIUM RISK — high prediction uncertainty present. Engineering review recommended.,"[MEDIUM] Module B 168h prediction interval width (23.22 [uA]) is high relative to spec range, indicating insufficient prediction confidence.",UNREVIEWED,PENDING,,,,13.106785,13.273305,18.100846071665753,MEDIUM,5.693658,5.744402,6.724965944600401,LOW,132.230124,130.813505,134.345864044854,LOW
LOT_002,LOT_002_CMP_0004,LOW,LOW RISK — all evidence signals nominal. No immediate engineering concern.,,UNREVIEWED,PENDING,,,,10.515302,10.505427,11.898067060143449,LOW,4.900367,4.912259,5.779518454511313,LOW,120.215513,121.400331,123.15156644242171,LOW
LOT_002,LOT_002_CMP_0005,LOW,LOW RISK — all evidence signals nominal. No immediate engineering concern.,,UNREVIEWED,PENDING,,,,10.364522,10.536036,15.590604547595436,LOW,5.191754,5.152499,5.8381266276339625,LOW,119.775766,119.951592,122.34795259647184,LOW
LOT_002,LOT_002_CMP_0006,HIGH,HIGH RISK — Module B predicts parameter(s) will cross specification boundary by 168h. Elevated engineering attention required.,"[HIGH] Module B predicts Iddq at 100.9 [uA] by 168h, crossing spec_max=50. | [HIGH] Module B 168h prediction upper bound (179.2 [uA]) crosses spec_max=50. Also population anomalous. | [MEDIUM] Iddq population anomaly score 6.231 >= strong threshold 6.0. | [HIGH] Iddq predicted drift from 0h to 168h is 89.94 [uA] (179.9% of spec range), exceeding high-drift threshold of 60% of spec range. | [MEDIUM] Module B 168h prediction interval width (167 [uA]) is high relative to spec range, indicating insufficient prediction confidence.",UNREVIEWED,PENDING,,,,10.934199,12.507332,100.87670897617232,HIGH,5.174781,5.540081,7.606737051137325,LOW,110.026456,109.901876,112.40411509928899,LOW
LOT_002,LOT_002_CMP_0007,LOW,LOW RISK — all evidence signals nominal. No immediate engineering concern.,,UNREVIEWED,PENDING,,,,11.665821,11.554682,13.314034441114668,LOW,5.284244,5.432877,6.757457380808123,LOW,125.812724,127.309838,128.9103378504554,LOW
LOT_002,LOT_002_CMP_0008,LOW,LOW RISK — all evidence signals nominal. No immediate engineering concern.,,UNREVIEWED,PENDING,,,,7.555397,7.554244,9.118942219401172,LOW,4.297966,4.362752,5.4251659631932405,LOW,115.994511,115.980457,118.46507868377445,LOW
LOT_002,LOT_002_CMP_0009,LOW,LOW RISK — all evidence signals nominal. No immediate engineering concern.,,UNREVIEWED,PENDING,,,,7.933357,8.169987,13.034565931337191,LOW,4.114569,4.227737,5.45972150513752,LOW,111.603888,113.122649,114.58189317889743,LOW
LOT_002,LOT_002_CMP_0010,LOW,LOW RISK — all evidence signals nominal. No immediate engineering concern.,,UNREVIEWED,PENDING,,,,10.671128,10.38201,11.178390742015784,LOW,5.290526,5.302586,6.160934039651074,LOW,121.124905,124.05186,124.69056033309923,LOW
LOT_002,LOT_002_CMP_0011,LOW,LOW RISK — all evidence signals nominal. No immediate engineering concern.,,UNREVIEWED,PENDING,,,,9.10988,9.391337,16.294302318923076,LOW,5.855356,6.064573,7.582023341574736,LOW,116.572342,119.422363,120.06975637606955,LOW
LOT_002,LOT_002_CMP_0012,LOW,LOW RISK — all evidence signals nominal. No immediate engineering concern.,,UNREVIEWED,PENDING,,,,11.933418,12.26134,18.36855327958595,LOW,4.636032,4.663808,5.5917003963688225,LOW,120.491278,120.852282,123.13593297863795,LOW
LOT_002,LOT_002_CMP_0013,MEDIUM,MEDIUM RISK — high prediction uncertainty present. Engineering review recommended.,"[MEDIUM] Iddq predicted drift from 0h to 168h is 20.62 [uA] (41.2% of spec range), exceeding moderate-drift threshold of 20% of spec range. | [MEDIUM] Module B 168h prediction interval width (19.63 [uA]) is high relative to spec range, indicating insufficient prediction confidence.",UNREVIEWED,PENDING,,,,9.765392,10.140309,30.38047186582323,MEDIUM,5.053297,5.058082,5.897369834149046,LOW,123.652589,123.899399,126.28483852605423,LOW
LOT_002,LOT_002_CMP_0014,LOW,LOW RISK — all evidence signals nominal. No immediate engineering concern.,,UNREVIEWED,PENDING,,,,7.449197,7.454411,9.118942219401172,LOW,4.004301,3.978141,4.737324561378381,LOW,109.78154,110.211408,112.35478617670715,LOW
LOT_002,LOT_002_CMP_0015,MEDIUM,MEDIUM RISK — high prediction uncertainty present. Engineering review recommended.,"[MEDIUM] Module B 168h prediction interval width (22 [uA]) is high relative to spec range, indicating insufficient prediction confidence.",UNREVIEWED,PENDING,,,,8.221901,8.885007,13.369086107799307,MEDIUM,4.923079,4.940138,5.8244786324590585,LOW,124.106662,124.366733,126.74771108369582,LOW
LOT_002,LOT_002_CMP_0016,MEDIUM,MEDIUM RISK — high prediction uncertainty present. Engineering review recommended.,"[MEDIUM] Module B 168h prediction interval width (15.21 [uA]) is high relative to spec range, indicating insufficient prediction confidence.",UNREVIEWED,PENDING,,,,6.378385,6.580119,13.639997624295225,MEDIUM,4.063097,4.179437,5.423497800279847,LOW,108.148502,108.878375,110.81413126174914,LOW
LOT_002,LOT_002_CMP_0017,MEDIUM,MEDIUM RISK — high prediction uncertainty present. Engineering review recommended.,"[MEDIUM] Module B 168h prediction interval width (20.38 [uA]) is high relative to spec range, indicating insufficient prediction confidence.",UNREVIEWED,PENDING,,,,9.790775,10.549095,17.637064288888887,MEDIUM,5.286625,5.376024,6.49839995030727,LOW,117.6146,117.287769,119.98811254934182,LOW
LOT_002,LOT_002_CMP_0018,MEDIUM,MEDIUM RISK — high prediction uncertainty present. Engineering review recommended.,"[MEDIUM] Module B 168h prediction interval width (20.38 [uA]) is high relative to spec range, indicating insufficient prediction confidence.",UNREVIEWED,PENDING,,,,9.744755,10.547587,15.317901055231824,MEDIUM,5.571806,5.561305,6.335821717001231,LOW,131.628719,132.031079,134.3879330960818,LOW
LOT_002,LOT_002_CMP_0019,LOW,LOW RISK — all evidence signals nominal. No immediate engineering concern.,,UNREVIEWED,PENDING,,,,9.623416,9.94003,16.350783495311262,LOW,4.985504,4.836112,5.150891474806333,LOW,127.314622,126.359808,129.55104682721534,LOW
LOT_002,LOT_002_CMP_0020,HIGH,HIGH RISK — observed measurement currently breaches reference limits. Immediate engineering review required.,"[HIGH] Observed measurement of leakage_current breaches reference limit (spec_min=0.0, spec_max=30.0). value_0h=35.17, value_24h=35.38 [nA]. | [HIGH] Module B predicts leakage_current at 36.17 [nA] by 168h, crossing spec_max=30. | [HIGH] Module B 168h prediction upper bound (39.72 [nA]) crosses spec_max=30. Also population anomalous. | [MEDIUM] leakage_current population anomaly score 49.188 >= strong threshold 6.0.",UNREVIEWED,PENDING,,,,11.725667,12.165704,17.198160853001127,LOW,35.170504,35.37754,36.17489759024099,HIGH,126.169177,124.511828,128.1447298457219,LOW
LOT_002,LOT_002_CMP_0021,LOW,LOW RISK — all evidence signals nominal. No immediate engineering concern.,,UNREVIEWED,PENDING,,,,11.975168,12.297364,18.36855327958595,LOW,4.512872,4.457518,5.104708515590063,LOW,118.853066,119.51295,121.589656389268,LOW
LOT_002,LOT_002_CMP_0022,LOW,LOW RISK — all evidence signals nominal. No immediate engineering concern.,,UNREVIEWED,PENDING,,,,9.869222,10.142269,17.479196668669385,LOW,5.649554,5.762072,6.954522860286724,LOW,119.532299,119.221347,121.92866108193083,LOW
LOT_002,LOT_002_CMP_0023,MEDIUM,MEDIUM RISK — high prediction uncertainty present. Engineering review recommended.,"[MEDIUM] Iddq predicted drift from 0h to 168h is 14.86 [uA] (29.7% of spec range), exceeding moderate-drift threshold of 20% of spec range. | [MEDIUM] Module B 168h prediction interval width (24.96 [uA]) is high relative to spec range, indicating insufficient prediction confidence.",UNREVIEWED,PENDING,,,,7.15828,7.345139,22.020538505385602,MEDIUM,4.400012,4.396574,5.223680709636208,LOW,115.365019,116.844284,118.36264009042091,LOW
LOT_002,LOT_002_CMP_0024,MEDIUM,MEDIUM RISK — high prediction uncertainty present. Engineering review recommended.,"[MEDIUM] Iddq predicted drift from 0h to 168h is 11.49 [uA] (23.0% of spec range), exceeding moderate-drift threshold of 20% of spec range. | [MEDIUM] Module B 168h prediction interval width (19.39 [uA]) is high relative to spec range, indicating insufficient prediction confidence.",UNREVIEWED,PENDING,,,,10.889317,11.432709,22.378536587911167,MEDIUM,5.688666,5.762823,6.823409321912219,LOW,123.434293,124.268291,126.27404711868539,LOW
LOT_002,LOT_002_CMP_0025,MEDIUM,MEDIUM RISK — high prediction uncertainty present. Engineering review recommended.,"[MEDIUM] Iddq predicted drift from 0h to 168h is 10.46 [uA] (20.9% of spec range), exceeding moderate-drift threshold of 20% of spec range. | [MEDIUM] Module B 168h prediction interval width (17.38 [uA]) is high relative to spec range, indicating insufficient prediction confidence.",UNREVIEWED,PENDING,,,,10.989867,11.439955,21.44537130286472,MEDIUM,4.551274,4.923377,7.028406919535611,LOW,121.233275,122.908389,124.35334663228508,LOW
LOT_002,LOT_002_CMP_0026,LOW,LOW RISK — all evidence signals nominal. No immediate engineering concern.,,UNREVIEWED,PENDING,,,,10.841454,10.820803,18.584735013556056,LOW,4.803218,4.915661,6.1284302929737,LOW,122.0672,121.954883,124.55713503274572,LOW
LOT_002,LOT_002_CMP_0027,LOW,LOW RISK — all evidence signals nominal. No immediate engineering concern.,,UNREVIEWED,PENDING,,,,11.60451,12.0347,15.987578541407675,LOW,5.367543,5.541659,6.951179651324077,LOW,124.293813,122.596132,126.23817285501153,LOW
LOT_002,LOT_002_CMP_0028,MEDIUM,MEDIUM RISK — high prediction uncertainty present. Engineering review recommended.,"[MEDIUM] Module B 168h prediction interval width (21.77 [uA]) is high relative to spec range, indicating insufficient prediction confidence.",UNREVIEWED,PENDING,,,,8.582115,9.264665,14.5178266235674,MEDIUM,4.517756,4.65751,5.970422498708246,LOW,111.637842,112.876416,114.51620356667877,LOW
LOT_002,LOT_002_CMP_0029,LOW,LOW RISK — all evidence signals nominal. No immediate engineering concern.,,UNREVIEWED,PENDING,,,,13.416029,13.416141,15.419419183711708,LOW,5.789144,6.043456,7.716410650882475,LOW,123.271157,124.393716,126.21238424464941,LOW
LOT_002,LOT_002_CMP_0030,LOW,LOW RISK — all evidence signals nominal. No immediate engineering concern.,,UNREVIEWED,PENDING,,,,8.88862,9.291693,15.005462506344193,LOW,5.179405,5.16967,5.956340075697697,LOW,125.28355,125.235919,127.82538260999291,LOW
LOT_002,LOT_002_CMP_0031,LOW,LOW RISK — all evidence signals nominal. No immediate engineering concern.,,UNREVIEWED,PENDING,,,,11.668983,11.337276,13.314034441114668,LOW,4.466347,4.552178,5.682318431322318,LOW,115.800131,116.060014,118.36667516952419,LOW
LOT_002,LOT_002_CMP_0032,LOW,LOW RISK — all evidence signals nominal. No immediate engineering concern.,,UNREVIEWED,PENDING,,,,7.926338,8.126449,13.739998624119503,LOW,4.664137,4.836917,6.258978076721988,LOW,116.824179,117.03344,119.38184223289166,LOW
LOT_002,LOT_002_CMP_0033,LOW,LOW RISK — all evidence signals nominal. No immediate engineering concern.,,UNREVIEWED,PENDING,,,,9.004718,9.102716,13.141453856622897,LOW,4.691657,4.633284,5.26582538781613,LOW,114.93162,114.939585,117.40051731487192,LOW
LOT_002,LOT_002_CMP_0034,LOW,LOW RISK — all evidence signals nominal. No immediate engineering concern.,,UNREVIEWED,PENDING,,,,12.33471,12.758382,15.561151391955606,LOW,5.441652,5.617129,7.029492719739055,LOW,125.924996,126.562908,128.71712271204245,LOW
LOT_002,LOT_002_CMP_0035,MEDIUM,MEDIUM RISK — high prediction uncertainty present. Engineering review recommended.,"[MEDIUM] Module B 168h prediction interval width (18.58 [uA]) is high relative to spec range, indicating insufficient prediction confidence.",UNREVIEWED,PENDING,,,,9.702952,10.181573,14.460794698296157,MEDIUM,4.239947,4.277015,5.246246802640677,LOW,118.44491,118.227438,120.86487363825856,LOW
LOT_002,LOT_002_CMP_0036,LOW,LOW RISK — all evidence signals nominal. No immediate engineering concern.,,UNREVIEWED,PENDING,,,,11.396704,11.807532,16.116493477915974,LOW,5.571526,5.550486,6.289043313927002,LOW,130.246629,130.636816,132.9891153496728,LOW
LOT_002,LOT_002_CMP_0037,LOW,LOW RISK — all evidence signals nominal. No immediate engineering concern.,,UNREVIEWED,PENDING,,,,10.394536,10.830739,16.43861205633669,LOW,3.960311,4.251184,6.093368392561998,LOW,122.534719,123.691312,125.48148731281414,LOW
LOT_002,LOT_002_CMP_0038,MEDIUM,MEDIUM RISK — high prediction uncertainty present. Engineering review recommended.,"[MEDIUM] Module B 168h prediction interval width (18.51 [uA]) is high relative to spec range, indicating insufficient prediction confidence.",UNREVIEWED,PENDING,,,,9.895745,10.385128,15.873862143907758,MEDIUM,5.333339,5.260012,5.825920950519459,LOW,115.487509,115.547138,117.9798173433491,LOW
LOT_002,LOT_002_CMP_0039,LOW,LOW RISK — all evidence signals nominal. No immediate engineering concern.,,UNREVIEWED,PENDING,,,,12.128295,12.424891,17.266185826429105,LOW,4.923041,4.961195,5.917526991476189,LOW,127.773206,127.054311,130.09789703736504,LOW
LOT_002,LOT_002_CMP_0040,LOW,LOW RISK — all evidence signals nominal. No immediate engineering concern.,,UNREVIEWED,PENDING,,,,9.885882,9.753858,11.820392775448628,LOW,4.905791,4.894755,5.683636723967423,LOW,117.785789,117.609962,120.21470155673788,LOW
LOT_002,LOT_002_CMP_0041,HIGH,HIGH RISK — Module B predicts parameter(s) will cross specification boundary by 168h. Elevated engineering attention required.,"[HIGH] Module B predicts Iddq at 74.83 [uA] by 168h, crossing spec_max=50. | [MEDIUM] Module B 168h prediction upper bound (74.83 [uA]) crosses spec_max=50.  | [HIGH] Iddq predicted drift from 0h to 168h is 67.02 [uA] (134.0% of spec range), exceeding high-drift threshold of 60% of spec range. | [MEDIUM] Module B 168h prediction interval width (65.62 [uA]) is high relative to spec range, indicating insufficient prediction confidence.",UNREVIEWED,PENDING,,,,7.809764,8.766755,74.82998980059473,HIGH,4.349739,4.645324,6.494121955560539,LOW,115.33696,115.633756,117.91252107541298,LOW
LOT_002,LOT_002_CMP_0042,LOW,LOW RISK — all evidence signals nominal. No immediate engineering concern.,,UNREVIEWED,PENDING,,,,8.997528,9.374294,13.026033904567859,LOW,4.997227,5.287437,7.102151414015953,LOW,123.087317,122.036271,125.25153167202912,LOW
LOT_002,LOT_002_CMP_0043,LOW,LOW RISK — all evidence signals nominal. No immediate engineering concern.,,UNREVIEWED,PENDING,,,,11.093803,11.358302,17.73726237434905,LOW,5.177203,5.270792,6.410127112750387,LOW,121.835319,120.31805,123.8220036924696,LOW
LOT_002,LOT_002_CMP_0044,LOW,LOW RISK — all evidence signals nominal. No immediate engineering concern.,,UNREVIEWED,PENDING,,,,10.922925,11.100218,17.19132215124239,LOW,4.683916,5.083041,7.277063775243503,LOW,125.920172,125.886413,128.47265801074576,LOW
LOT_002,LOT_002_CMP_0045,LOW,LOW RISK — all evidence signals nominal. No immediate engineering concern.,,UNREVIEWED,PENDING,,,,7.930561,8.363565,13.261105027280939,LOW,4.310868,4.398395,5.538103018921486,LOW,112.113575,114.093073,115.26050108140501,LOW
LOT_002,LOT_002_CMP_0046,LOW,LOW RISK — all evidence signals nominal. No immediate engineering concern.,,UNREVIEWED,PENDING,,,,9.15764,9.426903,16.081064505172556,LOW,5.343063,5.44464,6.607203534048966,LOW,116.018554,115.704106,118.38218104474197,LOW
LOT_002,LOT_002_CMP_0047,LOW,LOW RISK — all evidence signals nominal. No immediate engineering concern.,,UNREVIEWED,PENDING,,,,9.565154,9.966038,13.12405338311233,LOW,5.001209,5.171789,6.578147983332101,LOW,117.77281,117.05362,120.00777861282434,LOW
LOT_002,LOT_002_CMP_0048,MEDIUM,MEDIUM RISK — high prediction uncertainty present. Engineering review recommended.,"[MEDIUM] Module B 168h prediction interval width (18.91 [uA]) is high relative to spec range, indicating insufficient prediction confidence.",UNREVIEWED,PENDING,,,,9.521417,9.997325,14.198746440913405,MEDIUM,4.687392,4.6246,5.242164447161292,LOW,117.588965,117.972054,120.21548942235061,LOW
LOT_002,LOT_002_CMP_0049,MEDIUM,MEDIUM RISK — high prediction uncertainty present. Engineering review recommended.,"[MEDIUM] Module B 168h prediction interval width (20.2 [uA]) is high relative to spec range, indicating insufficient prediction confidence.",UNREVIEWED,PENDING,,,,8.041965,8.540916,12.900719137848856,MEDIUM,4.282748,4.568909,6.387174428967944,LOW,122.297376,124.917386,125.76404531295437,LOW
LOT_002,LOT_002_CMP_0050,LOW,LOW RISK — all evidence signals nominal. No immediate engineering concern.,,UNREVIEWED,PENDING,,,,9.185335,9.491052,15.845089449218236,LOW,4.065712,4.268317,5.806708868113557,LOW,122.962925,122.666499,125.39521186452909,LOW
LOT_002,LOT_002_CMP_0051,LOW,LOW RISK — all evidence signals nominal. No immediate engineering concern.,,UNREVIEWED,PENDING,,,,9.221729,9.471505,14.515318540498061,LOW,4.840932,5.143041,7.002162388697749,LOW,129.517693,130.201686,132.3584531241989,LOW
LOT_002,LOT_002_CMP_0052,LOW,LOW RISK — all evidence signals nominal. No immediate engineering concern.,,UNREVIEWED,PENDING,,,,11.370756,11.275829,13.308261215643483,LOW,4.668825,4.613947,5.258970740953563,LOW,135.899976,134.239548,137.96163174508834,LOW
LOT_002,LOT_002_CMP_0053,MEDIUM,MEDIUM RISK — high prediction uncertainty present. Engineering review recommended.,"[MEDIUM] Iddq predicted drift from 0h to 168h is 11.18 [uA] (22.4% of spec range), exceeding moderate-drift threshold of 20% of spec range. | [MEDIUM] Module B 168h prediction interval width (25.93 [uA]) is high relative to spec range, indicating insufficient prediction confidence.",UNREVIEWED,PENDING,,,,11.102614,11.831655,22.28743301742808,MEDIUM,5.607956,5.654697,6.623683407025933,LOW,118.934578,118.520916,121.28894512910291,LOW
LOT_002,LOT_002_CMP_0054,MEDIUM,MEDIUM RISK — high prediction uncertainty present. Engineering review recommended.,"[MEDIUM] Module B 168h prediction interval width (20.47 [uA]) is high relative to spec range, indicating insufficient prediction confidence.",UNREVIEWED,PENDING,,,,9.848297,10.451567,16.49834105556558,MEDIUM,4.984482,5.081895,6.238965229465478,LOW,121.029578,121.621675,123.76149202942979,LOW
LOT_002,LOT_002_CMP_0055,LOW,LOW RISK — all evidence signals nominal. No immediate engineering concern.,,UNREVIEWED,PENDING,,,,9.587738,10.009331,13.12405338311233,LOW,5.738614,5.836649,6.977509005834331,LOW,115.060381,114.719524,117.40600092847305,LOW
LOT_002,LOT_002_CMP_0056,MEDIUM,MEDIUM RISK — high prediction uncertainty present. Engineering review recommended.,"[MEDIUM] Iddq predicted drift from 0h to 168h is 12.4 [uA] (24.8% of spec range), exceeding moderate-drift threshold of 20% of spec range. | [MEDIUM] Module B 168h prediction interval width (20.01 [uA]) is high relative to spec range, indicating insufficient prediction confidence.",UNREVIEWED,PENDING,,,,10.327992,10.939017,22.730668130235657,MEDIUM,4.558782,4.664977,5.862366109218359,LOW,105.464116,106.705953,108.28831653082511,LOW
LOT_002,LOT_002_CMP_0057,LOW,LOW RISK — all evidence signals nominal. No immediate engineering concern.,,UNREVIEWED,PENDING,,,,9.169291,9.359532,15.669964102985217,LOW,4.689381,4.773092,5.890575609909151,LOW,116.383265,117.462506,119.24731500258326,LOW
LOT_002,LOT_002_CMP_0058,LOW,LOW RISK — all evidence signals nominal. No immediate engineering concern.,,UNREVIEWED,PENDING,,,,8.714906,8.833918,13.321808279413698,LOW,5.447999,5.64157,7.115528414085159,LOW,113.491351,115.401867,116.62601667861314,LOW
LOT_002,LOT_002_CMP_0059,LOW,LOW RISK — all evidence signals nominal. No immediate engineering concern.,,UNREVIEWED,PENDING,,,,9.033165,9.301106,15.75593007670474,LOW,5.299415,5.310355,6.164664749550741,LOW,113.759549,116.09269,117.04737625472049,LOW
LOT_002,LOT_002_CMP_0060,LOW,LOW RISK — all evidence signals nominal. No immediate engineering concern.,,UNREVIEWED,PENDING,,,,9.327997,9.568032,13.972408528580045,LOW,4.529973,4.452608,5.0242663432064685,LOW,118.84797,118.065183,121.06988728690973,LOW
LOT_002,LOT_002_CMP_0061,LOW,LOW RISK — all evidence signals nominal. No immediate engineering concern.,,UNREVIEWED,PENDING,,,,8.558809,8.860172,15.285762062172125,LOW,4.776577,4.832064,5.851108465471426,LOW,112.470901,113.933946,115.43680087036873,LOW
LOT_002,LOT_002_CMP_0062,LOW,LOW RISK — all evidence signals nominal. No immediate engineering concern.,,UNREVIEWED,PENDING,,,,10.517223,10.866317,15.584300457568684,LOW,5.047106,5.23972,6.720158169245336,LOW,125.814681,128.167264,129.21747400640018,LOW
LOT_002,LOT_002_CMP_0063,MEDIUM,MEDIUM RISK — high prediction uncertainty present. Engineering review recommended.,"[MEDIUM] Module B 168h prediction interval width (19.34 [uA]) is high relative to spec range, indicating insufficient prediction confidence.",UNREVIEWED,PENDING,,,,10.967909,11.550115,20.33479622747876,MEDIUM,5.429638,5.472084,6.430747857648762,LOW,119.548618,120.079271,122.2453423957057,LOW
LOT_002,LOT_002_CMP_0064,LOW,LOW RISK — all evidence signals nominal. No immediate engineering concern.,,UNREVIEWED,PENDING,,,,8.17546,8.575167,11.837845003529585,LOW,4.153979,4.277005,5.5416736264895485,LOW,133.83914,133.019253,136.18216436753312,LOW
LOT_002,LOT_002_CMP_0065,LOW,LOW RISK — all evidence signals nominal. No immediate engineering concern.,,UNREVIEWED,PENDING,,,,10.222371,10.637118,15.584300457568684,LOW,5.085348,5.197803,6.403754679689414,LOW,119.033013,119.860986,121.83117641586745,LOW
LOT_002,LOT_002_CMP_0066,MEDIUM,MEDIUM RISK — high prediction uncertainty present. Engineering review recommended.,"[MEDIUM] Module B 168h prediction interval width (20.47 [uA]) is high relative to spec range, indicating insufficient prediction confidence.",UNREVIEWED,PENDING,,,,9.902672,10.448362,15.51473491061457,MEDIUM,4.186118,4.529444,6.545144217608004,LOW,119.50429,120.619236,122.409045278919,LOW
LOT_002,LOT_002_CMP_0067,MEDIUM,MEDIUM RISK — high prediction uncertainty present. Engineering review recommended.,"[MEDIUM] Module B 168h prediction interval width (20 [uA]) is high relative to spec range, indicating insufficient prediction confidence.",UNREVIEWED,PENDING,,,,10.389219,11.178603,13.227656069039421,MEDIUM,5.187694,5.31507,6.569454217194559,LOW,114.758707,115.882344,117.62403562090542,LOW
LOT_002,LOT_002_CMP_0068,MEDIUM,MEDIUM RISK — high prediction uncertainty present. Engineering review recommended.,"[MEDIUM] Module B 168h prediction interval width (20.34 [uA]) is high relative to spec range, indicating insufficient prediction confidence.",UNREVIEWED,PENDING,,,,9.929855,10.650191,14.21284319526903,MEDIUM,3.091166,3.289365,4.8364117721910524,LOW,110.014241,112.443684,113.30285788998191,LOW
LOT_002,LOT_002_CMP_0069,LOW,LOW RISK — all evidence signals nominal. No immediate engineering concern.,,UNREVIEWED,PENDING,,,,8.393739,8.541428,12.195957630451803,LOW,4.495263,4.608285,5.830516603142694,LOW,123.870887,123.496327,126.28343859957567,LOW
LOT_002,LOT_002_CMP_0070,MEDIUM,MEDIUM RISK — elevated predicted drift present. Engineering review recommended.,"[MEDIUM] Iddq predicted drift from 0h to 168h is 14.07 [uA] (28.1% of spec range), exceeding moderate-drift threshold of 20% of spec range.",UNREVIEWED,PENDING,,,,8.60186,8.958516,22.670230469808875,MEDIUM,3.919236,3.923249,4.787471210078,LOW,118.827595,119.324203,121.50571356453474,LOW
LOT_002,LOT_002_CMP_0071,LOW,LOW RISK — all evidence signals nominal. No immediate engineering concern.,,UNREVIEWED,PENDING,,,,10.48542,10.508895,11.898067060143449,LOW,5.35971,5.396448,6.33733223955604,LOW,114.825213,114.859601,117.30258233589937,LOW
LOT_002,LOT_002_CMP_0072,LOW,LOW RISK — all evidence signals nominal. No immediate engineering concern.,,UNREVIEWED,PENDING,,,,11.611476,12.052513,15.987578541407675,LOW,5.514722,5.53218,6.4034994807276,LOW,124.55726,125.146356,127.31971636105902,LOW
LOT_002,LOT_002_CMP_0073,HIGH,HIGH RISK — one or more strong evidence signals present. Engineering review recommended.,"[HIGH] Iddq predicted drift from 0h to 168h is 34.77 [uA] (69.5% of spec range), exceeding high-drift threshold of 60% of spec range. | [MEDIUM] Module B 168h prediction interval width (33.5 [uA]) is high relative to spec range, indicating insufficient prediction confidence.",UNREVIEWED,PENDING,,,,7.201971,8.033708,41.97413299493034,HIGH,3.878809,4.167218,6.002974864127945,LOW,109.04678,111.315267,112.26931113652874,LOW
LOT_002,LOT_002_CMP_0074,HIGH,HIGH RISK — observed measurement currently breaches reference limits. Immediate engineering review required.,"[HIGH] Observed measurement of Iddq breaches reference limit (spec_min=0.0, spec_max=50.0). value_0h=68.9, value_24h=68.99 [uA]. | [HIGH] Module B predicts Iddq at 178.2 [uA] by 168h, crossing spec_max=50. | [HIGH] Module B 168h prediction upper bound (221 [uA]) crosses spec_max=50. Also population anomalous. | [MEDIUM] Iddq population anomaly score 38.353 >= strong threshold 6.0. | [HIGH] Iddq predicted drift from 0h to 168h is 109.3 [uA] (218.7% of spec range), exceeding high-drift threshold of 60% of spec range. | [MEDIUM] Module B 168h prediction interval width (207.1 [uA]) is high relative to spec range, indicating insufficient prediction confidence.",UNREVIEWED,PENDING,,,,68.899345,68.993056,178.2462850111353,HIGH,4.878821,5.10413,6.7002366648133656,LOW,128.546769,129.231299,131.37901987827613,LOW
LOT_002,LOT_002_CMP_0075,LOW,LOW RISK — all evidence signals nominal. No immediate engineering concern.,,UNREVIEWED,PENDING,,,,12.073515,12.353371,17.266185826429105,LOW,4.83876,4.842315,5.682620623779249,LOW,128.42256,129.189731,131.28317736973287,LOW
LOT_002,LOT_002_CMP_0076,LOW,LOW RISK — all evidence signals nominal. No immediate engineering concern.,,UNREVIEWED,PENDING,,,,10.043984,9.901284,11.820392775448628,LOW,4.51678,4.681325,6.078864917087502,LOW,121.1164,121.770125,123.87107592073234,LOW
LOT_002,LOT_002_CMP_0077,LOW,LOW RISK — all evidence signals nominal. No immediate engineering concern.,,UNREVIEWED,PENDING,,,,11.124363,11.152126,12.936493503322856,LOW,4.84554,5.102653,6.808105524468427,LOW,109.251581,110.326344,112.05012399811373,LOW
LOT_002,LOT_002_CMP_0078,LOW,LOW RISK — all evidence signals nominal. No immediate engineering concern.,,UNREVIEWED,PENDING,,,,9.038436,9.365161,16.622322473907253,LOW,5.277711,5.351511,6.420869290357612,LOW,117.100297,116.733917,119.45509283279272,LOW
LOT_002,LOT_002_CMP_0079,LOW,LOW RISK — all evidence signals nominal. No immediate engineering concern.,,UNREVIEWED,PENDING,,,,9.906333,10.11118,16.075221423368173,LOW,4.780994,4.763693,5.534228106913422,LOW,124.766934,124.625385,127.2706347376765,LOW
LOT_002,LOT_002_CMP_0080,LOW,LOW RISK — all evidence signals nominal. No immediate engineering concern.,,UNREVIEWED,PENDING,,,,8.090746,8.09583,10.354261277788503,LOW,6.715359,6.829077,7.9997134101554295,LOW,123.731403,125.356079,126.85586909987404,LOW
LOT_002,LOT_002_CMP_0081,HIGH,HIGH RISK — Module B predicts parameter(s) will cross specification boundary by 168h. Elevated engineering attention required.,"[HIGH] Module B predicts Iddq at 55.8 [uA] by 168h, crossing spec_max=50. | [MEDIUM] Module B 168h prediction upper bound (55.8 [uA]) crosses spec_max=50.  | [HIGH] Iddq predicted drift from 0h to 168h is 49.16 [uA] (98.3% of spec range), exceeding high-drift threshold of 60% of spec range. | [MEDIUM] Module B 168h prediction interval width (47.64 [uA]) is high relative to spec range, indicating insufficient prediction confidence.",UNREVIEWED,PENDING,,,,6.642891,7.525564,55.799419348665104,HIGH,4.007898,4.080589,5.177031717873514,LOW,121.316867,124.253269,124.8876124942003,LOW
LOT_002,LOT_002_CMP_0082,LOW,LOW RISK — all evidence signals nominal. No immediate engineering concern.,,UNREVIEWED,PENDING,,,,11.587871,11.712989,14.177160861740425,LOW,5.501679,5.650843,6.971949679266418,LOW,115.421548,115.854312,118.04636940032427,LOW
LOT_002,LOT_002_CMP_0083,LOW,LOW RISK — all evidence signals nominal. No immediate engineering concern.,,UNREVIEWED,PENDING,,,,9.04112,9.149474,13.141453856622897,LOW,4.682227,4.752218,5.823053585775608,LOW,121.141303,120.654322,123.48929115222445,LOW
LOT_002,LOT_002_CMP_0084,LOW,LOW RISK — all evidence signals nominal. No immediate engineering concern.,,UNREVIEWED,PENDING,,,,9.691577,9.759722,12.219814631174284,LOW,5.356728,5.169364,5.34553284284218,LOW,125.318532,126.021013,128.1282569239825,LOW
LOT_002,LOT_002_CMP_0085,LOW,LOW RISK — all evidence signals nominal. No immediate engineering concern.,,UNREVIEWED,PENDING,,,,8.258236,8.52344,14.221788279748397,LOW,4.340877,4.452073,5.671826169250764,LOW,110.165698,109.286511,112.27542262039069,LOW
LOT_002,LOT_002_CMP_0086,LOW,LOW RISK — all evidence signals nominal. No immediate engineering concern.,,UNREVIEWED,PENDING,,,,8.500539,8.859464,15.954441723696245,LOW,3.757251,4.012895,5.739790549163019,LOW,118.117779,118.123696,120.61449808718176,LOW
LOT_002,LOT_002_CMP_0087,LOW,LOW RISK — all evidence signals nominal. No immediate engineering concern.,,UNREVIEWED,PENDING,,,,10.134252,10.312685,16.152895708062996,LOW,4.407956,4.524042,5.758852476057249,LOW,121.537773,121.981852,124.22144039105858,LOW
LOT_002,LOT_002_CMP_0088,MEDIUM,MEDIUM RISK — high prediction uncertainty present. Engineering review recommended.,"[MEDIUM] Iddq predicted drift from 0h to 168h is 23.1 [uA] (46.2% of spec range), exceeding moderate-drift threshold of 20% of spec range. | [MEDIUM] Module B 168h prediction interval width (22.15 [uA]) is high relative to spec range, indicating insufficient prediction confidence.",UNREVIEWED,PENDING,,,,9.153496,9.737977,32.250961885742825,MEDIUM,4.455243,4.750997,6.597806901410961,LOW,117.781685,117.828095,120.28983682860324,LOW
LOT_002,LOT_002_CMP_0089,MEDIUM,MEDIUM RISK — high prediction uncertainty present. Engineering review recommended.,"[MEDIUM] Module B 168h prediction interval width (23.99 [uA]) is high relative to spec range, indicating insufficient prediction confidence.",UNREVIEWED,PENDING,,,,10.609823,11.456263,7.218849608224558,MEDIUM,4.659747,4.831281,6.2491966010259485,LOW,110.89866,112.318047,113.83489682958452,LOW
LOT_002,LOT_002_CMP_0090,LOW,LOW RISK — all evidence signals nominal. No immediate engineering concern.,,UNREVIEWED,PENDING,,,,10.849275,10.841877,12.770337021403945,LOW,5.285701,5.487888,6.995195500622261,LOW,121.453148,122.250449,124.26205785763649,LOW
LOT_002,LOT_002_CMP_0091,LOW,LOW RISK — all evidence signals nominal. No immediate engineering concern.,,UNREVIEWED,PENDING,,,,10.724091,11.015186,16.988986798483115,LOW,4.866079,5.069185,6.589829740074675,LOW,119.76002,119.808055,122.286480076983,LOW
LOT_002,LOT_002_CMP_0092,MEDIUM,MEDIUM RISK — high prediction uncertainty present. Engineering review recommended.,"[MEDIUM] Module B 168h prediction interval width (19.97 [uA]) is high relative to spec range, indicating insufficient prediction confidence.",UNREVIEWED,PENDING,,,,10.402795,11.000071,16.701734302078542,MEDIUM,6.192002,6.171308,6.895962361570645,LOW,122.775278,122.363795,125.16484033092071,LOW
LOT_002,LOT_002_CMP_0093,MEDIUM,MEDIUM RISK — high prediction uncertainty present. Engineering review recommended.,"[MEDIUM] Iddq predicted drift from 0h to 168h is 11.31 [uA] (22.6% of spec range), exceeding moderate-drift threshold of 20% of spec range. | [MEDIUM] Module B 168h prediction interval width (19.49 [uA]) is high relative to spec range, indicating insufficient prediction confidence.",UNREVIEWED,PENDING,,,,12.334301,13.036812,23.648352324313063,MEDIUM,6.836298,7.067249,8.635023829568318,LOW,120.704466,122.736554,123.94713801199589,LOW
LOT_002,LOT_002_CMP_0094,MEDIUM,"MEDIUM RISK — population outlier, high prediction uncertainty present. Engineering review recommended.","[MEDIUM] Iddq population anomaly score 4.081 >= anomaly threshold 3.5 (moderate). | [MEDIUM] Module B 168h prediction interval width (20.59 [uA]) is high relative to spec range, indicating insufficient prediction confidence. | [MEDIUM] propagation_delay population anomaly score 3.895 >= anomaly threshold 3.5 (moderate).",UNREVIEWED,PENDING,,,,3.6126,3.976874,7.956714458122856,MEDIUM,4.775021,4.823109,5.8169408897424955,LOW,96.587241,98.366433,99.52357708893743,MEDIUM
LOT_002,LOT_002_CMP_0095,LOW,LOW RISK — all evidence signals nominal. No immediate engineering concern.,,UNREVIEWED,PENDING,,,,10.007982,10.056909,11.820392775448628,LOW,4.480796,4.556811,5.65310133298335,LOW,120.746093,120.978369,123.34711180962479,LOW
LOT_002,LOT_002_CMP_0096,LOW,LOW RISK — all evidence signals nominal. No immediate engineering concern.,,UNREVIEWED,PENDING,,,,12.023947,12.193883,16.59607391604037,LOW,5.12166,5.379595,7.081140282871733,LOW,124.341918,125.716518,127.38264841162471,LOW
LOT_002,LOT_002_CMP_0097,MEDIUM,MEDIUM RISK — high prediction uncertainty present. Engineering review recommended.,"[MEDIUM] Iddq predicted drift from 0h to 168h is 22.04 [uA] (44.1% of spec range), exceeding moderate-drift threshold of 20% of spec range. | [MEDIUM] Module B 168h prediction interval width (21.16 [uA]) is high relative to spec range, indicating insufficient prediction confidence.",UNREVIEWED,PENDING,,,,11.996185,12.607745,34.040281272915486,MEDIUM,5.557739,5.578454,6.459842830865804,LOW,123.827814,122.641155,125.95028886952166,LOW
LOT_002,LOT_002_CMP_0098,LOW,LOW RISK — all evidence signals nominal. No immediate engineering concern.,,UNREVIEWED,PENDING,,,,8.361913,8.546283,14.219510030050772,LOW,3.515324,3.635206,4.9046708372840015,LOW,114.928213,117.742582,118.39817600903393,LOW
LOT_002,LOT_002_CMP_0099,LOW,LOW RISK — all evidence signals nominal. No immediate engineering concern.,,UNREVIEWED,PENDING,,,,9.731533,10.146343,13.12405338311233,LOW,5.016838,5.230848,6.785039633943358,LOW,121.741459,123.017355,124.72367620811589,LOW
LOT_002,LOT_002_CMP_0100,LOW,LOW RISK — all evidence signals nominal. No immediate engineering concern.,,UNREVIEWED,PENDING,,,,12.026734,12.331148,17.266185826429105,LOW,6.382628,6.394314,7.22483675620013,LOW,116.718721,114.394111,118.37156052278092,LOW
LOT_003,LOT_003_CMP_0001,LOW,LOW RISK — all evidence signals nominal. No immediate engineering concern.,,UNREVIEWED,PENDING,,,,9.784689,10.121922,19.460873962709602,LOW,4.819804,4.999715,6.442327624558158,LOW,115.716834,117.647608,118.87866944609095,LOW
LOT_003,LOT_003_CMP_0002,LOW,LOW RISK — all evidence signals nominal. No immediate engineering concern.,,UNREVIEWED,PENDING,,,,12.072498,12.490872,15.284286784722516,LOW,5.86722,5.9953,7.235567501055692,LOW,123.002742,123.713505,125.79466862856349,LOW
LOT_003,LOT_003_CMP_0003,LOW,LOW RISK — all evidence signals nominal. No immediate engineering concern.,,UNREVIEWED,PENDING,,,,8.261627,8.32968,11.7614834398627,LOW,5.313216,5.18786,5.576699933612194,LOW,117.508517,118.733826,120.43475595365527,LOW
LOT_003,LOT_003_CMP_0004,LOW,LOW RISK — all evidence signals nominal. No immediate engineering concern.,,UNREVIEWED,PENDING,,,,8.191321,8.264671,11.082582066088554,LOW,5.346531,5.425091,6.50902062545014,LOW,120.141858,120.996865,122.95960170789405,LOW
LOT_003,LOT_003_CMP_0005,LOW,LOW RISK — all evidence signals nominal. No immediate engineering concern.,,UNREVIEWED,PENDING,,,,8.903258,9.175556,17.73535867848107,LOW,5.079688,5.381638,7.234412627185385,LOW,111.86249,113.398535,114.84897812820654,LOW
LOT_003,LOT_003_CMP_0006,LOW,LOW RISK — all evidence signals nominal. No immediate engineering concern.,,UNREVIEWED,PENDING,,,,10.216641,10.159662,11.898067060143449,LOW,5.3204,5.366448,6.340059892597467,LOW,124.929164,124.867089,127.46266838589747,LOW
LOT_003,LOT_003_CMP_0007,MEDIUM,"MEDIUM RISK — population outlier, high prediction uncertainty present. Engineering review recommended.","[MEDIUM] Iddq predicted drift from 0h to 168h is 27.64 [uA] (55.3% of spec range), exceeding moderate-drift threshold of 20% of spec range. | [MEDIUM] Module B 168h prediction interval width (32.8 [uA]) is high relative to spec range, indicating insufficient prediction confidence. | [MEDIUM] leakage_current population anomaly score 4.050 >= anomaly threshold 3.5 (moderate).",UNREVIEWED,PENDING,,,,12.971125,13.550723,40.61531427560139,MEDIUM,6.991966,7.059975,8.06789702541381,MEDIUM,138.177512,138.213776,140.86481900044882,LOW
LOT_003,LOT_003_CMP_0008,MEDIUM,MEDIUM RISK — high prediction uncertainty present. Engineering review recommended.,"[MEDIUM] Module B 168h prediction interval width (22.45 [uA]) is high relative to spec range, indicating insufficient prediction confidence.",UNREVIEWED,PENDING,,,,7.77538,8.366586,14.928630523722797,MEDIUM,4.35126,4.32739,5.085954038233787,LOW,109.947541,109.203711,112.1035949820367,LOW
LOT_003,LOT_003_CMP_0009,MEDIUM,MEDIUM RISK — high prediction uncertainty present. Engineering review recommended.,"[MEDIUM] Module B 168h prediction interval width (20.11 [uA]) is high relative to spec range, indicating insufficient prediction confidence.",UNREVIEWED,PENDING,,,,10.108711,10.748878,16.334846790430653,MEDIUM,5.201872,5.133457,5.719324979020161,LOW,125.873062,125.761402,128.39733711299382,LOW
LOT_003,LOT_003_CMP_0010,LOW,LOW RISK — all evidence signals nominal. No immediate engineering concern.,,UNREVIEWED,PENDING,,,,9.487548,9.636376,12.654288821763387,LOW,4.663371,4.847742,6.309378044899429,LOW,129.998379,130.489394,132.7746079038906,LOW
LOT_003,LOT_003_CMP_0011,HIGH,HIGH RISK — Module B predicts parameter(s) will cross specification boundary by 168h. Elevated engineering attention required.,"[HIGH] Module B predicts Iddq at 113.6 [uA] by 168h, crossing spec_max=50. | [HIGH] Module B 168h prediction upper bound (113.6 [uA]) crosses spec_max=50. Also population anomalous. | [MEDIUM] Iddq population anomaly score 3.598 >= anomaly threshold 3.5 (moderate). | [HIGH] Iddq predicted drift from 0h to 168h is 107.5 [uA] (215.0% of spec range), exceeding high-drift threshold of 60% of spec range. | [MEDIUM] Module B 168h prediction interval width (95.55 [uA]) is high relative to spec range, indicating insufficient prediction confidence.",UNREVIEWED,PENDING,,,,6.072047,7.152412,113.5782980261451,HIGH,3.618365,3.987452,6.104868252287162,LOW,117.910693,118.089836,120.46734923297288,LOW
LOT_003,LOT_003_CMP_0012,MEDIUM,MEDIUM RISK — high prediction uncertainty present. Engineering review recommended.,"[MEDIUM] Module B 168h prediction interval width (17.28 [uA]) is high relative to spec range, indicating insufficient prediction confidence.",UNREVIEWED,PENDING,,,,7.107219,7.456412,12.894800478410605,MEDIUM,4.555082,4.651661,5.816323747643951,LOW,122.280545,121.532259,124.54552998724652,LOW
LOT_003,LOT_003_CMP_0013,MEDIUM,"MEDIUM RISK — population outlier, high prediction uncertainty present. Engineering review recommended.","[MEDIUM] Iddq population anomaly score 4.722 >= anomaly threshold 3.5 (moderate). | [MEDIUM] Module B 168h prediction interval width (30.65 [uA]) is high relative to spec range, indicating insufficient prediction confidence. | [MEDIUM] leakage_current population anomaly score 5.043 >= anomaly threshold 3.5 (moderate). | [MEDIUM] propagation_delay population anomaly score 3.675 >= anomaly threshold 3.5 (moderate).",UNREVIEWED,PENDING,,,,15.925704,16.383364,24.34414391089551,MEDIUM,7.395437,7.556641,8.872799161218982,MEDIUM,139.970202,140.53485,142.86205829672636,MEDIUM
LOT_003,LOT_003_CMP_0014,LOW,LOW RISK — all evidence signals nominal. No immediate engineering concern.,,UNREVIEWED,PENDING,,,,9.688074,9.929432,13.918645133434252,LOW,5.399346,5.304782,5.796611288364801,LOW,110.675206,109.674142,112.7460207266018,LOW
LOT_003,LOT_003_CMP_0015,MEDIUM,MEDIUM RISK — high prediction uncertainty present. Engineering review recommended.,"[MEDIUM] Module B 168h prediction interval width (22.45 [uA]) is high relative to spec range, indicating insufficient prediction confidence.",UNREVIEWED,PENDING,,,,7.715293,8.265983,9.883347813192596,MEDIUM,4.911606,5.02241,6.226951007726867,LOW,107.514876,107.722661,109.98858866000154,LOW
LOT_003,LOT_003_CMP_0016,LOW,LOW RISK — all evidence signals nominal. No immediate engineering concern.,,UNREVIEWED,PENDING,,,,8.541628,8.741935,15.867081261766502,LOW,4.94604,5.145961,6.653792514035707,LOW,119.505721,118.943669,121.81227289141516,LOW
LOT_003,LOT_003_CMP_0017,LOW,LOW RISK — all evidence signals nominal. No immediate engineering concern.,,UNREVIEWED,PENDING,,,,9.032642,9.276272,14.190184112030247,LOW,5.259035,5.21666,5.890004475773968,LOW,113.976534,115.700957,117.04916476443364,LOW
LOT_003,LOT_003_CMP_0018,LOW,LOW RISK — all evidence signals nominal. No immediate engineering concern.,,UNREVIEWED,PENDING,,,,10.007176,10.245904,15.898918077948084,LOW,5.130328,5.240113,6.435859368909952,LOW,114.626849,114.831324,117.16311390333891,LOW
LOT_003,LOT_003_CMP_0019,MEDIUM,MEDIUM RISK — high prediction uncertainty present. Engineering review recommended.,"[MEDIUM] Iddq predicted drift from 0h to 168h is 23.02 [uA] (46.0% of spec range), exceeding moderate-drift threshold of 20% of spec range. | [MEDIUM] Module B 168h prediction interval width (24.96 [uA]) is high relative to spec range, indicating insufficient prediction confidence.",UNREVIEWED,PENDING,,,,7.149453,7.318504,30.172932130697717,MEDIUM,4.557823,4.795663,6.4423373730174065,LOW,114.684644,115.266658,117.35610197119973,LOW
LOT_003,LOT_003_CMP_0020,MEDIUM,MEDIUM RISK — high prediction uncertainty present. Engineering review recommended.,"[MEDIUM] Module B 168h prediction interval width (21.8 [uA]) is high relative to spec range, indicating insufficient prediction confidence.",UNREVIEWED,PENDING,,,,7.588222,8.114499,12.666452352229841,MEDIUM,4.298527,4.362016,5.419990082387724,LOW,118.182673,120.472866,121.49481713447713,LOW
LOT_003,LOT_003_CMP_0021,LOW,LOW RISK — all evidence signals nominal. No immediate engineering concern.,,UNREVIEWED,PENDING,,,,9.283195,9.4331,12.654288821763387,LOW,5.005854,5.320302,7.217523173225795,LOW,111.249668,111.873384,113.90521977448951,LOW
LOT_003,LOT_003_CMP_0022,LOW,LOW RISK — all evidence signals nominal. No immediate engineering concern.,,UNREVIEWED,PENDING,,,,8.693028,8.834187,13.321808279413698,LOW,5.267734,5.294967,6.20564967010489,LOW,115.999448,116.385884,118.61292211813203,LOW
LOT_003,LOT_003_CMP_0023,LOW,LOW RISK — all evidence signals nominal. No immediate engineering concern.,,UNREVIEWED,PENDING,,,,9.605531,9.871712,14.626356075914188,LOW,4.823542,4.957236,6.242034030559999,LOW,128.109222,127.014904,130.30300386972152,LOW
LOT_003,LOT_003_CMP_0024,MEDIUM,MEDIUM RISK — high prediction uncertainty present. Engineering review recommended.,"[MEDIUM] Iddq predicted drift from 0h to 168h is 10.28 [uA] (20.6% of spec range), exceeding moderate-drift threshold of 20% of spec range. | [MEDIUM] Module B 168h prediction interval width (16.47 [uA]) is high relative to spec range, indicating insufficient prediction confidence.",UNREVIEWED,PENDING,,,,7.399331,7.287506,17.67559439083878,MEDIUM,4.416249,4.560014,5.889082378617769,LOW,109.755323,109.582092,112.11319766593036,LOW
LOT_003,LOT_003_CMP_0025,LOW,LOW RISK — all evidence signals nominal. No immediate engineering concern.,,UNREVIEWED,PENDING,,,,9.2301,9.396103,15.890294276068195,LOW,4.943529,4.742915,4.883910709737939,LOW,123.363122,121.886578,125.37802525278235,LOW
LOT_003,LOT_003_CMP_0026,MEDIUM,MEDIUM RISK — high prediction uncertainty present. Engineering review recommended.,"[MEDIUM] Iddq predicted drift from 0h to 168h is 26.48 [uA] (53.0% of spec range), exceeding moderate-drift threshold of 20% of spec range. | [MEDIUM] Module B 168h prediction interval width (25.68 [uA]) is high relative to spec range, indicating insufficient prediction confidence.",UNREVIEWED,PENDING,,,,10.338171,10.787348,36.82175732130122,MEDIUM,5.021691,5.014521,5.813778612915559,LOW,116.890531,118.216726,119.84721985852262,LOW
LOT_003,LOT_003_CMP_0027,LOW,LOW RISK — all evidence signals nominal. No immediate engineering concern.,,UNREVIEWED,PENDING,,,,9.4032,9.711396,16.49303474278712,LOW,4.745735,4.691643,5.337479427551772,LOW,121.705601,122.269018,124.43334243128504,LOW
LOT_003,LOT_003_CMP_0028,MEDIUM,MEDIUM RISK — high prediction uncertainty present. Engineering review recommended.,"[MEDIUM] Iddq predicted drift from 0h to 168h is 26.12 [uA] (52.2% of spec range), exceeding moderate-drift threshold of 20% of spec range. | [MEDIUM] Module B 168h prediction interval width (25.5 [uA]) is high relative to spec range, indicating insufficient prediction confidence.",UNREVIEWED,PENDING,,,,8.991459,9.331403,35.10699223835201,MEDIUM,5.581707,5.597755,6.462634203410703,LOW,125.284675,124.367157,127.51621290563884,LOW
LOT_003,LOT_003_CMP_0029,MEDIUM,MEDIUM RISK — high prediction uncertainty present. Engineering review recommended.,"[MEDIUM] Module B 168h prediction interval width (21.78 [uA]) is high relative to spec range, indicating insufficient prediction confidence.",UNREVIEWED,PENDING,,,,8.459957,9.241591,15.363810644406998,MEDIUM,5.308239,5.522442,7.0702083377946305,LOW,122.118377,122.528293,124.79506082094925,LOW
LOT_003,LOT_003_CMP_0030,LOW,LOW RISK — all evidence signals nominal. No immediate engineering concern.,,UNREVIEWED,PENDING,,,,7.934314,7.857532,10.186119872675981,LOW,4.842514,4.879933,5.83571428051783,LOW,119.326753,121.086515,122.45993510152452,LOW
LOT_003,LOT_003_CMP_0031,LOW,LOW RISK — all evidence signals nominal. No immediate engineering concern.,,UNREVIEWED,PENDING,,,,8.735523,9.134748,13.245528370960239,LOW,5.543972,5.69367,7.015570908538064,LOW,112.653364,112.101699,114.90221465847998,LOW
LOT_003,LOT_003_CMP_0032,LOW,LOW RISK — all evidence signals nominal. No immediate engineering concern.,,UNREVIEWED,PENDING,,,,10.66361,10.946468,16.988986798483115,LOW,5.284911,5.270444,6.038400439716234,LOW,127.197922,127.179022,129.76715887428577,LOW
LOT_003,LOT_003_CMP_0033,MEDIUM,MEDIUM RISK — high prediction uncertainty present. Engineering review recommended.,"[MEDIUM] Module B 168h prediction interval width (21.78 [uA]) is high relative to spec range, indicating insufficient prediction confidence.",UNREVIEWED,PENDING,,,,8.450808,9.188143,10.571255628033454,MEDIUM,6.11912,6.151381,7.058525464634646,LOW,113.190011,113.796978,115.85697621699275,LOW
LOT_003,LOT_003_CMP_0034,LOW,LOW RISK — all evidence signals nominal. No immediate engineering concern.,,UNREVIEWED,PENDING,,,,7.535246,7.889853,10.78394881093825,LOW,4.442515,4.606384,6.00342232522144,LOW,116.979574,116.776213,119.39143988316607,LOW
LOT_003,LOT_003_CMP_0035,LOW,LOW RISK — all evidence signals nominal. No immediate engineering concern.,,UNREVIEWED,PENDING,,,,8.193386,8.541513,12.20740346067005,LOW,4.870628,4.993696,6.241086259568142,LOW,119.050859,118.610591,121.39677731310192,LOW
LOT_003,LOT_003_CMP_0036,LOW,LOW RISK — all evidence signals nominal. No immediate engineering concern.,,UNREVIEWED,PENDING,,,,9.134032,9.333192,15.669964102985217,LOW,4.759339,4.898974,6.205607520081428,LOW,121.699409,120.41203,123.7668817694216,LOW
LOT_003,LOT_003_CMP_0037,LOW,LOW RISK — all evidence signals nominal. No immediate engineering concern.,,UNREVIEWED,PENDING,,,,8.179229,8.383184,14.219510030050772,LOW,4.878647,4.878613,5.705700872791504,LOW,119.684544,118.906002,121.9154724013944,LOW
LOT_003,LOT_003_CMP_0038,LOW,LOW RISK — all evidence signals nominal. No immediate engineering concern.,,UNREVIEWED,PENDING,,,,9.608882,9.807675,14.356996736237097,LOW,5.316001,5.553484,7.180508779910499,LOW,115.262621,115.38411,117.77498064645019,LOW
LOT_003,LOT_003_CMP_0039,LOW,LOW RISK — all evidence signals nominal. No immediate engineering concern.,,UNREVIEWED,PENDING,,,,9.723234,10.03305,16.49303474278712,LOW,5.087363,5.096144,5.948240751415832,LOW,112.303144,113.225208,115.07456260786509,LOW
LOT_003,LOT_003_CMP_0040,LOW,LOW RISK — all evidence signals nominal. No immediate engineering concern.,,UNREVIEWED,PENDING,,,,10.129352,10.396265,17.556870953364204,LOW,5.816995,5.99354,7.400423890951257,LOW,123.657854,124.853424,126.62859095178445,LOW
LOT_003,LOT_003_CMP_0041,MEDIUM,"MEDIUM RISK — population outlier, high prediction uncertainty present. Engineering review recommended.","[MEDIUM] Iddq population anomaly score 5.858 >= anomaly threshold 3.5 (moderate). | [MEDIUM] Module B 168h prediction interval width (29.7 [uA]) is high relative to spec range, indicating insufficient prediction confidence. | [MEDIUM] leakage_current population anomaly score 6.511 >= strong threshold 6.0.",UNREVIEWED,PENDING,,,,17.734843,18.083815,24.416447915391434,MEDIUM,8.363217,8.291242,8.788108716377314,MEDIUM,121.012557,123.014823,124.24735186860192,LOW
LOT_003,LOT_003_CMP_0042,LOW,LOW RISK — all evidence signals nominal. No immediate engineering concern.,,UNREVIEWED,PENDING,,,,10.09768,10.523468,15.196533238367795,LOW,5.153082,5.400525,7.06550060169997,LOW,126.167996,126.545885,128.86954530903955,LOW
LOT_003,LOT_003_CMP_0043,MEDIUM,MEDIUM RISK — high prediction uncertainty present. Engineering review recommended.,"[MEDIUM] Module B 168h prediction interval width (22.97 [uA]) is high relative to spec range, indicating insufficient prediction confidence.",UNREVIEWED,PENDING,,,,7.47103,8.026741,12.869718869085844,MEDIUM,4.173261,4.387394,5.962512705662576,LOW,116.041157,115.491129,118.32095085420971,LOW
LOT_003,LOT_003_CMP_0044,HIGH,HIGH RISK — Module B predicts parameter(s) will cross specification boundary by 168h. Elevated engineering attention required.,"[HIGH] Module B predicts Iddq at 111.3 [uA] by 168h, crossing spec_max=50. | [HIGH] Module B 168h prediction upper bound (186.1 [uA]) crosses spec_max=50. Also population anomalous. | [MEDIUM] Iddq population anomaly score 6.061 >= strong threshold 6.0. | [HIGH] Iddq predicted drift from 0h to 168h is 96.75 [uA] (193.5% of spec range), exceeding high-drift threshold of 60% of spec range. | [MEDIUM] Module B 168h prediction interval width (172.2 [uA]) is high relative to spec range, indicating insufficient prediction confidence.",UNREVIEWED,PENDING,,,,14.512469,16.118978,111.25758624620042,HIGH,4.644686,5.137304,7.651341926946653,LOW,107.924962,110.176217,111.13129314345981,LOW
LOT_003,LOT_003_CMP_0045,LOW,LOW RISK — all evidence signals nominal. No immediate engineering concern.,,UNREVIEWED,PENDING,,,,8.689003,9.008483,17.072066348107363,LOW,4.79384,4.928529,6.217444698884835,LOW,120.519306,122.798017,123.84829371241379,LOW
LOT_003,LOT_003_CMP_0046,MEDIUM,MEDIUM RISK — high prediction uncertainty present. Engineering review recommended.,"[MEDIUM] Module B 168h prediction interval width (22.15 [uA]) is high relative to spec range, indicating insufficient prediction confidence.",UNREVIEWED,PENDING,,,,8.062512,8.619384,12.116597923439814,MEDIUM,4.434551,4.573714,5.88663231537166,LOW,114.565985,114.717736,117.08289685265795,LOW
LOT_003,LOT_003_CMP_0047,LOW,LOW RISK — all evidence signals nominal. No immediate engineering concern.,,UNREVIEWED,PENDING,,,,7.32925,7.391143,12.06503510939607,LOW,4.053298,4.278064,5.8923860014234215,LOW,117.069409,117.119711,119.57256621222456,LOW
LOT_003,LOT_003_CMP_0048,MEDIUM,MEDIUM RISK — elevated predicted drift present. Engineering review recommended.,"[MEDIUM] Iddq predicted drift from 0h to 168h is 11.46 [uA] (22.9% of spec range), exceeding moderate-drift threshold of 20% of spec range.",UNREVIEWED,PENDING,,,,8.015635,8.352189,19.472802358858903,MEDIUM,5.887285,5.861547,6.576395469647892,LOW,115.251267,114.871508,117.58472046438511,LOW
LOT_003,LOT_003_CMP_0049,LOW,LOW RISK — all evidence signals nominal. No immediate engineering concern.,,UNREVIEWED,PENDING,,,,8.159894,8.350883,14.219510030050772,LOW,4.542575,4.607375,5.663890308794844,LOW,124.085195,125.918825,127.28736931637181,LOW
LOT_003,LOT_003_CMP_0050,LOW,LOW RISK — all evidence signals nominal. No immediate engineering concern.,,UNREVIEWED,PENDING,,,,8.143838,8.126303,10.354261277788503,LOW,4.073903,4.003087,4.608182006842249,LOW,113.176541,110.430144,114.64717853107396,LOW
LOT_003,LOT_003_CMP_0051,HIGH,HIGH RISK — Module B predicts parameter(s) will cross specification boundary by 168h. Elevated engineering attention required.,"[HIGH] Module B predicts Iddq at 107.3 [uA] by 168h, crossing spec_max=50. | [HIGH] Module B 168h prediction upper bound (150 [uA]) crosses spec_max=50. Also population anomalous. | [MEDIUM] Iddq population anomaly score 7.282 >= strong threshold 6.0. | [HIGH] Iddq predicted drift from 0h to 168h is 99.11 [uA] (198.2% of spec range), exceeding high-drift threshold of 60% of spec range. | [MEDIUM] Module B 168h prediction interval width (140.5 [uA]) is high relative to spec range, indicating insufficient prediction confidence.",UNREVIEWED,PENDING,,,,8.149186,10.016574,107.26411343437786,HIGH,4.367774,4.774454,7.001944950307225,LOW,114.48221,115.666906,117.36684170543322,LOW
LOT_003,LOT_003_CMP_0052,HIGH,HIGH RISK — observed measurement currently breaches reference limits. Immediate engineering review required.,"[HIGH] Observed measurement of Iddq breaches reference limit (spec_min=0.0, spec_max=50.0). value_0h=58.7, value_24h=58.58 [uA]. | [HIGH] Module B predicts Iddq at 83.56 [uA] by 168h, crossing spec_max=50. | [HIGH] Module B 168h prediction upper bound (83.56 [uA]) crosses spec_max=50. Also population anomalous. | [MEDIUM] Iddq population anomaly score 32.928 >= strong threshold 6.0. | [MEDIUM] Iddq predicted drift from 0h to 168h is 24.85 [uA] (49.7% of spec range), exceeding moderate-drift threshold of 20% of spec range. | [MEDIUM] Module B 168h prediction interval width (69.43 [uA]) is high relative to spec range, indicating insufficient prediction confidence.",UNREVIEWED,PENDING,,,,58.702581,58.584757,83.55644336755684,HIGH,5.363572,5.355709,6.14429051822309,LOW,120.216086,120.462064,122.81724298065771,LOW
LOT_003,LOT_003_CMP_0053,LOW,LOW RISK — all evidence signals nominal. No immediate engineering concern.,,UNREVIEWED,PENDING,,,,9.259601,9.50077,13.972408528580045,LOW,5.228235,5.300077,6.363956026449088,LOW,112.41302,112.472792,114.87782773785781,LOW
LOT_003,LOT_003_CMP_0054,MEDIUM,MEDIUM RISK — high prediction uncertainty present. Engineering review recommended.,"[MEDIUM] Module B 168h prediction interval width (19.45 [uA]) is high relative to spec range, indicating insufficient prediction confidence.",UNREVIEWED,PENDING,,,,12.268735,12.819084,22.175848916264805,MEDIUM,6.018124,6.067144,7.03393673697167,LOW,124.713207,125.54672,127.56424892458813,LOW
LOT_003,LOT_003_CMP_0055,LOW,LOW RISK — all evidence signals nominal. No immediate engineering concern.,,UNREVIEWED,PENDING,,,,9.201988,9.306734,13.915801154795556,LOW,5.34272,5.380831,6.326813871987001,LOW,125.84293,126.17699,128.5259316590228,LOW
LOT_003,LOT_003_CMP_0056,LOW,LOW RISK — all evidence signals nominal. No immediate engineering concern.,,UNREVIEWED,PENDING,,,,8.25449,8.521716,15.079823301942954,LOW,4.641543,4.555985,5.096971014323415,LOW,114.089387,115.374482,117.00631265608081,LOW
LOT_003,LOT_003_CMP_0057,MEDIUM,MEDIUM RISK — high prediction uncertainty present. Engineering review recommended.,"[MEDIUM] Iddq predicted drift from 0h to 168h is 19.91 [uA] (39.8% of spec range), exceeding moderate-drift threshold of 20% of spec range. | [MEDIUM] Module B 168h prediction interval width (19.08 [uA]) is high relative to spec range, indicating insufficient prediction confidence.",UNREVIEWED,PENDING,,,,8.78323,9.114521,28.693009288081253,MEDIUM,4.982115,5.04593,6.088398627087644,LOW,119.053294,120.493055,122.06987525903251,LOW
LOT_003,LOT_003_CMP_0058,MEDIUM,"MEDIUM RISK — population outlier, high prediction uncertainty present. Engineering review recommended.","[MEDIUM] Iddq population anomaly score 7.214 >= strong threshold 6.0. | [MEDIUM] Module B 168h prediction interval width (32.44 [uA]) is high relative to spec range, indicating insufficient prediction confidence. | [MEDIUM] leakage_current population anomaly score 7.644 >= strong threshold 6.0. | [MEDIUM] propagation_delay population anomaly score 4.704 >= anomaly threshold 3.5 (moderate).",UNREVIEWED,PENDING,,,,19.57133,20.111737,24.963145282097347,MEDIUM,8.786379,8.858041,9.834807451540431,MEDIUM,146.589763,146.578803,149.33560957253727,MEDIUM
LOT_003,LOT_003_CMP_0059,LOW,LOW RISK — all evidence signals nominal. No immediate engineering concern.,,UNREVIEWED,PENDING,,,,9.379017,9.724015,13.12405338311233,LOW,4.873531,4.913128,5.875588070827764,LOW,119.616531,118.86159,121.85526882543891,LOW
LOT_003,LOT_003_CMP_0060,LOW,LOW RISK — all evidence signals nominal. No immediate engineering concern.,,UNREVIEWED,PENDING,,,,11.868319,12.021613,14.617238832472982,LOW,5.279817,5.246316,5.949439368005765,LOW,119.650924,120.394213,122.42441639203624,LOW
LOT_003,LOT_003_CMP_0061,LOW,LOW RISK — all evidence signals nominal. No immediate engineering concern.,,UNREVIEWED,PENDING,,,,7.661801,7.79527,10.772502980720011,LOW,4.119657,4.118067,4.958295753211864,LOW,111.193539,111.139625,113.60686462485083,LOW
LOT_003,LOT_003_CMP_0062,LOW,LOW RISK — all evidence signals nominal. No immediate engineering concern.,,UNREVIEWED,PENDING,,,,9.99578,10.013752,11.820392775448628,LOW,5.639127,5.637852,6.4422175111345386,LOW,125.473551,126.622828,128.44404550469542,LOW
LOT_003,LOT_003_CMP_0063,MEDIUM,"MEDIUM RISK — population outlier, high prediction uncertainty present. Engineering review recommended.","[MEDIUM] Module B 168h prediction interval width (20.53 [uA]) is high relative to spec range, indicating insufficient prediction confidence. | [MEDIUM] propagation_delay population anomaly score 3.731 >= anomaly threshold 3.5 (moderate).",UNREVIEWED,PENDING,,,,9.025401,9.539029,15.240009931198928,MEDIUM,5.311238,5.405232,6.54269086342374,LOW,97.892888,97.006979,99.89023363615483,MEDIUM
LOT_003,LOT_003_CMP_0064,MEDIUM,MEDIUM RISK — elevated predicted drift present. Engineering review recommended.,"[MEDIUM] Iddq predicted drift from 0h to 168h is 11.76 [uA] (23.5% of spec range), exceeding moderate-drift threshold of 20% of spec range.",UNREVIEWED,PENDING,,,,6.678546,6.839211,18.44126681075475,MEDIUM,4.552023,4.81565,6.550468089531595,LOW,114.637379,113.018568,116.52333841934828,LOW
LOT_003,LOT_003_CMP_0065,LOW,LOW RISK — all evidence signals nominal. No immediate engineering concern.,,UNREVIEWED,PENDING,,,,9.822631,10.181996,15.380907211055726,LOW,5.251606,5.292958,6.252216336816555,LOW,117.434825,117.282574,119.86900243580487,LOW
LOT_003,LOT_003_CMP_0066,MEDIUM,MEDIUM RISK — high prediction uncertainty present. Engineering review recommended.,"[MEDIUM] Module B 168h prediction interval width (19.63 [uA]) is high relative to spec range, indicating insufficient prediction confidence.",UNREVIEWED,PENDING,,,,10.70366,11.278518,18.058203491147882,MEDIUM,5.582691,5.825617,7.464733764583502,LOW,111.546249,111.727661,114.04668052543673,LOW
LOT_003,LOT_003_CMP_0067,LOW,LOW RISK — all evidence signals nominal. No immediate engineering concern.,,UNREVIEWED,PENDING,,,,7.641384,7.845598,12.79605538031898,LOW,3.886001,3.734423,4.0684712213670595,LOW,109.429736,110.339444,112.17099733795375,LOW
LOT_003,LOT_003_CMP_0068,LOW,LOW RISK — all evidence signals nominal. No immediate engineering concern.,,UNREVIEWED,PENDING,,,,8.885351,9.028562,14.851493006989932,LOW,5.327511,5.297001,6.009172248263128,LOW,123.390581,122.49104,125.61155796759532,LOW
LOT_003,LOT_003_CMP_0069,MEDIUM,"MEDIUM RISK — population outlier, high prediction uncertainty present. Engineering review recommended.","[MEDIUM] Module B 168h prediction interval width (24.88 [uA]) is high relative to spec range, indicating insufficient prediction confidence. | [MEDIUM] propagation_delay population anomaly score 4.673 >= anomaly threshold 3.5 (moderate).",UNREVIEWED,PENDING,,,,3.587058,4.098378,9.447919746255057,MEDIUM,4.254659,4.518185,6.259887312240469,LOW,91.764366,91.465751,93.91629035214386,MEDIUM
LOT_003,LOT_003_CMP_0070,MEDIUM,MEDIUM RISK — high prediction uncertainty present. Engineering review recommended.,"[MEDIUM] Iddq predicted drift from 0h to 168h is 21.05 [uA] (42.1% of spec range), exceeding moderate-drift threshold of 20% of spec range. | [MEDIUM] Module B 168h prediction interval width (27.42 [uA]) is high relative to spec range, indicating insufficient prediction confidence.",UNREVIEWED,PENDING,,,,7.08371,7.248662,28.131562634281153,MEDIUM,4.970485,4.820944,5.135580096932652,LOW,109.611103,111.645946,112.75534610332907,LOW
LOT_003,LOT_003_CMP_0071,MEDIUM,MEDIUM RISK — high prediction uncertainty present. Engineering review recommended.,"[MEDIUM] Module B 168h prediction interval width (20.24 [uA]) is high relative to spec range, indicating insufficient prediction confidence.",UNREVIEWED,PENDING,,,,10.023037,10.570218,15.902502129815458,MEDIUM,5.361591,5.477852,6.6900768781068525,LOW,119.127409,119.385348,121.72307665933914,LOW
LOT_003,LOT_003_CMP_0072,MEDIUM,MEDIUM RISK — high prediction uncertainty present. Engineering review recommended.,"[MEDIUM] Module B 168h prediction interval width (22.15 [uA]) is high relative to spec range, indicating insufficient prediction confidence.",UNREVIEWED,PENDING,,,,7.963617,8.589369,17.603356952745127,MEDIUM,4.319995,4.308627,5.11061638484057,LOW,125.646963,126.579815,128.54180871143444,LOW
LOT_003,LOT_003_CMP_0073,MEDIUM,MEDIUM RISK — elevated predicted drift present. Engineering review recommended.,"[MEDIUM] Iddq predicted drift from 0h to 168h is 10.85 [uA] (21.7% of spec range), exceeding moderate-drift threshold of 20% of spec range.",UNREVIEWED,PENDING,,,,7.151537,7.449404,17.996746712500553,MEDIUM,3.871308,3.780358,4.321667228596526,LOW,118.721844,118.011423,120.9684453168425,LOW
LOT_003,LOT_003_CMP_0074,LOW,LOW RISK — all evidence signals nominal. No immediate engineering concern.,,UNREVIEWED,PENDING,,,,9.194685,9.543537,13.720726790176137,LOW,4.835726,4.850221,5.7279350737603325,LOW,114.291921,116.603157,117.5767051154581,LOW
LOT_003,LOT_003_CMP_0075,LOW,LOW RISK — all evidence signals nominal. No immediate engineering concern.,,UNREVIEWED,PENDING,,,,7.838505,8.124858,14.364336840057362,LOW,4.776609,5.082963,6.958134894101373,LOW,123.120224,123.819713,125.90918178320452,LOW
LOT_003,LOT_003_CMP_0076,LOW,LOW RISK — all evidence signals nominal. No immediate engineering concern.,,UNREVIEWED,PENDING,,,,8.10511,8.50834,11.837845003529585,LOW,4.997145,5.102156,6.2848479174647105,LOW,113.381708,114.861625,116.36178849831667,LOW
LOT_003,LOT_003_CMP_0077,MEDIUM,MEDIUM RISK — high prediction uncertainty present. Engineering review recommended.,"[MEDIUM] Module B 168h prediction interval width (20.34 [uA]) is high relative to spec range, indicating insufficient prediction confidence.",UNREVIEWED,PENDING,,,,9.932224,10.688074,17.24151185066589,MEDIUM,4.605965,4.708212,5.890980841575549,LOW,124.792868,125.485462,127.59435538152228,LOW
LOT_003,LOT_003_CMP_0078,LOW,LOW RISK — all evidence signals nominal. No immediate engineering concern.,,UNREVIEWED,PENDING,,,,7.400528,7.720336,17.154794103333845,LOW,4.06319,4.142775,5.261400572058959,LOW,107.112221,107.438725,109.62467458543613,LOW
LOT_003,LOT_003_CMP_0079,LOW,LOW RISK — all evidence signals nominal. No immediate engineering concern.,,UNREVIEWED,PENDING,,,,7.544236,7.927154,10.78394881093825,LOW,4.36541,4.330712,5.051979578777056,LOW,119.434399,120.757737,122.41286524187157,LOW
LOT_003,LOT_003_CMP_0080,LOW,LOW RISK — all evidence signals nominal. No immediate engineering concern.,,UNREVIEWED,PENDING,,,,9.199139,9.604746,13.720726790176137,LOW,4.879049,4.856151,5.605201638172918,LOW,115.422123,115.651294,117.97432416351968,LOW
LOT_003,LOT_003_CMP_0081,LOW,LOW RISK — all evidence signals nominal. No immediate engineering concern.,,UNREVIEWED,PENDING,,,,10.145347,10.32885,16.152895708062996,LOW,4.806248,4.794189,5.581999439799775,LOW,113.953748,114.329277,116.54499912632242,LOW
LOT_003,LOT_003_CMP_0082,MEDIUM,MEDIUM RISK — high prediction uncertainty present. Engineering review recommended.,"[MEDIUM] Iddq predicted drift from 0h to 168h is 10.66 [uA] (21.3% of spec range), exceeding moderate-drift threshold of 20% of spec range. | [MEDIUM] Module B 168h prediction interval width (20.05 [uA]) is high relative to spec range, indicating insufficient prediction confidence.",UNREVIEWED,PENDING,,,,10.168334,11.015467,20.830490500317037,MEDIUM,4.866395,4.777852,5.303185031250201,LOW,119.218163,119.020158,121.65200027919717,LOW
LOT_003,LOT_003_CMP_0083,LOW,LOW RISK — all evidence signals nominal. No immediate engineering concern.,,UNREVIEWED,PENDING,,,,8.076904,8.242494,13.760938829359604,LOW,4.240907,4.531845,6.3674299426527625,LOW,118.211465,117.243221,120.36152239079833,LOW
LOT_003,LOT_003_CMP_0084,LOW,LOW RISK — all evidence signals nominal. No immediate engineering concern.,,UNREVIEWED,PENDING,,,,10.128159,10.513633,15.196533238367795,LOW,5.07316,5.39348,7.309104211136451,LOW,117.432229,117.699086,120.01588674923923,LOW
LOT_003,LOT_003_CMP_0085,LOW,LOW RISK — all evidence signals nominal. No immediate engineering concern.,,UNREVIEWED,PENDING,,,,7.636679,7.922412,13.42039359625684,LOW,4.105659,4.081966,4.84710462953292,LOW,118.025433,119.702022,121.11728415101065,LOW
LOT_003,LOT_003_CMP_0086,HIGH,HIGH RISK — Module B predicts parameter(s) will cross specification boundary by 168h. Elevated engineering attention required.,"[HIGH] Module B predicts Iddq at 101.2 [uA] by 168h, crossing spec_max=50. | [HIGH] Module B 168h prediction upper bound (180 [uA]) crosses spec_max=50. Also population anomalous. | [MEDIUM] Iddq population anomaly score 7.815 >= strong threshold 6.0. | [HIGH] Iddq predicted drift from 0h to 168h is 90.07 [uA] (180.1% of spec range), exceeding high-drift threshold of 60% of spec range. | [MEDIUM] Module B 168h prediction interval width (167.6 [uA]) is high relative to spec range, indicating insufficient prediction confidence.",UNREVIEWED,PENDING,,,,11.106803,13.088018,101.17927610101759,HIGH,5.582674,6.027138,8.354039408107369,LOW,118.337989,119.224516,121.15081134759919,LOW
LOT_003,LOT_003_CMP_0087,LOW,LOW RISK — all evidence signals nominal. No immediate engineering concern.,,UNREVIEWED,PENDING,,,,7.396779,7.562918,15.648418607322132,LOW,4.951958,4.955752,5.794121416331773,LOW,119.011873,118.923444,121.48294942570352,LOW
LOT_003,LOT_003_CMP_0088,LOW,LOW RISK — all evidence signals nominal. No immediate engineering concern.,,UNREVIEWED,PENDING,,,,10.455981,10.86815,15.584300457568684,LOW,4.78606,4.883212,6.044215148948433,LOW,122.774644,122.694246,125.28230479401844,LOW
LOT_003,LOT_003_CMP_0089,LOW,LOW RISK — all evidence signals nominal. No immediate engineering concern.,,UNREVIEWED,PENDING,,,,8.042021,8.31053,15.079823301942954,LOW,4.617567,4.538271,5.101210057125906,LOW,117.219075,116.988951,119.62354028168048,LOW
LOT_003,LOT_003_CMP_0090,LOW,LOW RISK — all evidence signals nominal. No immediate engineering concern.,,UNREVIEWED,PENDING,,,,11.614484,11.910043,17.630346608426926,LOW,6.079416,6.19637,7.393509575844189,LOW,119.891156,120.455386,122.6029275406181,LOW
LOT_003,LOT_003_CMP_0091,LOW,LOW RISK — all evidence signals nominal. No immediate engineering concern.,,UNREVIEWED,PENDING,,,,9.883194,10.017571,13.269047690218667,LOW,4.84888,4.933754,6.051329141752192,LOW,119.251656,119.298488,121.7731313095815,LOW
LOT_003,LOT_003_CMP_0092,LOW,LOW RISK — all evidence signals nominal. No immediate engineering concern.,,UNREVIEWED,PENDING,,,,7.323529,7.6371,17.154794103333845,LOW,4.373133,4.332842,5.034834726901723,LOW,116.661856,119.649183,120.20905213401495,LOW
LOT_003,LOT_003_CMP_0093,LOW,LOW RISK — all evidence signals nominal. No immediate engineering concern.,,UNREVIEWED,PENDING,,,,7.971852,8.406503,15.985098948590288,LOW,5.215451,5.323875,6.512907378975273,LOW,127.995521,126.732424,130.12807736190229,LOW
LOT_003,LOT_003_CMP_0094,LOW,LOW RISK — all evidence signals nominal. No immediate engineering concern.,,UNREVIEWED,PENDING,,,,10.018574,10.281615,16.88320990385758,LOW,4.920005,5.139254,6.713678657326024,LOW,124.420982,126.131529,127.58225944288891,LOW
LOT_003,LOT_003_CMP_0095,LOW,LOW RISK — all evidence signals nominal. No immediate engineering concern.,,UNREVIEWED,PENDING,,,,10.412203,10.426417,11.898067060143449,LOW,5.566027,5.839687,7.584094100748914,LOW,124.467704,126.155849,127.62140892791682,LOW
LOT_003,LOT_003_CMP_0096,LOW,LOW RISK — all evidence signals nominal. No immediate engineering concern.,,UNREVIEWED,PENDING,,,,8.717799,8.948066,14.989194648840781,LOW,5.074795,5.193464,6.420878601542348,LOW,133.224803,133.46499,135.9404700770848,LOW
LOT_003,LOT_003_CMP_0097,MEDIUM,MEDIUM RISK — high prediction uncertainty present. Engineering review recommended.,"[MEDIUM] Module B 168h prediction interval width (20.68 [uA]) is high relative to spec range, indicating insufficient prediction confidence.",UNREVIEWED,PENDING,,,,8.870306,9.387834,16.52043467468037,MEDIUM,4.798926,4.858856,5.892519689304132,LOW,119.634568,121.01308,122.63450961574385,LOW
LOT_003,LOT_003_CMP_0098,LOW,LOW RISK — all evidence signals nominal. No immediate engineering concern.,,UNREVIEWED,PENDING,,,,10.010509,10.122306,13.538437141627975,LOW,5.324342,5.530297,7.049524109373909,LOW,121.93531,122.800247,124.77266769948486,LOW
LOT_003,LOT_003_CMP_0099,MEDIUM,MEDIUM RISK — high prediction uncertainty present. Engineering review recommended.,"[MEDIUM] Module B 168h prediction interval width (21.5 [uA]) is high relative to spec range, indicating insufficient prediction confidence.",UNREVIEWED,PENDING,,,,8.904156,9.600947,14.718554331118717,MEDIUM,5.044219,5.314574,7.060387326034372,LOW,120.866633,122.387818,123.92850969772245,LOW
LOT_003,LOT_003_CMP_0100,MEDIUM,MEDIUM RISK — high prediction uncertainty present. Engineering review recommended.,"[MEDIUM] Iddq predicted drift from 0h to 168h is 11.78 [uA] (23.6% of spec range), exceeding moderate-drift threshold of 20% of spec range. | [MEDIUM] Module B 168h prediction interval width (23.36 [uA]) is high relative to spec range, indicating insufficient prediction confidence.",UNREVIEWED,PENDING,,,,6.682029,7.38752,18.459374705281252,MEDIUM,4.935956,4.848466,5.375701556585947,LOW,111.160189,110.96513,113.52286673065308,LOW
LOT_004,LOT_004_CMP_0001,LOW,LOW RISK — all evidence signals nominal. No immediate engineering concern.,,UNREVIEWED,PENDING,,,,12.141834,12.485059,18.202500766233214,LOW,5.480295,5.422014,6.035697605985515,LOW,128.20941,128.534916,130.91056717857063,LOW
LOT_004,LOT_004_CMP_0002,LOW,LOW RISK — all evidence signals nominal. No immediate engineering concern.,,UNREVIEWED,PENDING,,,,9.428863,9.564161,12.654288821763387,LOW,4.593361,4.443438,4.765938318611304,LOW,112.909086,113.616365,115.60931689188314,LOW
LOT_004,LOT_004_CMP_0003,MEDIUM,MEDIUM RISK — high prediction uncertainty present. Engineering review recommended.,"[MEDIUM] Module B 168h prediction interval width (18.18 [uA]) is high relative to spec range, indicating insufficient prediction confidence.",UNREVIEWED,PENDING,,,,10.188919,10.685002,16.077255390420717,MEDIUM,4.860429,4.869182,5.726699950009432,LOW,117.19387,118.409537,120.1138498074567,LOW
LOT_004,LOT_004_CMP_0004,MEDIUM,MEDIUM RISK — high prediction uncertainty present. Engineering review recommended.,"[MEDIUM] Module B 168h prediction interval width (17.5 [uA]) is high relative to spec range, indicating insufficient prediction confidence.",UNREVIEWED,PENDING,,,,11.589161,12.05005,19.803443898664785,MEDIUM,6.263029,6.06307,6.174224038215603,LOW,130.01598,131.160254,133.0253962035164,LOW
LOT_004,LOT_004_CMP_0005,HIGH,HIGH RISK — observed measurement currently breaches reference limits. Immediate engineering review required.,"[HIGH] Observed measurement of Iddq breaches reference limit (spec_min=0.0, spec_max=50.0). value_0h=58.51, value_24h=59.19 [uA]. | [HIGH] Module B predicts Iddq at 60.1 [uA] by 168h, crossing spec_max=50. | [HIGH] Module B 168h prediction upper bound (81.42 [uA]) crosses spec_max=50. Also population anomalous. | [MEDIUM] Iddq population anomaly score 36.759 >= strong threshold 6.0. | [MEDIUM] Module B 168h prediction interval width (67.52 [uA]) is high relative to spec range, indicating insufficient prediction confidence.",REVIEWED,REJECT,"[HIGH] Observed measurement of Iddq breaches reference limit (spec_min=0.0, spec_max=50.0). value_0h=58.51, value_24h=59.19 [uA].. [HIGH] Module B predicts Iddq at 60.1 [uA] by 168h, crossing spec_max=50.. [HIGH] Module B 168h prediction upper bound (81.42 [uA]) crosses spec_max=50. Also population anomalous.. [MEDIUM] Iddq population anomaly score 36.759 >= strong threshold 6.0.. [MEDIUM] Module B 168h prediction interval width (67.52 [uA]) is high relative to spec range, indicating insufficient prediction confidence.",2026-09-28T10:27:22.836303+00:00,session_sih26170,58.510606,59.185866,60.10106209324691,HIGH,4.074666,4.255189,5.718004448756308,LOW,127.333131,126.173471,129.49664933523908,LOW
LOT_004,LOT_004_CMP_0006,LOW,LOW RISK — all evidence signals nominal. No immediate engineering concern.,,UNREVIEWED,PENDING,,,,9.937088,10.306579,15.380907211055726,LOW,4.636738,4.712025,5.80203996185355,LOW,117.255684,118.392894,120.14823068187333,LOW
LOT_004,LOT_004_CMP_0007,LOW,LOW RISK — all evidence signals nominal. No immediate engineering concern.,,UNREVIEWED,PENDING,,,,10.025051,10.253105,16.248184740558507,LOW,6.090034,6.302102,7.82357687578404,LOW,120.925047,121.626438,123.69501148079792,LOW
LOT_004,LOT_004_CMP_0008,LOW,LOW RISK — all evidence signals nominal. No immediate engineering concern.,,UNREVIEWED,PENDING,,,,8.02117,8.387247,15.130787349822276,LOW,4.498558,4.760784,6.492120659459292,LOW,118.933655,118.727698,121.36210607382506,LOW
LOT_004,LOT_004_CMP_0009,LOW,LOW RISK — all evidence signals nominal. No immediate engineering concern.,,UNREVIEWED,PENDING,,,,8.807623,9.216919,14.775213098536463,LOW,4.220021,4.208376,5.011850435794594,LOW,102.032471,103.861211,105.035278467388,LOW
LOT_004,LOT_004_CMP_0010,MEDIUM,MEDIUM RISK — high prediction uncertainty present. Engineering review recommended.,"[MEDIUM] Module B 168h prediction interval width (18.69 [uA]) is high relative to spec range, indicating insufficient prediction confidence.",UNREVIEWED,PENDING,,,,10.758397,11.279782,15.80967710630998,MEDIUM,5.031439,5.338429,7.209576453236749,LOW,117.428831,117.564112,119.96552270515501,LOW
LOT_004,LOT_004_CMP_0011,LOW,LOW RISK — all evidence signals nominal. No immediate engineering concern.,,UNREVIEWED,PENDING,,,,10.429994,10.597299,15.97837176679633,LOW,5.045668,4.995413,5.647052516326441,LOW,119.923256,119.696032,122.35298891664362,LOW
LOT_004,LOT_004_CMP_0012,MEDIUM,MEDIUM RISK — high prediction uncertainty present. Engineering review recommended.,"[MEDIUM] Module B 168h prediction interval width (19.89 [uA]) is high relative to spec range, indicating insufficient prediction confidence.",UNREVIEWED,PENDING,,,,10.444029,11.098194,17.433992584277895,MEDIUM,5.431938,5.60547,7.011432208517764,LOW,118.704291,117.795234,120.87987788202925,LOW
LOT_004,LOT_004_CMP_0013,LOW,LOW RISK — all evidence signals nominal. No immediate engineering concern.,,UNREVIEWED,PENDING,,,,11.830283,11.769519,14.269293035927904,LOW,6.154653,6.347847,7.803340113146901,LOW,123.792898,124.89981,126.73321918149578,LOW
LOT_004,LOT_004_CMP_0014,MEDIUM,MEDIUM RISK — high prediction uncertainty present. Engineering review recommended.,"[MEDIUM] Module B 168h prediction interval width (19.82 [uA]) is high relative to spec range, indicating insufficient prediction confidence.",UNREVIEWED,PENDING,,,,8.651178,9.098575,13.8245051442223,MEDIUM,4.858901,4.664643,4.829386991160772,LOW,123.537234,124.354579,126.37197017731485,LOW
LOT_004,LOT_004_CMP_0015,LOW,LOW RISK — all evidence signals nominal. No immediate engineering concern.,,UNREVIEWED,PENDING,,,,10.12065,10.408609,17.320895897409883,LOW,4.615823,4.868457,6.564208549380246,LOW,117.444913,118.988935,120.48427279835434,LOW
LOT_004,LOT_004_CMP_0016,LOW,LOW RISK — all evidence signals nominal. No immediate engineering concern.,,UNREVIEWED,PENDING,,,,10.542929,10.872489,18.811030569767624,LOW,5.422793,5.61668,7.092329576755995,LOW,115.205198,115.658529,117.83541723853024,LOW
LOT_004,LOT_004_CMP_0017,LOW,LOW RISK — all evidence signals nominal. No immediate engineering concern.,,UNREVIEWED,PENDING,,,,9.412688,9.485467,12.219814631174284,LOW,4.427921,4.621279,6.119308556109274,LOW,118.928459,121.883793,122.48455449444812,LOW
LOT_004,LOT_004_CMP_0018,LOW,LOW RISK — all evidence signals nominal. No immediate engineering concern.,,UNREVIEWED,PENDING,,,,12.227292,12.637391,15.561151391955606,LOW,5.065776,5.31937,7.007459386241216,LOW,121.063538,119.791804,123.13089335862058,LOW
LOT_004,LOT_004_CMP_0019,LOW,LOW RISK — all evidence signals nominal. No immediate engineering concern.,,UNREVIEWED,PENDING,,,,11.759048,11.698964,13.693128230172608,LOW,4.728545,4.728136,5.557593090370337,LOW,121.463528,120.762718,123.73812696770842,LOW
LOT_004,LOT_004_CMP_0020,LOW,LOW RISK — all evidence signals nominal. No immediate engineering concern.,,UNREVIEWED,PENDING,,,,10.770331,10.99243,15.731901668943802,LOW,4.315988,4.699919,6.851033861146364,LOW,118.867387,120.171951,121.83407500760633,LOW
LOT_004,LOT_004_CMP_0021,LOW,LOW RISK — all evidence signals nominal. No immediate engineering concern.,,UNREVIEWED,PENDING,,,,13.039513,13.112206,14.579900725993838,LOW,5.296394,5.391002,6.530917104363928,LOW,134.579588,136.546325,137.92328812547038,LOW
LOT_004,LOT_004_CMP_0022,MEDIUM,MEDIUM RISK — high prediction uncertainty present. Engineering review recommended.,"[MEDIUM] Module B 168h prediction interval width (19.83 [uA]) is high relative to spec range, indicating insufficient prediction confidence.",UNREVIEWED,PENDING,,,,8.22057,8.665151,12.692156602297597,MEDIUM,3.945627,4.201356,5.923962216141912,LOW,106.521218,105.254877,108.46017811292047,LOW
LOT_004,LOT_004_CMP_0023,LOW,LOW RISK — all evidence signals nominal. No immediate engineering concern.,,UNREVIEWED,PENDING,,,,10.414811,10.362992,11.898067060143449,LOW,5.098374,5.126012,6.0421939372226205,LOW,118.829697,119.79182,121.67389221389273,LOW
LOT_004,LOT_004_CMP_0024,MEDIUM,MEDIUM RISK — high prediction uncertainty present. Engineering review recommended.,"[MEDIUM] Module B 168h prediction interval width (20.81 [uA]) is high relative to spec range, indicating insufficient prediction confidence.",UNREVIEWED,PENDING,,,,10.660751,11.527316,10.395788791578193,MEDIUM,4.562317,4.773412,6.328705060095972,LOW,121.485,122.960458,124.53610644288146,LOW
LOT_004,LOT_004_CMP_0025,MEDIUM,MEDIUM RISK — high prediction uncertainty present. Engineering review recommended.,"[MEDIUM] Iddq predicted drift from 0h to 168h is 11.93 [uA] (23.9% of spec range), exceeding moderate-drift threshold of 20% of spec range. | [MEDIUM] Module B 168h prediction interval width (21.5 [uA]) is high relative to spec range, indicating insufficient prediction confidence.",UNREVIEWED,PENDING,,,,8.951275,9.670442,20.88390068092859,MEDIUM,3.378806,3.41453,4.400109456145989,LOW,112.990398,114.172049,115.86057482666963,LOW
LOT_004,LOT_004_CMP_0026,MEDIUM,MEDIUM RISK — high prediction uncertainty present. Engineering review recommended.,"[MEDIUM] Module B 168h prediction interval width (17.63 [uA]) is high relative to spec range, indicating insufficient prediction confidence.",UNREVIEWED,PENDING,,,,10.785902,11.250192,15.939317197242099,MEDIUM,4.776083,4.799802,5.710444530680326,LOW,125.289889,124.501351,127.56748318233456,LOW
LOT_004,LOT_004_CMP_0027,MEDIUM,MEDIUM RISK — high prediction uncertainty present. Engineering review recommended.,"[MEDIUM] Module B 168h prediction interval width (21.59 [uA]) is high relative to spec range, indicating insufficient prediction confidence.",UNREVIEWED,PENDING,,,,8.737531,9.382934,14.56599390528945,MEDIUM,4.46408,4.553489,5.695895102640446,LOW,121.736037,121.118461,124.04276912779312,LOW
LOT_004,LOT_004_CMP_0028,LOW,LOW RISK — all evidence signals nominal. No immediate engineering concern.,,UNREVIEWED,PENDING,,,,11.392117,11.745871,15.728829176002606,LOW,5.025748,4.914717,5.359431873007269,LOW,119.954526,121.876682,123.15126274823449,LOW
LOT_004,LOT_004_CMP_0029,LOW,LOW RISK — all evidence signals nominal. No immediate engineering concern.,,UNREVIEWED,PENDING,,,,11.844606,11.995255,14.617238832472982,LOW,6.082044,6.29063,7.800416168650174,LOW,121.088972,122.489297,124.10972816059814,LOW
LOT_004,LOT_004_CMP_0030,LOW,LOW RISK — all evidence signals nominal. No immediate engineering concern.,,UNREVIEWED,PENDING,,,,10.736596,10.869124,13.014812875986719,LOW,4.812223,4.932718,6.172747262417628,LOW,120.844849,122.303778,123.88432261641893,LOW
LOT_004,LOT_004_CMP_0031,LOW,LOW RISK — all evidence signals nominal. No immediate engineering concern.,,UNREVIEWED,PENDING,,,,7.704604,7.972497,14.023900025166558,LOW,4.916329,4.962532,5.946495802327983,LOW,115.213513,116.17143,118.02380191336226,LOW
LOT_004,LOT_004_CMP_0032,MEDIUM,MEDIUM RISK — high prediction uncertainty present. Engineering review recommended.,"[MEDIUM] Module B 168h prediction interval width (21.59 [uA]) is high relative to spec range, indicating insufficient prediction confidence.",UNREVIEWED,PENDING,,,,8.84822,9.390723,15.709209407370267,MEDIUM,4.695432,4.707005,5.57815776937639,LOW,117.865565,118.546203,120.60070936872411,LOW
LOT_004,LOT_004_CMP_0033,MEDIUM,"MEDIUM RISK — population outlier, high prediction uncertainty present. Engineering review recommended.","[MEDIUM] Iddq population anomaly score 5.585 >= anomaly threshold 3.5 (moderate). | [MEDIUM] Module B 168h prediction interval width (28.31 [uA]) is high relative to spec range, indicating insufficient prediction confidence. | [MEDIUM] propagation_delay population anomaly score 5.499 >= anomaly threshold 3.5 (moderate).",UNREVIEWED,PENDING,,,,18.164603,18.324719,20.67590160654485,MEDIUM,5.254347,5.299865,6.273273918382999,LOW,147.14451,148.76405,150.4769573769466,MEDIUM
LOT_004,LOT_004_CMP_0034,LOW,LOW RISK — all evidence signals nominal. No immediate engineering concern.,,UNREVIEWED,PENDING,,,,10.333908,10.539179,16.152895708062996,LOW,4.654863,4.767827,5.985980800258116,LOW,120.644895,122.714839,123.90053711009737,LOW
LOT_004,LOT_004_CMP_0035,MEDIUM,MEDIUM RISK — high prediction uncertainty present. Engineering review recommended.,"[MEDIUM] Iddq predicted drift from 0h to 168h is 14.44 [uA] (28.9% of spec range), exceeding moderate-drift threshold of 20% of spec range. | [MEDIUM] Module B 168h prediction interval width (30.81 [uA]) is high relative to spec range, indicating insufficient prediction confidence.",UNREVIEWED,PENDING,,,,6.730558,7.01512,21.173348342776347,MEDIUM,4.121838,4.311949,5.8063384533296025,LOW,118.277573,118.221018,120.75343914130512,LOW
LOT_004,LOT_004_CMP_0036,MEDIUM,MEDIUM RISK — high prediction uncertainty present. Engineering review recommended.,"[MEDIUM] Module B 168h prediction interval width (19.59 [uA]) is high relative to spec range, indicating insufficient prediction confidence.",UNREVIEWED,PENDING,,,,12.022041,12.756575,18.411251758725115,MEDIUM,5.102795,5.304242,6.813470554364593,LOW,117.109924,116.358378,119.32741026604148,LOW
LOT_004,LOT_004_CMP_0037,LOW,LOW RISK — all evidence signals nominal. No immediate engineering concern.,,UNREVIEWED,PENDING,,,,10.712878,10.922289,15.820986609136222,LOW,5.194698,5.202605,6.0491097629534005,LOW,116.516521,116.818114,119.10436372999712,LOW
LOT_004,LOT_004_CMP_0038,LOW,LOW RISK — all evidence signals nominal. No immediate engineering concern.,,UNREVIEWED,PENDING,,,,9.289685,9.376974,13.37289114287754,LOW,4.689782,4.824168,6.114579302044247,LOW,108.524765,109.715064,111.35800856372106,LOW
LOT_004,LOT_004_CMP_0039,LOW,LOW RISK — all evidence signals nominal. No immediate engineering concern.,,UNREVIEWED,PENDING,,,,11.867349,11.989858,14.617238832472982,LOW,4.957228,5.15797,6.668331342704846,LOW,126.664621,126.675833,129.23982027717088,LOW
LOT_004,LOT_004_CMP_0040,LOW,LOW RISK — all evidence signals nominal. No immediate engineering concern.,,UNREVIEWED,PENDING,,,,9.185881,9.47219,15.845089449218236,LOW,5.245972,5.252445,6.092809514953824,LOW,120.975426,122.136821,123.90993388229046,LOW
LOT_004,LOT_004_CMP_0041,MEDIUM,MEDIUM RISK — high prediction uncertainty present. Engineering review recommended.,"[MEDIUM] Iddq predicted drift from 0h to 168h is 12.55 [uA] (25.1% of spec range), exceeding moderate-drift threshold of 20% of spec range. | [MEDIUM] Module B 168h prediction interval width (21.01 [uA]) is high relative to spec range, indicating insufficient prediction confidence.",UNREVIEWED,PENDING,,,,9.450323,10.110177,22.003823259426465,MEDIUM,4.918433,5.078265,6.4499568040348345,LOW,120.735852,121.187907,123.41517827152367,LOW
LOT_004,LOT_004_CMP_0042,LOW,LOW RISK — all evidence signals nominal. No immediate engineering concern.,,UNREVIEWED,PENDING,,,,11.09183,11.482172,16.377423298882697,LOW,5.094449,5.147387,6.150005098565274,LOW,113.915695,113.86689,116.35523733150556,LOW
LOT_004,LOT_004_CMP_0043,MEDIUM,MEDIUM RISK — high prediction uncertainty present. Engineering review recommended.,"[MEDIUM] Module B 168h prediction interval width (24.61 [uA]) is high relative to spec range, indicating insufficient prediction confidence.",UNREVIEWED,PENDING,,,,12.970625,13.32625,19.814361264282336,MEDIUM,5.812398,5.724696,6.2299018101387755,LOW,133.372151,135.143633,136.63537977180212,LOW
LOT_004,LOT_004_CMP_0044,LOW,LOW RISK — all evidence signals nominal. No immediate engineering concern.,,UNREVIEWED,PENDING,,,,12.715321,13.06673,16.400673822156243,LOW,5.626222,5.8409,7.382557209728383,LOW,121.305226,121.869106,124.02954468568362,LOW
LOT_004,LOT_004_CMP_0045,HIGH,HIGH RISK — observed measurement currently breaches reference limits. Immediate engineering review required.,"[HIGH] Observed measurement of Iddq breaches reference limit (spec_min=0.0, spec_max=50.0). value_0h=58.78, value_24h=59.13 [uA]. | [HIGH] Module B predicts Iddq at 57.45 [uA] by 168h, crossing spec_max=50. | [HIGH] Module B 168h prediction upper bound (89.34 [uA]) crosses spec_max=50. Also population anomalous. | [MEDIUM] Iddq population anomaly score 36.714 >= strong threshold 6.0. | [MEDIUM] Module B 168h prediction interval width (75.37 [uA]) is high relative to spec range, indicating insufficient prediction confidence.",UNREVIEWED,PENDING,,,,58.778211,59.126644,57.45090980735903,HIGH,4.801897,4.858841,5.882242208957901,LOW,121.991557,122.050884,124.54204275848899,LOW
LOT_004,LOT_004_CMP_0046,LOW,LOW RISK — all evidence signals nominal. No immediate engineering concern.,,UNREVIEWED,PENDING,,,,11.15937,11.233184,14.036582003943538,LOW,5.090037,5.344284,7.03401208112313,LOW,125.209381,126.207342,128.12353096450514,LOW
LOT_004,LOT_004_CMP_0047,MEDIUM,MEDIUM RISK — high prediction uncertainty present. Engineering review recommended.,"[MEDIUM] Module B 168h prediction interval width (18.55 [uA]) is high relative to spec range, indicating insufficient prediction confidence.",UNREVIEWED,PENDING,,,,11.51517,12.040626,18.476943359878838,MEDIUM,5.07086,5.302986,6.917688430463083,LOW,116.656386,116.696216,119.15210640648787,LOW
LOT_004,LOT_004_CMP_0048,LOW,LOW RISK — all evidence signals nominal. No immediate engineering concern.,,UNREVIEWED,PENDING,,,,8.601571,8.902618,15.285762062172125,LOW,4.28495,4.237537,4.917368360684615,LOW,115.50476,115.686084,118.04063379371478,LOW
LOT_004,LOT_004_CMP_0049,MEDIUM,MEDIUM RISK — high prediction uncertainty present. Engineering review recommended.,"[MEDIUM] Module B 168h prediction interval width (18.08 [uA]) is high relative to spec range, indicating insufficient prediction confidence.",UNREVIEWED,PENDING,,,,11.125532,11.57157,16.80901886081577,MEDIUM,4.460979,4.628176,6.036122857608214,LOW,122.408881,123.486028,125.32618177468397,LOW
LOT_004,LOT_004_CMP_0050,MEDIUM,MEDIUM RISK — high prediction uncertainty present. Engineering review recommended.,"[MEDIUM] Module B 168h prediction interval width (19.11 [uA]) is high relative to spec range, indicating insufficient prediction confidence.",UNREVIEWED,PENDING,,,,9.288798,9.79191,13.61700831596437,MEDIUM,4.645697,4.823228,6.26195098371217,LOW,132.199796,133.958939,135.44811732188205,LOW
LOT_004,LOT_004_CMP_0051,LOW,LOW RISK — all evidence signals nominal. No immediate engineering concern.,,UNREVIEWED,PENDING,,,,10.72893,10.948268,15.731901668943802,LOW,5.452804,5.480497,6.388250459891902,LOW,123.354126,122.126713,125.45781827299457,LOW
LOT_004,LOT_004_CMP_0052,LOW,LOW RISK — all evidence signals nominal. No immediate engineering concern.,,UNREVIEWED,PENDING,,,,10.152191,10.297439,13.346721974913487,LOW,4.7487,4.955157,6.490091100211222,LOW,126.823783,128.994618,130.17078606317253,LOW
LOT_004,LOT_004_CMP_0053,LOW,LOW RISK — all evidence signals nominal. No immediate engineering concern.,,UNREVIEWED,PENDING,,,,10.976616,11.400151,16.377423298882697,LOW,6.301307,6.29935,7.085290504103727,LOW,129.149272,128.140251,131.38280115465588,LOW
LOT_004,LOT_004_CMP_0054,LOW,LOW RISK — all evidence signals nominal. No immediate engineering concern.,,UNREVIEWED,PENDING,,,,10.723053,10.899375,15.258695448668666,LOW,5.607134,5.488117,5.89144476622503,LOW,121.102772,124.093819,124.69109179332906,LOW
LOT_004,LOT_004_CMP_0055,MEDIUM,"MEDIUM RISK — population outlier, high prediction uncertainty present. Engineering review recommended.","[MEDIUM] Iddq population anomaly score 3.526 >= anomaly threshold 3.5 (moderate). | [MEDIUM] Module B 168h prediction interval width (15.21 [uA]) is high relative to spec range, indicating insufficient prediction confidence.",UNREVIEWED,PENDING,,,,6.14479,6.383478,12.934564931512913,MEDIUM,4.405081,4.625965,6.2184871605753775,LOW,108.905923,109.834727,111.64930215526716,LOW
LOT_004,LOT_004_CMP_0056,LOW,LOW RISK — all evidence signals nominal. No immediate engineering concern.,,UNREVIEWED,PENDING,,,,10.684814,10.902366,15.731901668943802,LOW,5.379621,5.604956,7.188976972852269,LOW,126.77809,126.301968,129.1804650607031,LOW
LOT_004,LOT_004_CMP_0057,LOW,LOW RISK — all evidence signals nominal. No immediate engineering concern.,,UNREVIEWED,PENDING,,,,11.383452,11.728284,15.728829176002606,LOW,5.989993,6.115065,7.342082561501105,LOW,114.318579,114.535423,116.85649363466655,LOW
LOT_004,LOT_004_CMP_0058,HIGH,HIGH RISK — Module B predicts parameter(s) will cross specification boundary by 168h. Elevated engineering attention required.,"[HIGH] Module B predicts Iddq at 51.33 [uA] by 168h, crossing spec_max=50. | [MEDIUM] Module B 168h prediction upper bound (51.33 [uA]) crosses spec_max=50.  | [HIGH] Iddq predicted drift from 0h to 168h is 40.43 [uA] (80.9% of spec range), exceeding high-drift threshold of 60% of spec range. | [MEDIUM] Module B 168h prediction interval width (39.62 [uA]) is high relative to spec range, indicating insufficient prediction confidence.",UNREVIEWED,PENDING,,,,10.89751,11.346109,51.32870819164229,HIGH,4.834565,4.785978,5.44844176545668,LOW,129.205421,128.87634,131.68200050325706,LOW
LOT_004,LOT_004_CMP_0059,LOW,LOW RISK — all evidence signals nominal. No immediate engineering concern.,,UNREVIEWED,PENDING,,,,10.245362,10.630126,15.584300457568684,LOW,3.796226,3.973887,5.433704227004071,LOW,120.276495,121.843501,123.34942845445777,LOW
LOT_004,LOT_004_CMP_0060,LOW,LOW RISK — all evidence signals nominal. No immediate engineering concern.,,UNREVIEWED,PENDING,,,,12.764102,13.10496,19.318887803666943,LOW,5.44167,5.445676,6.272864031110498,LOW,109.961299,110.600037,112.61066385572231,LOW
LOT_004,LOT_004_CMP_0061,LOW,LOW RISK — all evidence signals nominal. No immediate engineering concern.,,UNREVIEWED,PENDING,,,,10.79272,11.170778,14.864624139441023,LOW,5.325963,5.324682,6.136640035387591,LOW,119.399597,120.07689,122.1472951650766,LOW
LOT_004,LOT_004_CMP_0062,MEDIUM,MEDIUM RISK — high prediction uncertainty present. Engineering review recommended.,"[MEDIUM] Module B 168h prediction interval width (19.34 [uA]) is high relative to spec range, indicating insufficient prediction confidence.",UNREVIEWED,PENDING,,,,10.966284,11.573173,18.258650720281754,MEDIUM,5.297401,5.293965,6.099263055743354,LOW,125.000592,124.532452,127.3898855804934,LOW
LOT_004,LOT_004_CMP_0063,LOW,LOW RISK — all evidence signals nominal. No immediate engineering concern.,,UNREVIEWED,PENDING,,,,11.862545,12.246236,15.284286784722516,LOW,5.674017,5.847147,7.245852384379308,LOW,120.764073,122.276481,123.82189970191548,LOW
LOT_004,LOT_004_CMP_0064,LOW,LOW RISK — all evidence signals nominal. No immediate engineering concern.,,UNREVIEWED,PENDING,,,,10.852295,11.246909,16.211266816963786,LOW,5.615618,5.894391,7.6550415670310175,LOW,125.365736,125.148509,127.84780707794502,LOW
LOT_004,LOT_004_CMP_0065,LOW,LOW RISK — all evidence signals nominal. No immediate engineering concern.,,UNREVIEWED,PENDING,,,,9.164215,9.526219,13.720726790176137,LOW,4.838157,4.998926,6.375766988327353,LOW,113.771883,113.614335,116.17134593991472,LOW
LOT_004,LOT_004_CMP_0066,MEDIUM,MEDIUM RISK — high prediction uncertainty present. Engineering review recommended.,"[MEDIUM] Iddq predicted drift from 0h to 168h is 14.93 [uA] (29.9% of spec range), exceeding moderate-drift threshold of 20% of spec range. | [MEDIUM] Module B 168h prediction interval width (30.58 [uA]) is high relative to spec range, indicating insufficient prediction confidence.",UNREVIEWED,PENDING,,,,7.089845,7.355187,22.02281675508323,MEDIUM,4.483984,4.545716,5.593185557852781,LOW,109.609882,109.818328,112.10260456309175,LOW
LOT_004,LOT_004_CMP_0067,LOW,LOW RISK — all evidence signals nominal. No immediate engineering concern.,,UNREVIEWED,PENDING,,,,9.682152,9.852751,14.898171394445335,LOW,4.49145,4.614628,5.871611451287183,LOW,117.918035,120.111739,121.19338820557283,LOW
LOT_004,LOT_004_CMP_0068,LOW,LOW RISK — all evidence signals nominal. No immediate engineering concern.,,UNREVIEWED,PENDING,,,,11.412557,11.759805,16.116493477915974,LOW,5.060233,4.976586,5.51391530951983,LOW,121.331742,123.189272,124.51776719286497,LOW
LOT_004,LOT_004_CMP_0069,MEDIUM,MEDIUM RISK — high prediction uncertainty present. Engineering review recommended.,"[MEDIUM] Module B 168h prediction interval width (23.12 [uA]) is high relative to spec range, indicating insufficient prediction confidence.",UNREVIEWED,PENDING,,,,7.170084,7.703279,13.203367126941643,MEDIUM,4.263232,4.664001,6.873861023163437,LOW,107.23291,108.28323,110.00464368140493,LOW
LOT_004,LOT_004_CMP_0070,LOW,LOW RISK — all evidence signals nominal. No immediate engineering concern.,,UNREVIEWED,PENDING,,,,11.423213,11.55233,14.177160861740425,LOW,5.471544,5.326119,5.6426209603249,LOW,127.014939,128.81123,130.2300483078453,LOW
LOT_004,LOT_004_CMP_0071,LOW,LOW RISK — all evidence signals nominal. No immediate engineering concern.,,UNREVIEWED,PENDING,,,,10.688104,11.008274,18.09135425163996,LOW,4.679538,4.912913,6.541390882036285,LOW,116.272356,116.651206,118.88556967962282,LOW
LOT_004,LOT_004_CMP_0072,LOW,LOW RISK — all evidence signals nominal. No immediate engineering concern.,,UNREVIEWED,PENDING,,,,12.316912,12.152283,14.03097701908032,LOW,5.199281,5.292852,6.431588969537232,LOW,124.505655,124.726461,127.1362730534511,LOW
LOT_004,LOT_004_CMP_0073,MEDIUM,MEDIUM RISK — high prediction uncertainty present. Engineering review recommended.,"[MEDIUM] Module B 168h prediction interval width (20.47 [uA]) is high relative to spec range, indicating insufficient prediction confidence.",UNREVIEWED,PENDING,,,,9.703142,10.35402,14.136647973357066,MEDIUM,4.62039,4.918509,6.769375169219365,LOW,118.87699,118.771358,121.34072106163367,LOW
LOT_004,LOT_004_CMP_0074,LOW,LOW RISK — all evidence signals nominal. No immediate engineering concern.,,UNREVIEWED,PENDING,,,,11.108088,11.230136,14.756916130413526,LOW,4.893591,5.134066,6.78157027628515,LOW,113.237109,113.207064,115.67726231415249,LOW
LOT_004,LOT_004_CMP_0075,MEDIUM,MEDIUM RISK — high prediction uncertainty present. Engineering review recommended.,"[MEDIUM] Iddq predicted drift from 0h to 168h is 11.03 [uA] (22.1% of spec range), exceeding moderate-drift threshold of 20% of spec range. | [MEDIUM] Module B 168h prediction interval width (20.07 [uA]) is high relative to spec range, indicating insufficient prediction confidence.",UNREVIEWED,PENDING,,,,11.029765,11.589817,22.05954901599805,MEDIUM,4.605095,4.806812,6.329061038076608,LOW,114.3059,114.021504,116.66489943254166,LOW
LOT_004,LOT_004_CMP_0076,MEDIUM,MEDIUM RISK — high prediction uncertainty present. Engineering review recommended.,"[MEDIUM] Iddq predicted drift from 0h to 168h is 13.62 [uA] (27.2% of spec range), exceeding moderate-drift threshold of 20% of spec range. | [MEDIUM] Module B 168h prediction interval width (30.87 [uA]) is high relative to spec range, indicating insufficient prediction confidence.",UNREVIEWED,PENDING,,,,12.522985,13.19768,26.143548225664247,MEDIUM,4.954035,5.021633,6.077694409994315,LOW,123.280475,124.283011,126.1789713221063,LOW
LOT_004,LOT_004_CMP_0077,LOW,LOW RISK — all evidence signals nominal. No immediate engineering concern.,,UNREVIEWED,PENDING,,,,7.996725,8.349889,15.130787349822276,LOW,4.434196,4.339541,4.8545224802811715,LOW,127.544225,126.968093,129.91779025841458,LOW
LOT_004,LOT_004_CMP_0078,LOW,LOW RISK — all evidence signals nominal. No immediate engineering concern.,,UNREVIEWED,PENDING,,,,9.789382,9.820735,11.820392775448628,LOW,4.688676,4.718006,5.649921924589805,LOW,122.359438,123.124197,125.16486111913798,LOW
LOT_004,LOT_004_CMP_0079,LOW,LOW RISK — all evidence signals nominal. No immediate engineering concern.,,UNREVIEWED,PENDING,,,,11.440836,11.878338,16.50275916548835,LOW,5.916003,6.022486,7.187863989474753,LOW,112.882865,113.897091,115.69235458939505,LOW
LOT_004,LOT_004_CMP_0080,LOW,LOW RISK — all evidence signals nominal. No immediate engineering concern.,,UNREVIEWED,PENDING,,,,12.889257,12.959105,15.605973410580575,LOW,5.706243,5.848611,7.141552181840386,LOW,107.703307,108.39344,110.35077071393667,LOW
LOT_004,LOT_004_CMP_0081,MEDIUM,MEDIUM RISK — high prediction uncertainty present. Engineering review recommended.,"[MEDIUM] Module B 168h prediction interval width (18.73 [uA]) is high relative to spec range, indicating insufficient prediction confidence.",UNREVIEWED,PENDING,,,,10.691263,11.212547,15.80967710630998,MEDIUM,5.256245,5.364526,6.552078666081972,LOW,124.32577,123.805028,126.69025214811235,LOW
LOT_004,LOT_004_CMP_0082,MEDIUM,MEDIUM RISK — high prediction uncertainty present. Engineering review recommended.,"[MEDIUM] Module B 168h prediction interval width (20.34 [uA]) is high relative to spec range, indicating insufficient prediction confidence.",UNREVIEWED,PENDING,,,,9.945139,10.565465,17.719553524698117,MEDIUM,4.565581,4.837771,6.601482254070012,LOW,118.45456,120.195086,121.57306422516685,LOW
LOT_004,LOT_004_CMP_0083,LOW,LOW RISK — all evidence signals nominal. No immediate engineering concern.,,UNREVIEWED,PENDING,,,,11.76418,11.800658,14.269293035927904,LOW,5.233093,5.263137,6.184254827889855,LOW,127.435689,127.869184,130.16843425686113,LOW
LOT_004,LOT_004_CMP_0084,LOW,LOW RISK — all evidence signals nominal. No immediate engineering concern.,,UNREVIEWED,PENDING,,,,11.495144,11.774418,18.098392519622564,LOW,5.562236,5.691089,6.941408645837465,LOW,117.933817,117.987108,120.44578671888951,LOW
LOT_004,LOT_004_CMP_0085,LOW,LOW RISK — all evidence signals nominal. No immediate engineering concern.,,UNREVIEWED,PENDING,,,,9.80239,10.006968,16.075221423368173,LOW,5.069248,5.365063,7.197154645590108,LOW,121.063283,121.431829,123.71575429480257,LOW
LOT_004,LOT_004_CMP_0086,LOW,LOW RISK — all evidence signals nominal. No immediate engineering concern.,,UNREVIEWED,PENDING,,,,10.856093,11.050625,17.025165669323478,LOW,5.200993,5.169201,5.880072841408455,LOW,124.758416,125.487184,127.57249857961868,LOW
LOT_004,LOT_004_CMP_0087,LOW,LOW RISK — all evidence signals nominal. No immediate engineering concern.,,UNREVIEWED,PENDING,,,,12.231915,12.472534,16.308466353833083,LOW,5.981132,6.036591,7.026257241993333,LOW,121.364791,120.168794,123.46186278556807,LOW
LOT_004,LOT_004_CMP_0088,MEDIUM,MEDIUM RISK — high prediction uncertainty present. Engineering review recommended.,"[MEDIUM] Module B 168h prediction interval width (23.22 [uA]) is high relative to spec range, indicating insufficient prediction confidence.",UNREVIEWED,PENDING,,,,13.126901,13.353329,18.57405229194089,MEDIUM,5.834069,5.938551,7.099092032694523,LOW,121.743973,121.397302,124.14741307044817,LOW
LOT_004,LOT_004_CMP_0089,MEDIUM,MEDIUM RISK — high prediction uncertainty present. Engineering review recommended.,"[MEDIUM] Module B 168h prediction interval width (19.52 [uA]) is high relative to spec range, indicating insufficient prediction confidence.",UNREVIEWED,PENDING,,,,11.472073,12.052207,20.725469744716747,MEDIUM,5.668525,5.760094,6.880591491976778,LOW,121.801165,122.171785,124.46098855844932,LOW
LOT_004,LOT_004_CMP_0090,LOW,LOW RISK — all evidence signals nominal. No immediate engineering concern.,,UNREVIEWED,PENDING,,,,10.594917,10.717354,13.014812875986719,LOW,4.916813,5.082469,6.474075620841605,LOW,123.629199,123.210162,126.02371897661084,LOW
LOT_004,LOT_004_CMP_0091,LOW,LOW RISK — all evidence signals nominal. No immediate engineering concern.,,UNREVIEWED,PENDING,,,,10.587353,10.812217,15.731901668943802,LOW,4.30164,4.493444,5.989240139473567,LOW,119.488541,119.671668,122.06075807035458,LOW
LOT_004,LOT_004_CMP_0092,LOW,LOW RISK — all evidence signals nominal. No immediate engineering concern.,,UNREVIEWED,PENDING,,,,11.401385,11.454287,13.314034441114668,LOW,5.421035,5.577011,6.92332529087242,LOW,126.954206,126.85844,129.4938393221745,LOW
LOT_004,LOT_004_CMP_0093,LOW,LOW RISK — all evidence signals nominal. No immediate engineering concern.,,UNREVIEWED,PENDING,,,,10.210113,10.56861,15.584300457568684,LOW,5.293775,5.553736,7.25801126124097,LOW,116.756434,117.484846,119.49868091130212,LOW
LOT_004,LOT_004_CMP_0094,LOW,LOW RISK — all evidence signals nominal. No immediate engineering concern.,,UNREVIEWED,PENDING,,,,10.7175,11.00119,16.988986798483115,LOW,5.340954,5.462849,6.694802588424968,LOW,113.066699,115.061797,116.22773118147767,LOW
LOT_004,LOT_004_CMP_0095,MEDIUM,MEDIUM RISK — elevated predicted drift present. Engineering review recommended.,"[MEDIUM] Iddq predicted drift from 0h to 168h is 13.69 [uA] (27.4% of spec range), exceeding moderate-drift threshold of 20% of spec range.",UNREVIEWED,PENDING,,,,8.60634,9.006327,22.30067201266841,MEDIUM,4.939179,4.799315,5.147736625857579,LOW,128.900255,131.114219,132.28125099759703,LOW
LOT_004,LOT_004_CMP_0096,MEDIUM,MEDIUM RISK — high prediction uncertainty present. Engineering review recommended.,"[MEDIUM] Module B 168h prediction interval width (19.67 [uA]) is high relative to spec range, indicating insufficient prediction confidence.",UNREVIEWED,PENDING,,,,11.907971,12.589784,20.469321211866763,MEDIUM,5.297456,5.536807,7.17065748975116,LOW,119.553388,119.245194,121.95092289776767,LOW
LOT_004,LOT_004_CMP_0097,LOW,LOW RISK — all evidence signals nominal. No immediate engineering concern.,,UNREVIEWED,PENDING,,,,9.053202,9.296834,14.446734296765,LOW,4.297943,4.514336,6.09413634433194,LOW,114.311861,114.917877,116.98854028433816,LOW
LOT_004,LOT_004_CMP_0098,LOW,LOW RISK — all evidence signals nominal. No immediate engineering concern.,,UNREVIEWED,PENDING,,,,9.699109,10.020256,16.350783495311262,LOW,5.064085,5.347961,7.139434199264179,LOW,117.050798,119.97501,120.5789652968696,LOW
LOT_004,LOT_004_CMP_0099,LOW,LOW RISK — all evidence signals nominal. No immediate engineering concern.,,UNREVIEWED,PENDING,,,,10.52709,10.772145,16.10231132446104,LOW,5.283054,5.342469,6.362606034169406,LOW,121.043942,122.642139,124.13487923340982,LOW
LOT_004,LOT_004_CMP_0100,MEDIUM,MEDIUM RISK — high prediction uncertainty present. Engineering review recommended.,"[MEDIUM] Module B 168h prediction interval width (24.61 [uA]) is high relative to spec range, indicating insufficient prediction confidence.",UNREVIEWED,PENDING,,,,13.184464,13.489269,20.062083813301385,MEDIUM,5.293764,5.680221,7.816186601938342,LOW,122.338609,123.304723,125.21567251646505,LOW
LOT_005,LOT_005_CMP_0001,LOW,LOW RISK — all evidence signals nominal. No immediate engineering concern.,,UNREVIEWED,PENDING,,,,9.379138,9.424153,11.491493842874233,LOW,5.467267,5.38334,5.90981878470812,LOW,115.186697,116.299513,118.05200094436047,LOW
LOT_005,LOT_005_CMP_0002,MEDIUM,MEDIUM RISK — high prediction uncertainty present. Engineering review recommended.,"[MEDIUM] Iddq predicted drift from 0h to 168h is 11.87 [uA] (23.7% of spec range), exceeding moderate-drift threshold of 20% of spec range. | [MEDIUM] Module B 168h prediction interval width (19.89 [uA]) is high relative to spec range, indicating insufficient prediction confidence.",UNREVIEWED,PENDING,,,,11.828997,12.393182,23.703593194608718,MEDIUM,4.955231,5.026154,6.093533488517138,LOW,119.232878,121.491467,122.54315967268765,LOW
LOT_005,LOT_005_CMP_0003,LOW,LOW RISK — all evidence signals nominal. No immediate engineering concern.,,UNREVIEWED,PENDING,,,,8.346829,8.652237,14.843848245988633,LOW,4.033106,4.122608,5.275808436866765,LOW,111.537643,112.725291,114.39694040059277,LOW
LOT_005,LOT_005_CMP_0004,MEDIUM,MEDIUM RISK — high prediction uncertainty present. Engineering review recommended.,"[MEDIUM] Module B 168h prediction interval width (19.87 [uA]) is high relative to spec range, indicating insufficient prediction confidence.",UNREVIEWED,PENDING,,,,11.825735,12.605395,17.81618188643338,MEDIUM,5.294392,5.478041,6.921873004408418,LOW,125.035372,127.054938,128.31238800973517,LOW
LOT_005,LOT_005_CMP_0005,LOW,LOW RISK — all evidence signals nominal. No immediate engineering concern.,,UNREVIEWED,PENDING,,,,10.23193,10.494781,16.698835931169647,LOW,4.801293,4.910235,6.111103305134249,LOW,116.477873,114.907784,118.3977057954982,LOW
LOT_005,LOT_005_CMP_0006,LOW,LOW RISK — all evidence signals nominal. No immediate engineering concern.,,UNREVIEWED,PENDING,,,,10.34533,10.404294,12.6263878484435,LOW,5.938634,6.015981,7.081377054754913,LOW,125.880926,127.713872,129.0989485207521,LOW
LOT_005,LOT_005_CMP_0007,MEDIUM,MEDIUM RISK — high prediction uncertainty present. Engineering review recommended.,"[MEDIUM] Module B 168h prediction interval width (20.5 [uA]) is high relative to spec range, indicating insufficient prediction confidence.",UNREVIEWED,PENDING,,,,7.840911,8.332743,13.469667562832193,MEDIUM,4.820243,5.066993,6.737694914612598,LOW,113.481661,115.105205,116.513871621584,LOW
LOT_005,LOT_005_CMP_0008,HIGH,HIGH RISK — observed measurement currently breaches reference limits. Immediate engineering review required.,"[HIGH] Observed measurement of propagation_delay breaches reference limit (spec_min=80.0, spec_max=180.0). value_0h=189.8, value_24h=189.6 [ps]. | [HIGH] Module B predicts propagation_delay at 192.9 [ps] by 168h, crossing spec_max=180. | [HIGH] Module B 168h prediction upper bound (196.3 [ps]) crosses spec_max=180. Also population anomalous. | [MEDIUM] propagation_delay population anomaly score 10.442 >= strong threshold 6.0.",UNREVIEWED,PENDING,,,,10.360849,10.761733,15.584300457568684,LOW,5.365586,5.565587,7.063492387121691,LOW,189.800772,189.582722,192.85997533558796,HIGH
LOT_005,LOT_005_CMP_0009,LOW,LOW RISK — all evidence signals nominal. No immediate engineering concern.,,UNREVIEWED,PENDING,,,,11.327962,11.51325,17.56308986356302,LOW,5.157357,5.451289,7.274812648414396,LOW,123.941394,124.475447,126.67869650501814,LOW
LOT_005,LOT_005_CMP_0010,MEDIUM,MEDIUM RISK — high prediction uncertainty present. Engineering review recommended.,"[MEDIUM] Iddq predicted drift from 0h to 168h is 17.65 [uA] (35.3% of spec range), exceeding moderate-drift threshold of 20% of spec range. | [MEDIUM] Module B 168h prediction interval width (16.76 [uA]) is high relative to spec range, indicating insufficient prediction confidence.",UNREVIEWED,PENDING,,,,8.61777,8.926255,26.269461237291406,MEDIUM,4.428656,4.722694,6.564294075113685,LOW,116.035444,116.202104,118.57084252632846,LOW
LOT_005,LOT_005_CMP_0011,MEDIUM,MEDIUM RISK — high prediction uncertainty present. Engineering review recommended.,"[MEDIUM] Module B 168h prediction interval width (17.91 [uA]) is high relative to spec range, indicating insufficient prediction confidence.",UNREVIEWED,PENDING,,,,11.186942,11.637764,21.02265526602978,MEDIUM,4.804917,4.844026,5.806488686849915,LOW,117.923266,118.509138,120.62512266303101,LOW
LOT_005,LOT_005_CMP_0012,HIGH,HIGH RISK — Module B predicts parameter(s) will cross specification boundary by 168h. Elevated engineering attention required.,"[HIGH] Module B predicts Iddq at 108.3 [uA] by 168h, crossing spec_max=50. | [HIGH] Module B 168h prediction upper bound (179.2 [uA]) crosses spec_max=50. Also population anomalous. | [MEDIUM] Iddq population anomaly score 5.234 >= anomaly threshold 3.5 (moderate). | [HIGH] Iddq predicted drift from 0h to 168h is 97.71 [uA] (195.4% of spec range), exceeding high-drift threshold of 60% of spec range. | [MEDIUM] Module B 168h prediction interval width (167.6 [uA]) is high relative to spec range, indicating insufficient prediction confidence.",UNREVIEWED,PENDING,,,,10.581394,11.954588,108.29199855304209,HIGH,5.517975,5.946979,8.222693240759519,LOW,118.577937,119.6992,121.47664428289889,LOW
LOT_005,LOT_005_CMP_0013,LOW,LOW RISK — all evidence signals nominal. No immediate engineering concern.,,UNREVIEWED,PENDING,,,,9.692319,10.096644,13.12405338311233,LOW,5.162762,5.212505,6.202558908015215,LOW,122.233008,124.677499,125.63648961343388,LOW
LOT_005,LOT_005_CMP_0014,MEDIUM,MEDIUM RISK — high prediction uncertainty present. Engineering review recommended.,"[MEDIUM] Module B 168h prediction interval width (24.32 [uA]) is high relative to spec range, indicating insufficient prediction confidence.",UNREVIEWED,PENDING,,,,14.491921,14.825678,22.113526530812926,MEDIUM,7.036218,7.206177,8.560945749072253,LOW,128.73241,129.244718,131.50488970139978,LOW
LOT_005,LOT_005_CMP_0015,LOW,LOW RISK — all evidence signals nominal. No immediate engineering concern.,,UNREVIEWED,PENDING,,,,7.633428,7.820739,12.79605538031898,LOW,4.234041,4.278841,5.27460320085675,LOW,112.855566,112.802194,115.28397899584806,LOW
LOT_005,LOT_005_CMP_0016,MEDIUM,MEDIUM RISK — high prediction uncertainty present. Engineering review recommended.,"[MEDIUM] Module B 168h prediction interval width (19.63 [uA]) is high relative to spec range, indicating insufficient prediction confidence.",UNREVIEWED,PENDING,,,,10.647451,11.283818,15.615170472302992,MEDIUM,5.371888,5.397565,6.300405565420478,LOW,120.227441,120.23793,122.74469645408232,LOW
LOT_005,LOT_005_CMP_0017,LOW,LOW RISK — all evidence signals nominal. No immediate engineering concern.,,UNREVIEWED,PENDING,,,,12.741365,12.974627,17.355004199168288,LOW,5.734534,5.926538,7.388183097458009,LOW,125.776792,126.509982,128.60157802724638,LOW
LOT_005,LOT_005_CMP_0018,MEDIUM,MEDIUM RISK — high prediction uncertainty present. Engineering review recommended.,"[MEDIUM] Module B 168h prediction interval width (17.47 [uA]) is high relative to spec range, indicating insufficient prediction confidence.",UNREVIEWED,PENDING,,,,12.506765,12.980289,21.964943187284764,MEDIUM,6.080018,6.152093,7.19606038054976,LOW,122.111071,123.31361,125.07043263691897,LOW
LOT_005,LOT_005_CMP_0019,MEDIUM,MEDIUM RISK — high prediction uncertainty present. Engineering review recommended.,"[MEDIUM] Iddq predicted drift from 0h to 168h is 21.33 [uA] (42.7% of spec range), exceeding moderate-drift threshold of 20% of spec range. | [MEDIUM] Module B 168h prediction interval width (20.41 [uA]) is high relative to spec range, indicating insufficient prediction confidence.",UNREVIEWED,PENDING,,,,10.957864,11.523209,32.28299493482738,MEDIUM,4.756762,4.654125,5.1340249247555025,LOW,108.68442,108.178809,110.91413181886247,LOW
LOT_005,LOT_005_CMP_0020,LOW,LOW RISK — all evidence signals nominal. No immediate engineering concern.,,UNREVIEWED,PENDING,,,,10.193756,10.317206,13.346721974913487,LOW,5.466115,5.208308,5.141418398234736,LOW,116.704068,117.852426,119.59564814773394,LOW
LOT_005,LOT_005_CMP_0021,LOW,LOW RISK — all evidence signals nominal. No immediate engineering concern.,,UNREVIEWED,PENDING,,,,9.57755,10.008676,13.978364981880341,LOW,4.874233,4.990871,6.2162301048540884,LOW,115.824499,117.681086,118.96083539602152,LOW
LOT_005,LOT_005_CMP_0022,MEDIUM,MEDIUM RISK — high prediction uncertainty present. Engineering review recommended.,"[MEDIUM] Iddq predicted drift from 0h to 168h is 24.02 [uA] (48.0% of spec range), exceeding moderate-drift threshold of 20% of spec range. | [MEDIUM] Module B 168h prediction interval width (32.5 [uA]) is high relative to spec range, indicating insufficient prediction confidence.",UNREVIEWED,PENDING,,,,14.782257,15.598199,38.802102653897066,MEDIUM,6.627035,6.885866,8.553873455221325,LOW,136.505505,137.521505,139.52731849286758,LOW
LOT_005,LOT_005_CMP_0023,LOW,LOW RISK — all evidence signals nominal. No immediate engineering concern.,,UNREVIEWED,PENDING,,,,11.292777,11.273551,13.308261215643483,LOW,4.471716,4.531098,5.570845999784425,LOW,112.918774,112.659554,115.2743236359615,LOW
LOT_005,LOT_005_CMP_0024,LOW,LOW RISK — all evidence signals nominal. No immediate engineering concern.,,UNREVIEWED,PENDING,,,,9.585598,9.792384,14.356996736237097,LOW,4.733799,4.860875,6.125269577401269,LOW,112.685524,112.866017,115.19583715954862,LOW
LOT_005,LOT_005_CMP_0025,LOW,LOW RISK — all evidence signals nominal. No immediate engineering concern.,,UNREVIEWED,PENDING,,,,11.551832,11.972944,15.133266942639661,LOW,6.014801,6.173308,7.51382535789422,LOW,117.37229,118.675369,120.32505017162086,LOW
LOT_005,LOT_005_CMP_0026,MEDIUM,MEDIUM RISK — high prediction uncertainty present. Engineering review recommended.,"[MEDIUM] Module B 168h prediction interval width (24.32 [uA]) is high relative to spec range, indicating insufficient prediction confidence.",UNREVIEWED,PENDING,,,,13.53184,13.803231,19.84713437196134,MEDIUM,6.569594,6.709552,7.9732806114157695,LOW,130.239353,129.845894,132.70223312106287,LOW
LOT_005,LOT_005_CMP_0027,LOW,LOW RISK — all evidence signals nominal. No immediate engineering concern.,,UNREVIEWED,PENDING,,,,10.333759,10.63777,17.70866311661078,LOW,5.227714,5.32403,6.471443564984104,LOW,118.484849,118.859067,121.11623731550993,LOW
LOT_005,LOT_005_CMP_0028,LOW,LOW RISK — all evidence signals nominal. No immediate engineering concern.,,UNREVIEWED,PENDING,,,,8.681085,9.005333,17.072066348107363,LOW,5.389733,5.529766,6.822432920906621,LOW,113.993836,113.631184,116.32212355038205,LOW
LOT_005,LOT_005_CMP_0029,LOW,LOW RISK — all evidence signals nominal. No immediate engineering concern.,,UNREVIEWED,PENDING,,,,8.504198,8.796379,14.843848245988633,LOW,4.72988,4.691614,5.391844898413577,LOW,120.644972,124.153381,124.41374187735639,LOW
LOT_005,LOT_005_CMP_0030,LOW,LOW RISK — all evidence signals nominal. No immediate engineering concern.,,UNREVIEWED,PENDING,,,,11.53057,11.783927,17.199751669952754,LOW,5.88095,5.910976,6.816283030199715,LOW,129.214018,128.341772,131.49691754000455,LOW
LOT_005,LOT_005_CMP_0031,LOW,LOW RISK — all evidence signals nominal. No immediate engineering concern.,,UNREVIEWED,PENDING,,,,10.277995,10.700329,15.584300457568684,LOW,5.055697,5.064241,5.916298745599853,LOW,124.680021,125.271164,127.44430766988238,LOW
LOT_005,LOT_005_CMP_0032,MEDIUM,MEDIUM RISK — high prediction uncertainty present. Engineering review recommended.,"[MEDIUM] Module B 168h prediction interval width (19.44 [uA]) is high relative to spec range, indicating insufficient prediction confidence.",UNREVIEWED,PENDING,,,,11.522618,12.256135,15.079213928608866,MEDIUM,5.262939,5.233237,5.949735433725962,LOW,115.404817,116.529695,118.27637833570894,LOW
LOT_005,LOT_005_CMP_0033,LOW,LOW RISK — all evidence signals nominal. No immediate engineering concern.,,UNREVIEWED,PENDING,,,,9.853367,9.863119,11.820392775448628,LOW,4.774317,4.653762,5.072086805318525,LOW,114.625745,116.028371,117.58940263759561,LOW
LOT_005,LOT_005_CMP_0034,LOW,LOW RISK — all evidence signals nominal. No immediate engineering concern.,,UNREVIEWED,PENDING,,,,11.560148,11.995088,15.987578541407675,LOW,4.461406,4.622077,6.007742342851138,LOW,129.343189,131.07965,132.55782013662187,LOW
LOT_005,LOT_005_CMP_0035,MEDIUM,MEDIUM RISK — high prediction uncertainty present. Engineering review recommended.,"[MEDIUM] Module B 168h prediction interval width (20.24 [uA]) is high relative to spec range, indicating insufficient prediction confidence.",UNREVIEWED,PENDING,,,,10.026854,10.651933,16.836840782479467,MEDIUM,5.60068,5.868243,7.591000592453604,LOW,120.013425,120.31555,122.63279453521403,LOW
LOT_005,LOT_005_CMP_0036,MEDIUM,MEDIUM RISK — high prediction uncertainty present. Engineering review recommended.,"[MEDIUM] Module B 168h prediction interval width (19.86 [uA]) is high relative to spec range, indicating insufficient prediction confidence.",UNREVIEWED,PENDING,,,,9.533918,10.04684,14.06910634998129,MEDIUM,4.507653,4.582455,5.673952862728531,LOW,116.816354,116.538786,119.20028619953433,LOW
LOT_005,LOT_005_CMP_0037,LOW,LOW RISK — all evidence signals nominal. No immediate engineering concern.,,UNREVIEWED,PENDING,,,,9.995706,10.240858,15.898918077948084,LOW,4.629105,4.680728,5.690170915533027,LOW,121.770915,121.503257,124.20278190637524,LOW
LOT_005,LOT_005_CMP_0038,LOW,LOW RISK — all evidence signals nominal. No immediate engineering concern.,,UNREVIEWED,PENDING,,,,9.014119,9.261269,14.190184112030247,LOW,4.300355,4.265434,4.9875220352768785,LOW,120.927492,122.866933,124.13911373037199,LOW
LOT_005,LOT_005_CMP_0039,LOW,LOW RISK — all evidence signals nominal. No immediate engineering concern.,,UNREVIEWED,PENDING,,,,13.553769,13.594143,16.022133287853517,LOW,5.851395,5.807169,6.459796369075178,LOW,121.546761,121.711712,124.1309388143082,LOW
LOT_005,LOT_005_CMP_0040,LOW,LOW RISK — all evidence signals nominal. No immediate engineering concern.,,UNREVIEWED,PENDING,,,,10.553455,10.614753,13.014155067644396,LOW,5.791366,5.830644,6.769702906224657,LOW,119.961442,121.032875,122.85477209247736,LOW
LOT_005,LOT_005_CMP_0041,LOW,LOW RISK — all evidence signals nominal. No immediate engineering concern.,,UNREVIEWED,PENDING,,,,11.648458,11.654624,13.314034441114668,LOW,6.374895,6.319082,6.919440415645251,LOW,126.131282,126.665386,128.8882270819992,LOW
LOT_005,LOT_005_CMP_0042,MEDIUM,MEDIUM RISK — high prediction uncertainty present. Engineering review recommended.,"[MEDIUM] Module B 168h prediction interval width (20.76 [uA]) is high relative to spec range, indicating insufficient prediction confidence.",UNREVIEWED,PENDING,,,,9.592539,10.16965,16.579680992201936,MEDIUM,4.188465,4.333395,5.6719765651149885,LOW,111.231308,111.250393,113.67101218041059,LOW
LOT_005,LOT_005_CMP_0043,LOW,LOW RISK — all evidence signals nominal. No immediate engineering concern.,,UNREVIEWED,PENDING,,,,8.892851,9.312564,15.005462506344193,LOW,4.678636,4.719726,5.692019085742541,LOW,114.389751,116.60302,117.64046516443776,LOW
LOT_005,LOT_005_CMP_0044,LOW,LOW RISK — all evidence signals nominal. No immediate engineering concern.,,UNREVIEWED,PENDING,,,,10.161419,10.538633,15.196533238367795,LOW,4.603483,4.720132,5.952110562524915,LOW,112.211696,114.200407,115.3627878269815,LOW
LOT_005,LOT_005_CMP_0045,LOW,LOW RISK — all evidence signals nominal. No immediate engineering concern.,,UNREVIEWED,PENDING,,,,11.990723,12.297085,18.510804527061808,LOW,5.736126,5.808025,6.8597517456595405,LOW,118.061422,117.024085,120.18548804947459,LOW
LOT_005,LOT_005_CMP_0046,LOW,LOW RISK — all evidence signals nominal. No immediate engineering concern.,,UNREVIEWED,PENDING,,,,9.730692,9.924497,14.356996736237097,LOW,5.098328,5.163169,6.206313902467697,LOW,114.927184,115.121365,117.46246825447251,LOW
LOT_005,LOT_005_CMP_0047,LOW,LOW RISK — all evidence signals nominal. No immediate engineering concern.,,UNREVIEWED,PENDING,,,,9.26129,9.369462,13.37289114287754,LOW,4.632579,4.627756,5.444482459576104,LOW,119.748377,118.926458,121.96440405378893,LOW
LOT_005,LOT_005_CMP_0048,LOW,LOW RISK — all evidence signals nominal. No immediate engineering concern.,,UNREVIEWED,PENDING,,,,10.693837,10.766312,12.294478749516731,LOW,5.184855,5.301116,6.517637320943131,LOW,116.728604,118.010498,119.66803878539878,LOW
LOT_005,LOT_005_CMP_0049,LOW,LOW RISK — all evidence signals nominal. No immediate engineering concern.,,UNREVIEWED,PENDING,,,,11.100463,11.295964,17.56308986356302,LOW,5.038105,5.217474,6.652930067472889,LOW,115.319909,116.12115,118.07526213896739,LOW
LOT_005,LOT_005_CMP_0050,LOW,LOW RISK — all evidence signals nominal. No immediate engineering concern.,,UNREVIEWED,PENDING,,,,12.827925,12.979119,21.47043757097834,LOW,6.415747,6.520809,7.66918882424383,LOW,122.779075,124.287996,125.85371499167081,LOW
LOT_005,LOT_005_CMP_0051,LOW,LOW RISK — all evidence signals nominal. No immediate engineering concern.,,UNREVIEWED,PENDING,,,,10.826882,11.264293,16.65327615739347,LOW,5.384841,5.705468,7.614562954510845,LOW,114.746669,114.372415,117.07756431318052,LOW
LOT_005,LOT_005_CMP_0052,MEDIUM,"MEDIUM RISK — population outlier, high prediction uncertainty present. Engineering review recommended.","[MEDIUM] Module B 168h prediction interval width (29.7 [uA]) is high relative to spec range, indicating insufficient prediction confidence. | [MEDIUM] leakage_current population anomaly score 4.081 >= anomaly threshold 3.5 (moderate).",UNREVIEWED,PENDING,,,,16.225093,16.492612,19.84713437196134,MEDIUM,7.672157,7.72033,8.644022744022228,MEDIUM,141.920373,142.176514,144.71965533536914,LOW
LOT_005,LOT_005_CMP_0053,LOW,LOW RISK — all evidence signals nominal. No immediate engineering concern.,,UNREVIEWED,PENDING,,,,11.451344,11.686958,16.544982992087082,LOW,4.283309,4.369396,5.504859720927113,LOW,126.063211,127.048319,128.98042754337914,LOW
LOT_005,LOT_005_CMP_0054,LOW,LOW RISK — all evidence signals nominal. No immediate engineering concern.,,UNREVIEWED,PENDING,,,,9.12141,9.33303,15.669964102985217,LOW,4.676221,4.756473,5.862472076788718,LOW,115.672264,114.427571,117.70095221275044,LOW
LOT_005,LOT_005_CMP_0055,LOW,LOW RISK — all evidence signals nominal. No immediate engineering concern.,,UNREVIEWED,PENDING,,,,9.177675,9.328006,13.646411703386248,LOW,5.564195,5.855324,7.659391702615998,LOW,117.391309,115.802895,119.31279056182541,LOW
LOT_005,LOT_005_CMP_0056,MEDIUM,MEDIUM RISK — high prediction uncertainty present. Engineering review recommended.,"[MEDIUM] Module B 168h prediction interval width (21.59 [uA]) is high relative to spec range, indicating insufficient prediction confidence.",UNREVIEWED,PENDING,,,,8.660489,9.371191,11.421771451489398,MEDIUM,5.170826,5.530205,7.576750732553418,LOW,117.732308,118.326188,120.43531002055889,LOW
LOT_005,LOT_005_CMP_0057,LOW,LOW RISK — all evidence signals nominal. No immediate engineering concern.,,UNREVIEWED,PENDING,,,,8.704042,8.840128,13.321808279413698,LOW,3.883631,3.938478,4.977045821921548,LOW,105.777006,105.149551,107.93719941365572,LOW
LOT_005,LOT_005_CMP_0058,LOW,LOW RISK — all evidence signals nominal. No immediate engineering concern.,,UNREVIEWED,PENDING,,,,11.642245,11.699112,14.042355229414722,LOW,5.267188,5.326903,6.348449539090412,LOW,122.009762,123.492984,125.0683405888153,LOW
LOT_005,LOT_005_CMP_0059,LOW,LOW RISK — all evidence signals nominal. No immediate engineering concern.,,UNREVIEWED,PENDING,,,,10.773061,11.15049,14.864624139441023,LOW,4.668978,4.944103,6.715316887387028,LOW,135.098697,135.608858,137.9274614443875,LOW
LOT_005,LOT_005_CMP_0060,LOW,LOW RISK — all evidence signals nominal. No immediate engineering concern.,,UNREVIEWED,PENDING,,,,10.684399,10.92215,15.382635006333377,LOW,5.900525,5.967756,6.999555835325223,LOW,120.231524,119.436612,122.46151460664099,LOW
LOT_005,LOT_005_CMP_0061,MEDIUM,MEDIUM RISK — high prediction uncertainty present. Engineering review recommended.,"[MEDIUM] Module B 168h prediction interval width (22.55 [uA]) is high relative to spec range, indicating insufficient prediction confidence.",UNREVIEWED,PENDING,,,,6.646245,7.258258,13.498520892472438,MEDIUM,4.184421,4.402007,5.988638382611539,LOW,114.101966,112.633684,116.03682386745731,LOW
LOT_005,LOT_005_CMP_0062,MEDIUM,MEDIUM RISK — high prediction uncertainty present. Engineering review recommended.,"[MEDIUM] Module B 168h prediction interval width (24.32 [uA]) is high relative to spec range, indicating insufficient prediction confidence.",UNREVIEWED,PENDING,,,,13.44459,13.723327,19.61115931600702,MEDIUM,5.689967,5.694855,6.519016925835605,LOW,125.577036,129.597077,129.57251249968553,LOW
LOT_005,LOT_005_CMP_0063,MEDIUM,MEDIUM RISK — high prediction uncertainty present. Engineering review recommended.,"[MEDIUM] Module B 168h prediction interval width (19.31 [uA]) is high relative to spec range, indicating insufficient prediction confidence.",UNREVIEWED,PENDING,,,,9.210042,9.71176,19.172059932208658,MEDIUM,4.796415,5.046962,6.7312011091108275,LOW,123.539778,125.689139,126.84969172464359,LOW
LOT_005,LOT_005_CMP_0064,LOW,LOW RISK — all evidence signals nominal. No immediate engineering concern.,,UNREVIEWED,PENDING,,,,13.474715,13.275656,15.419419183711708,LOW,4.582615,4.812058,6.429473426493722,LOW,127.925924,129.125208,130.9362335347985,LOW
LOT_005,LOT_005_CMP_0065,LOW,LOW RISK — all evidence signals nominal. No immediate engineering concern.,,UNREVIEWED,PENDING,,,,8.560426,8.905849,12.9311499953223,LOW,4.087586,4.309405,5.912836300888069,LOW,102.874077,105.373991,106.1238465880057,LOW
LOT_005,LOT_005_CMP_0066,LOW,LOW RISK — all evidence signals nominal. No immediate engineering concern.,,UNREVIEWED,PENDING,,,,9.506598,9.470877,11.491493842874233,LOW,4.877823,5.050549,6.467231096741368,LOW,120.736479,120.248717,123.08056077969876,LOW
LOT_005,LOT_005_CMP_0067,LOW,LOW RISK — all evidence signals nominal. No immediate engineering concern.,,UNREVIEWED,PENDING,,,,7.425737,7.807941,10.78394881093825,LOW,4.764921,4.883014,6.115995919802724,LOW,127.235132,127.969012,130.07323287915347,LOW
LOT_005,LOT_005_CMP_0068,MEDIUM,MEDIUM RISK — high prediction uncertainty present. Engineering review recommended.,"[MEDIUM] Module B 168h prediction interval width (19.47 [uA]) is high relative to spec range, indicating insufficient prediction confidence.",UNREVIEWED,PENDING,,,,10.753573,11.402646,15.615170472302992,MEDIUM,4.461427,4.532762,5.613551860902421,LOW,121.62058,122.131646,124.3288849569251,LOW
LOT_005,LOT_005_CMP_0069,LOW,LOW RISK — all evidence signals nominal. No immediate engineering concern.,,UNREVIEWED,PENDING,,,,8.938438,9.234209,15.51995502075042,LOW,4.765203,4.6069,4.896624609865473,LOW,110.674882,109.720645,112.7623978803235,LOW
LOT_005,LOT_005_CMP_0070,MEDIUM,MEDIUM RISK — elevated predicted drift present. Engineering review recommended.,"[MEDIUM] Iddq predicted drift from 0h to 168h is 15.01 [uA] (30.0% of spec range), exceeding moderate-drift threshold of 20% of spec range.",UNREVIEWED,PENDING,,,,9.092162,9.270732,24.102312211479607,MEDIUM,5.212074,5.348573,6.633498398973523,LOW,118.660712,119.625559,121.50436457892583,LOW
LOT_005,LOT_005_CMP_0071,LOW,LOW RISK — all evidence signals nominal. No immediate engineering concern.,,UNREVIEWED,PENDING,,,,8.664056,8.914854,14.364593160724406,LOW,3.910269,4.107135,5.629720322152024,LOW,109.03905,109.272513,111.53558115625204,LOW
LOT_005,LOT_005_CMP_0072,LOW,LOW RISK — all evidence signals nominal. No immediate engineering concern.,,UNREVIEWED,PENDING,,,,11.571373,11.687792,14.446550313149734,LOW,5.501667,5.584708,6.680158486069113,LOW,128.068001,127.801239,130.55661800838172,LOW
LOT_005,LOT_005_CMP_0073,LOW,LOW RISK — all evidence signals nominal. No immediate engineering concern.,,UNREVIEWED,PENDING,,,,11.465122,11.772093,19.343011220255267,LOW,5.434879,5.535007,6.6903935220032915,LOW,116.116712,115.310112,118.30565895109063,LOW
LOT_005,LOT_005_CMP_0074,HIGH,HIGH RISK — Module B predicts parameter(s) will cross specification boundary by 168h. Elevated engineering attention required.,"[HIGH] Module B predicts Iddq at 52.19 [uA] by 168h, crossing spec_max=50. | [MEDIUM] Module B 168h prediction upper bound (52.19 [uA]) crosses spec_max=50.  | [HIGH] Iddq predicted drift from 0h to 168h is 39.36 [uA] (78.7% of spec range), exceeding high-drift threshold of 60% of spec range. | [MEDIUM] Module B 168h prediction interval width (38.59 [uA]) is high relative to spec range, indicating insufficient prediction confidence.",UNREVIEWED,PENDING,,,,12.834043,13.493774,52.19496079317239,HIGH,6.617239,6.575131,7.216368793121361,LOW,124.44451,124.942096,127.17331265728089,LOW
LOT_005,LOT_005_CMP_0075,LOW,LOW RISK — all evidence signals nominal. No immediate engineering concern.,,UNREVIEWED,PENDING,,,,9.509052,9.765931,14.626356075914188,LOW,4.841298,4.828622,5.613474754032578,LOW,111.93177,113.463018,114.91716779288643,LOW
LOT_005,LOT_005_CMP_0076,LOW,LOW RISK — all evidence signals nominal. No immediate engineering concern.,,UNREVIEWED,PENDING,,,,10.542481,10.876353,19.926315466605317,LOW,5.064248,5.290303,6.884447801759993,LOW,116.326671,116.329864,118.80636761454073,LOW
LOT_005,LOT_005_CMP_0077,LOW,LOW RISK — all evidence signals nominal. No immediate engineering concern.,,UNREVIEWED,PENDING,,,,8.73385,8.858935,13.321808279413698,LOW,5.107173,5.036332,5.616222950710981,LOW,124.748786,125.632234,127.61795949927375,LOW
LOT_005,LOT_005_CMP_0078,MEDIUM,MEDIUM RISK — high prediction uncertainty present. Engineering review recommended.,"[MEDIUM] Iddq predicted drift from 0h to 168h is 22.05 [uA] (44.1% of spec range), exceeding moderate-drift threshold of 20% of spec range. | [MEDIUM] Module B 168h prediction interval width (32.98 [uA]) is high relative to spec range, indicating insufficient prediction confidence.",UNREVIEWED,PENDING,,,,12.745499,13.300337,34.79100047793154,MEDIUM,5.373914,5.575494,7.078585551906285,LOW,129.763664,130.633829,132.67303935655787,LOW
LOT_005,LOT_005_CMP_0079,MEDIUM,MEDIUM RISK — high prediction uncertainty present. Engineering review recommended.,"[MEDIUM] Module B 168h prediction interval width (24.32 [uA]) is high relative to spec range, indicating insufficient prediction confidence.",UNREVIEWED,PENDING,,,,14.560492,14.833322,19.84713437196134,MEDIUM,6.780308,7.04271,8.719178068601357,LOW,133.507759,134.885531,136.6317593638331,LOW
LOT_005,LOT_005_CMP_0080,MEDIUM,MEDIUM RISK — high prediction uncertainty present. Engineering review recommended.,"[MEDIUM] Module B 168h prediction interval width (18.11 [uA]) is high relative to spec range, indicating insufficient prediction confidence.",UNREVIEWED,PENDING,,,,11.045195,11.538067,17.63417180862393,MEDIUM,5.152045,5.35574,6.871442988842612,LOW,114.409031,113.189084,116.43522627753339,LOW
LOT_005,LOT_005_CMP_0081,MEDIUM,MEDIUM RISK — high prediction uncertainty present. Engineering review recommended.,"[MEDIUM] Module B 168h prediction interval width (19.88 [uA]) is high relative to spec range, indicating insufficient prediction confidence.",UNREVIEWED,PENDING,,,,11.793351,12.552699,18.616995039975055,MEDIUM,5.530935,5.466887,6.059658638191419,LOW,111.514206,110.717273,113.66535661546573,LOW
LOT_005,LOT_005_CMP_0082,LOW,LOW RISK — all evidence signals nominal. No immediate engineering concern.,,UNREVIEWED,PENDING,,,,12.076474,12.101142,13.754112411847228,LOW,5.781372,5.937962,7.277611901495305,LOW,115.108158,115.198544,117.60803843171433,LOW
LOT_005,LOT_005_CMP_0083,LOW,LOW RISK — all evidence signals nominal. No immediate engineering concern.,,UNREVIEWED,PENDING,,,,9.288756,9.649222,13.12405338311233,LOW,5.047209,5.157087,6.355171366437391,LOW,116.230751,117.584745,119.19144374711055,LOW
LOT_005,LOT_005_CMP_0084,LOW,LOW RISK — all evidence signals nominal. No immediate engineering concern.,,UNREVIEWED,PENDING,,,,12.100238,12.205261,14.878920152816656,LOW,5.171217,5.179231,6.026671741334281,LOW,125.650126,124.310674,127.73442718159835,LOW
LOT_005,LOT_005_CMP_0085,LOW,LOW RISK — all evidence signals nominal. No immediate engineering concern.,,UNREVIEWED,PENDING,,,,10.520844,10.940714,15.584300457568684,LOW,5.133546,5.190768,6.207055563653571,LOW,117.898946,116.098207,119.74923642642747,LOW
LOT_005,LOT_005_CMP_0086,LOW,LOW RISK — all evidence signals nominal. No immediate engineering concern.,,UNREVIEWED,PENDING,,,,10.203975,10.604645,15.584300457568684,LOW,5.561134,5.649349,6.761011040649492,LOW,126.635042,127.524698,129.5233334350679,LOW
LOT_005,LOT_005_CMP_0087,MEDIUM,MEDIUM RISK — high prediction uncertainty present. Engineering review recommended.,"[MEDIUM] Module B 168h prediction interval width (19.05 [uA]) is high relative to spec range, indicating insufficient prediction confidence.",UNREVIEWED,PENDING,,,,9.413723,9.892521,14.198746440913405,MEDIUM,4.507563,4.450033,5.089926590511677,LOW,112.497421,113.929381,115.45246993117696,LOW
LOT_005,LOT_005_CMP_0088,LOW,LOW RISK — all evidence signals nominal. No immediate engineering concern.,,UNREVIEWED,PENDING,,,,9.774816,9.936108,15.512930262900614,LOW,5.084448,5.086308,5.91485647282672,LOW,116.772685,117.968404,119.681774594557,LOW
LOT_005,LOT_005_CMP_0089,LOW,LOW RISK — all evidence signals nominal. No immediate engineering concern.,,UNREVIEWED,PENDING,,,,12.988177,13.03678,13.85157993769379,LOW,5.62158,5.698458,6.769961074946134,LOW,116.942293,117.578531,119.65332529049854,LOW
LOT_005,LOT_005_CMP_0090,MEDIUM,MEDIUM RISK — high prediction uncertainty present. Engineering review recommended.,"[MEDIUM] Module B 168h prediction interval width (19.39 [uA]) is high relative to spec range, indicating insufficient prediction confidence.",UNREVIEWED,PENDING,,,,10.823303,11.398538,20.17905352405646,MEDIUM,5.228991,5.20454,5.939783678208051,LOW,124.493642,124.470592,127.03716445402242,LOW
LOT_005,LOT_005_CMP_0091,MEDIUM,MEDIUM RISK — high prediction uncertainty present. Engineering review recommended.,"[MEDIUM] Module B 168h prediction interval width (29.7 [uA]) is high relative to spec range, indicating insufficient prediction confidence.",UNREVIEWED,PENDING,,,,15.604665,16.034896,19.159362873391483,MEDIUM,4.49868,4.615963,5.852652955562503,LOW,128.762698,132.221708,132.58659224086068,LOW
LOT_005,LOT_005_CMP_0092,LOW,LOW RISK — all evidence signals nominal. No immediate engineering concern.,,UNREVIEWED,PENDING,,,,10.003475,9.675527,11.820392775448628,LOW,5.559626,5.594901,6.5259325447259435,LOW,108.577009,109.938332,111.47172816600178,LOW
LOT_005,LOT_005_CMP_0093,HIGH,HIGH RISK — observed measurement currently breaches reference limits. Immediate engineering review required.,"[HIGH] Observed measurement of Iddq breaches reference limit (spec_min=0.0, spec_max=50.0). value_0h=54.81, value_24h=55.38 [uA]. | [HIGH] Module B predicts Iddq at 61.14 [uA] by 168h, crossing spec_max=50. | [HIGH] Module B 168h prediction upper bound (77.89 [uA]) crosses spec_max=50. Also population anomalous. | [MEDIUM] Iddq population anomaly score 27.193 >= strong threshold 6.0. | [MEDIUM] Module B 168h prediction interval width (63.98 [uA]) is high relative to spec range, indicating insufficient prediction confidence.",UNREVIEWED,PENDING,,,,54.810437,55.378721,61.13817433060641,HIGH,5.704481,5.808956,6.972623421394478,LOW,122.045743,122.663716,124.79599370218178,LOW
LOT_005,LOT_005_CMP_0094,LOW,LOW RISK — all evidence signals nominal. No immediate engineering concern.,,UNREVIEWED,PENDING,,,,12.487696,12.848263,17.452738006571856,LOW,5.864427,6.22961,8.279101509973426,LOW,129.478703,128.337164,131.66791268369255,LOW
LOT_005,LOT_005_CMP_0095,MEDIUM,MEDIUM RISK — high prediction uncertainty present. Engineering review recommended.,"[MEDIUM] Module B 168h prediction interval width (19.11 [uA]) is high relative to spec range, indicating insufficient prediction confidence.",UNREVIEWED,PENDING,,,,9.281476,9.778668,13.61700831596437,MEDIUM,4.700541,4.795407,5.950687730195954,LOW,108.736309,110.718152,111.85380667502555,LOW
LOT_005,LOT_005_CMP_0096,MEDIUM,MEDIUM RISK — high prediction uncertainty present. Engineering review recommended.,"[MEDIUM] Module B 168h prediction interval width (19.24 [uA]) is high relative to spec range, indicating insufficient prediction confidence.",UNREVIEWED,PENDING,,,,10.125714,10.641951,16.529353424437637,MEDIUM,4.757665,4.893906,6.188997586954846,LOW,120.300541,121.522543,123.25062063002031,LOW
LOT_005,LOT_005_CMP_0097,LOW,LOW RISK — all evidence signals nominal. No immediate engineering concern.,,UNREVIEWED,PENDING,,,,10.284017,10.526978,15.71454410526015,LOW,5.596036,5.619305,6.5084788115599785,LOW,125.478357,124.638135,127.73920347379936,LOW
LOT_005,LOT_005_CMP_0098,MEDIUM,MEDIUM RISK — high prediction uncertainty present. Engineering review recommended.,"[MEDIUM] Iddq predicted drift from 0h to 168h is 13.73 [uA] (27.5% of spec range), exceeding moderate-drift threshold of 20% of spec range. | [MEDIUM] Module B 168h prediction interval width (19.87 [uA]) is high relative to spec range, indicating insufficient prediction confidence.",UNREVIEWED,PENDING,,,,10.576133,11.152952,24.30816637660539,MEDIUM,5.362396,5.676298,7.5629883340127995,LOW,120.623876,120.172344,122.97987261444285,LOW
LOT_005,LOT_005_CMP_0099,LOW,LOW RISK — all evidence signals nominal. No immediate engineering concern.,,UNREVIEWED,PENDING,,,,9.445609,9.633624,14.677841221362357,LOW,5.081898,5.04353,5.734855266282983,LOW,118.711308,121.379198,122.16292093266956,LOW
LOT_005,LOT_005_CMP_0100,LOW,LOW RISK — all evidence signals nominal. No immediate engineering concern.,,UNREVIEWED,PENDING,,,,11.064154,11.453493,16.377423298882697,LOW,5.547208,5.655367,6.835430024227218,LOW,128.092746,129.79097,131.28253161596407,LOW
LOT_006,LOT_006_CMP_0001,MEDIUM,MEDIUM RISK — high prediction uncertainty present. Engineering review recommended.,"[MEDIUM] Module B 168h prediction interval width (17.85 [uA]) is high relative to spec range, indicating insufficient prediction confidence.",UNREVIEWED,PENDING,,,,10.598341,11.083767,18.186397570015913,MEDIUM,5.185419,5.404081,6.970050215201497,LOW,120.487285,120.282985,122.93024980093429,LOW
LOT_006,LOT_006_CMP_0002,LOW,LOW RISK — all evidence signals nominal. No immediate engineering concern.,,UNREVIEWED,PENDING,,,,8.126409,8.134333,10.354261277788503,LOW,5.256191,5.065882,5.2344445562994455,LOW,109.697693,109.783857,112.14758221783187,LOW
LOT_006,LOT_006_CMP_0003,MEDIUM,MEDIUM RISK — high prediction uncertainty present. Engineering review recommended.,"[MEDIUM] Module B 168h prediction interval width (18.36 [uA]) is high relative to spec range, indicating insufficient prediction confidence.",UNREVIEWED,PENDING,,,,6.197947,6.460148,13.64227587399285,MEDIUM,4.527619,4.617093,5.758176296950355,LOW,107.712822,108.692016,110.46348438767373,LOW
LOT_006,LOT_006_CMP_0004,LOW,LOW RISK — all evidence signals nominal. No immediate engineering concern.,,UNREVIEWED,PENDING,,,,10.390415,10.68392,17.70866311661078,LOW,5.128771,5.333678,6.854082943878792,LOW,120.41599,121.433666,123.2942173463279,LOW
LOT_006,LOT_006_CMP_0005,LOW,LOW RISK — all evidence signals nominal. No immediate engineering concern.,,UNREVIEWED,PENDING,,,,10.498954,10.752374,16.81002226694097,LOW,5.294879,5.298235,6.126773272097487,LOW,123.320062,124.382042,126.24011785015777,LOW
LOT_006,LOT_006_CMP_0006,MEDIUM,MEDIUM RISK — high prediction uncertainty present. Engineering review recommended.,"[MEDIUM] Module B 168h prediction interval width (19.89 [uA]) is high relative to spec range, indicating insufficient prediction confidence.",UNREVIEWED,PENDING,,,,10.463912,11.046255,18.777879809275547,MEDIUM,5.441628,5.662398,7.2293327124352444,LOW,109.676206,109.548049,112.04945039933716,LOW
LOT_006,LOT_006_CMP_0007,LOW,LOW RISK — all evidence signals nominal. No immediate engineering concern.,,UNREVIEWED,PENDING,,,,9.184589,9.459837,16.081064505172556,LOW,4.710455,4.623557,5.158294779174385,LOW,116.353879,118.644061,119.64963072114853,LOW
LOT_006,LOT_006_CMP_0008,MEDIUM,MEDIUM RISK — high prediction uncertainty present. Engineering review recommended.,"[MEDIUM] Module B 168h prediction interval width (17.12 [uA]) is high relative to spec range, indicating insufficient prediction confidence.",UNREVIEWED,PENDING,,,,12.168062,12.274105,14.467373032944657,MEDIUM,5.713689,5.658821,6.278478279012045,LOW,131.700723,131.50151,134.24599013190775,LOW
LOT_006,LOT_006_CMP_0009,LOW,LOW RISK — all evidence signals nominal. No immediate engineering concern.,,UNREVIEWED,PENDING,,,,9.111577,9.551172,14.575038388944149,LOW,5.134095,5.372959,7.009118813022586,LOW,116.876251,116.686831,119.29216398072315,LOW
LOT_006,LOT_006_CMP_0010,MEDIUM,"MEDIUM RISK — population outlier, high prediction uncertainty present. Engineering review recommended.","[MEDIUM] Iddq population anomaly score 8.440 >= strong threshold 6.0. | [MEDIUM] Module B 168h prediction interval width (28.31 [uA]) is high relative to spec range, indicating insufficient prediction confidence. | [MEDIUM] leakage_current population anomaly score 6.504 >= strong threshold 6.0. | [MEDIUM] propagation_delay population anomaly score 9.519 >= strong threshold 6.0.",UNREVIEWED,PENDING,,,,21.011552,21.238857,22.696777203606537,MEDIUM,8.715806,8.731773,9.520185995169866,MEDIUM,170.544511,169.572221,173.16210060250205,MEDIUM
LOT_006,LOT_006_CMP_0011,MEDIUM,MEDIUM RISK — elevated predicted drift present. Engineering review recommended.,"[MEDIUM] Iddq predicted drift from 0h to 168h is 11.18 [uA] (22.4% of spec range), exceeding moderate-drift threshold of 20% of spec range.",UNREVIEWED,PENDING,,,,10.841594,11.214458,22.0256648091159,MEDIUM,5.319051,5.379419,6.401933230808475,LOW,124.675179,124.716137,127.24316111098324,LOW
LOT_006,LOT_006_CMP_0012,MEDIUM,MEDIUM RISK — high prediction uncertainty present. Engineering review recommended.,"[MEDIUM] Module B 168h prediction interval width (19.59 [uA]) is high relative to spec range, indicating insufficient prediction confidence.",UNREVIEWED,PENDING,,,,12.112182,12.919536,20.184827426784572,MEDIUM,5.58857,5.590779,6.408263318105082,LOW,118.339703,118.126855,120.76037330633979,LOW
LOT_006,LOT_006_CMP_0013,HIGH,HIGH RISK — observed measurement currently breaches reference limits. Immediate engineering review required.,"[HIGH] Observed measurement of Iddq breaches reference limit (spec_min=0.0, spec_max=50.0). value_0h=59.06, value_24h=60.03 [uA]. | [HIGH] Module B predicts Iddq at 195.3 [uA] by 168h, crossing spec_max=50. | [HIGH] Module B 168h prediction upper bound (211.1 [uA]) crosses spec_max=50. Also population anomalous. | [MEDIUM] Iddq population anomaly score 37.560 >= strong threshold 6.0. | [HIGH] Iddq predicted drift from 0h to 168h is 136.2 [uA] (272.4% of spec range), exceeding high-drift threshold of 60% of spec range. | [MEDIUM] Module B 168h prediction interval width (197.2 [uA]) is high relative to spec range, indicating insufficient prediction confidence. | [MEDIUM] leakage_current population anomaly score 3.723 >= anomaly threshold 3.5 (moderate).",UNREVIEWED,PENDING,,,,59.057803,60.02612,195.28088764089773,HIGH,5.431034,5.975647,8.648011023485731,MEDIUM,117.747758,118.542414,120.52251898721303,LOW
LOT_006,LOT_006_CMP_0014,LOW,LOW RISK — all evidence signals nominal. No immediate engineering concern.,,UNREVIEWED,PENDING,,,,9.24247,9.332532,13.915801154795556,LOW,4.161937,4.24391,5.368284511950603,LOW,116.933559,116.731671,119.34553797233438,LOW
LOT_006,LOT_006_CMP_0015,LOW,LOW RISK — all evidence signals nominal. No immediate engineering concern.,,UNREVIEWED,PENDING,,,,7.811829,8.159004,11.727892054738772,LOW,4.427028,4.4683,5.447330770283076,LOW,110.777168,111.326921,113.40210155939378,LOW
LOT_006,LOT_006_CMP_0016,LOW,LOW RISK — all evidence signals nominal. No immediate engineering concern.,,UNREVIEWED,PENDING,,,,12.157323,12.477267,18.36855327958595,LOW,5.580832,5.551461,6.261361067971914,LOW,118.038894,117.810987,120.45149682338662,LOW
LOT_006,LOT_006_CMP_0017,LOW,LOW RISK — all evidence signals nominal. No immediate engineering concern.,,UNREVIEWED,PENDING,,,,10.570827,10.602184,12.285834279344344,LOW,5.617514,5.881836,7.593123870505402,LOW,129.789376,128.409881,131.8964864302434,LOW
LOT_006,LOT_006_CMP_0018,LOW,LOW RISK — all evidence signals nominal. No immediate engineering concern.,,UNREVIEWED,PENDING,,,,10.666321,10.826979,15.258695448668666,LOW,5.3455,5.447097,6.609669544260733,LOW,116.009443,116.317519,118.59505422530194,LOW
LOT_006,LOT_006_CMP_0019,LOW,LOW RISK — all evidence signals nominal. No immediate engineering concern.,,UNREVIEWED,PENDING,,,,14.409924,14.385999,15.57120879055915,LOW,7.044489,7.25768,8.759784562098645,LOW,133.235887,131.463077,135.2335801343192,LOW
LOT_006,LOT_006_CMP_0020,MEDIUM,MEDIUM RISK — high prediction uncertainty present. Engineering review recommended.,"[MEDIUM] Module B 168h prediction interval width (20.34 [uA]) is high relative to spec range, indicating insufficient prediction confidence.",UNREVIEWED,PENDING,,,,9.940634,10.575236,16.519220763118586,MEDIUM,5.553597,5.698199,7.002474919940125,LOW,118.028158,118.85989,120.8186574488969,LOW
LOT_006,LOT_006_CMP_0021,LOW,LOW RISK — all evidence signals nominal. No immediate engineering concern.,,UNREVIEWED,PENDING,,,,8.325105,8.650431,15.946215699145473,LOW,4.577058,4.622385,5.611606956809497,LOW,116.764974,116.042779,118.98983908809191,LOW
LOT_006,LOT_006_CMP_0022,LOW,LOW RISK — all evidence signals nominal. No immediate engineering concern.,,UNREVIEWED,PENDING,,,,9.890513,10.098708,16.075221423368173,LOW,5.325377,5.188685,5.538543186389223,LOW,122.598362,124.575338,125.83834643418837,LOW
LOT_006,LOT_006_CMP_0023,LOW,LOW RISK — all evidence signals nominal. No immediate engineering concern.,,UNREVIEWED,PENDING,,,,8.739044,8.722617,13.36467071605678,LOW,4.700901,4.771135,5.842345902492154,LOW,115.21104,117.946254,118.65530147196505,LOW
LOT_006,LOT_006_CMP_0024,MEDIUM,MEDIUM RISK — high prediction uncertainty present. Engineering review recommended.,"[MEDIUM] Module B 168h prediction interval width (19.31 [uA]) is high relative to spec range, indicating insufficient prediction confidence.",UNREVIEWED,PENDING,,,,9.171226,9.616856,15.688279155977952,MEDIUM,5.343866,5.591366,7.251898175351418,LOW,120.903836,123.426912,124.32343914213685,LOW
LOT_006,LOT_006_CMP_0025,LOW,LOW RISK — all evidence signals nominal. No immediate engineering concern.,,UNREVIEWED,PENDING,,,,9.46336,9.856922,13.12405338311233,LOW,4.401208,4.572777,5.997097114194811,LOW,108.395257,107.925422,110.63513948491112,LOW
LOT_006,LOT_006_CMP_0026,MEDIUM,MEDIUM RISK — high prediction uncertainty present. Engineering review recommended.,"[MEDIUM] Module B 168h prediction interval width (21.59 [uA]) is high relative to spec range, indicating insufficient prediction confidence.",UNREVIEWED,PENDING,,,,8.895437,9.558151,17.66070145002463,MEDIUM,4.516702,4.599673,5.718829045821005,LOW,121.290444,121.832237,124.0067513772837,LOW
LOT_006,LOT_006_CMP_0027,LOW,LOW RISK — all evidence signals nominal. No immediate engineering concern.,,UNREVIEWED,PENDING,,,,7.847047,8.284591,13.261105027280939,LOW,4.86187,4.966211,6.1499049515460245,LOW,104.321966,105.652991,107.16774631807517,LOW
LOT_006,LOT_006_CMP_0028,LOW,LOW RISK — all evidence signals nominal. No immediate engineering concern.,,UNREVIEWED,PENDING,,,,12.221185,12.643186,15.561151391955606,LOW,6.22171,6.309301,7.402774962078345,LOW,122.673888,122.705086,125.22045424052433,LOW
LOT_006,LOT_006_CMP_0029,LOW,LOW RISK — all evidence signals nominal. No immediate engineering concern.,,UNREVIEWED,PENDING,,,,10.390968,10.53229,13.346721974913487,LOW,4.298055,4.383327,5.515650914152086,LOW,123.066529,125.043125,126.31057329623992,LOW
LOT_006,LOT_006_CMP_0030,LOW,LOW RISK — all evidence signals nominal. No immediate engineering concern.,,UNREVIEWED,PENDING,,,,9.599729,9.780923,14.356996736237097,LOW,5.571414,5.672782,6.829081083654686,LOW,123.070842,122.178994,125.29169790532836,LOW
LOT_006,LOT_006_CMP_0031,MEDIUM,MEDIUM RISK — high prediction uncertainty present. Engineering review recommended.,"[MEDIUM] Module B 168h prediction interval width (19.43 [uA]) is high relative to spec range, indicating insufficient prediction confidence.",UNREVIEWED,PENDING,,,,10.951491,11.602851,17.891763208633865,MEDIUM,5.37312,5.48729,6.69209869973786,LOW,116.003111,114.227318,117.84531085787567,LOW
LOT_006,LOT_006_CMP_0032,MEDIUM,MEDIUM RISK — high prediction uncertainty present. Engineering review recommended.,"[MEDIUM] Module B 168h prediction interval width (18.73 [uA]) is high relative to spec range, indicating insufficient prediction confidence.",UNREVIEWED,PENDING,,,,10.669737,11.182217,15.80967710630998,MEDIUM,4.581761,4.546766,5.261760532115627,LOW,113.273832,114.628124,116.20813302059794,LOW
LOT_006,LOT_006_CMP_0033,LOW,LOW RISK — all evidence signals nominal. No immediate engineering concern.,,UNREVIEWED,PENDING,,,,7.580681,7.729747,10.772502980720011,LOW,3.856558,4.056484,5.590817827368303,LOW,115.798348,116.163141,118.40229952925607,LOW
LOT_006,LOT_006_CMP_0034,MEDIUM,MEDIUM RISK — high prediction uncertainty present. Engineering review recommended.,"[MEDIUM] Module B 168h prediction interval width (19.63 [uA]) is high relative to spec range, indicating insufficient prediction confidence.",UNREVIEWED,PENDING,,,,10.685745,11.286945,15.982057983950881,MEDIUM,4.788951,4.867987,5.967095800401157,LOW,120.908716,123.539314,124.36671796016189,LOW
LOT_006,LOT_006_CMP_0035,MEDIUM,MEDIUM RISK — population outlier present. Engineering review recommended.,[MEDIUM] leakage_current population anomaly score 7.745 >= strong threshold 6.0. | [MEDIUM] propagation_delay population anomaly score 5.979 >= anomaly threshold 3.5 (moderate).,UNREVIEWED,PENDING,,,,10.194059,10.250775,12.6263878484435,LOW,9.400066,9.460063,10.382101868040841,MEDIUM,151.345628,151.726132,154.27373606270356,MEDIUM
LOT_006,LOT_006_CMP_0036,LOW,LOW RISK — all evidence signals nominal. No immediate engineering concern.,,UNREVIEWED,PENDING,,,,10.920053,11.234758,19.46168979374613,LOW,5.371349,5.561144,7.0240795006970655,LOW,121.187524,120.585153,123.4947646077223,LOW
LOT_006,LOT_006_CMP_0037,LOW,LOW RISK — all evidence signals nominal. No immediate engineering concern.,,UNREVIEWED,PENDING,,,,10.87406,11.296032,16.211266816963786,LOW,5.650942,5.783522,7.0444042572962315,LOW,103.618289,104.169428,106.17956364790425,LOW
LOT_006,LOT_006_CMP_0038,LOW,LOW RISK — all evidence signals nominal. No immediate engineering concern.,,UNREVIEWED,PENDING,,,,10.141063,10.513996,15.196533238367795,LOW,5.055897,4.958521,5.449103065856013,LOW,118.730914,119.200256,121.39843988424083,LOW
LOT_006,LOT_006_CMP_0039,LOW,LOW RISK — all evidence signals nominal. No immediate engineering concern.,,UNREVIEWED,PENDING,,,,9.781209,9.912081,13.269047690218667,LOW,4.628713,4.708275,5.813074246176985,LOW,121.166355,121.80807,123.91719439650426,LOW
LOT_006,LOT_006_CMP_0040,MEDIUM,MEDIUM RISK — high prediction uncertainty present. Engineering review recommended.,"[MEDIUM] Module B 168h prediction interval width (19.7 [uA]) is high relative to spec range, indicating insufficient prediction confidence.",UNREVIEWED,PENDING,,,,11.911742,12.523603,20.91861024430995,MEDIUM,5.489434,5.734027,7.381099770993053,LOW,124.531907,123.834023,126.83504658834008,LOW
LOT_006,LOT_006_CMP_0041,LOW,LOW RISK — all evidence signals nominal. No immediate engineering concern.,,UNREVIEWED,PENDING,,,,9.173987,9.531674,13.720726790176137,LOW,5.009181,5.093008,6.203113159388793,LOW,114.627091,116.746933,117.84660491535362,LOW
LOT_006,LOT_006_CMP_0042,MEDIUM,MEDIUM RISK — high prediction uncertainty present. Engineering review recommended.,"[MEDIUM] Module B 168h prediction interval width (18.15 [uA]) is high relative to spec range, indicating insufficient prediction confidence.",UNREVIEWED,PENDING,,,,10.273818,10.756317,19.208911999631336,MEDIUM,5.315594,5.490537,6.90414281319838,LOW,112.229768,111.526844,114.42086577676524,LOW
LOT_006,LOT_006_CMP_0043,MEDIUM,MEDIUM RISK — high prediction uncertainty present. Engineering review recommended.,"[MEDIUM] Module B 168h prediction interval width (20.05 [uA]) is high relative to spec range, indicating insufficient prediction confidence.",UNREVIEWED,PENDING,,,,10.22129,10.947375,14.028469222581098,MEDIUM,4.92084,5.06136,6.367087659020584,LOW,120.021384,123.255101,123.68657795983313,LOW
LOT_006,LOT_006_CMP_0044,MEDIUM,MEDIUM RISK — high prediction uncertainty present. Engineering review recommended.,"[MEDIUM] Iddq predicted drift from 0h to 168h is 16.41 [uA] (32.8% of spec range), exceeding moderate-drift threshold of 20% of spec range. | [MEDIUM] Module B 168h prediction interval width (15.74 [uA]) is high relative to spec range, indicating insufficient prediction confidence.",UNREVIEWED,PENDING,,,,9.258062,9.400631,25.672739775991737,MEDIUM,5.160983,5.509493,7.519185621876873,LOW,112.630522,113.628267,115.43187117422121,LOW
LOT_006,LOT_006_CMP_0045,MEDIUM,MEDIUM RISK — high prediction uncertainty present. Engineering review recommended.,"[MEDIUM] Module B 168h prediction interval width (21.77 [uA]) is high relative to spec range, indicating insufficient prediction confidence.",UNREVIEWED,PENDING,,,,8.548673,9.178768,13.882057072511046,MEDIUM,4.584099,4.642298,5.675276777311339,LOW,114.031964,113.21426,116.19826776237986,LOW
LOT_006,LOT_006_CMP_0046,LOW,LOW RISK — all evidence signals nominal. No immediate engineering concern.,,UNREVIEWED,PENDING,,,,9.737268,9.785211,11.491493842874233,LOW,4.694485,4.68742,5.494990304668089,LOW,120.544938,121.065592,123.24702395399062,LOW
LOT_006,LOT_006_CMP_0047,LOW,LOW RISK — all evidence signals nominal. No immediate engineering concern.,,UNREVIEWED,PENDING,,,,9.298777,9.506854,14.677841221362357,LOW,4.700077,4.891089,6.374496316316365,LOW,125.616082,127.619154,128.8924182487086,LOW
LOT_006,LOT_006_CMP_0048,LOW,LOW RISK — all evidence signals nominal. No immediate engineering concern.,,UNREVIEWED,PENDING,,,,8.097241,8.107559,10.354261277788503,LOW,5.064935,5.279408,6.83401046816733,LOW,116.161521,116.343665,118.70357277752186,LOW
LOT_006,LOT_006_CMP_0049,LOW,LOW RISK — all evidence signals nominal. No immediate engineering concern.,,UNREVIEWED,PENDING,,,,9.080555,9.29672,15.31379807281333,LOW,4.738366,4.995476,6.7035236807214735,LOW,120.620291,121.926567,123.60329812116017,LOW
LOT_006,LOT_006_CMP_0050,LOW,LOW RISK — all evidence signals nominal. No immediate engineering concern.,,UNREVIEWED,PENDING,,,,10.309325,10.389897,13.42677835904038,LOW,4.988028,5.084059,6.236326705866332,LOW,113.108313,112.827988,115.45803262006186,LOW
LOT_006,LOT_006_CMP_0051,LOW,LOW RISK — all evidence signals nominal. No immediate engineering concern.,,UNREVIEWED,PENDING,,,,11.845953,12.102511,17.06366483493002,LOW,5.997036,6.177842,7.594890523248885,LOW,123.997788,124.546941,126.74098232155283,LOW
LOT_006,LOT_006_CMP_0052,LOW,LOW RISK — all evidence signals nominal. No immediate engineering concern.,,UNREVIEWED,PENDING,,,,10.708179,11.07501,14.864624139441023,LOW,6.261946,6.409216,7.7053770171161915,LOW,121.942004,121.575957,124.34030692074157,LOW
LOT_006,LOT_006_CMP_0053,LOW,LOW RISK — all evidence signals nominal. No immediate engineering concern.,,UNREVIEWED,PENDING,,,,6.500264,6.666908,13.098012812001826,LOW,4.378186,4.428741,5.44063900344482,LOW,120.983892,120.210305,123.22823187245754,LOW
LOT_006,LOT_006_CMP_0054,MEDIUM,MEDIUM RISK — population outlier present. Engineering review recommended.,[MEDIUM] propagation_delay population anomaly score 3.867 >= anomaly threshold 3.5 (moderate).,UNREVIEWED,PENDING,,,,10.776207,11.214019,15.718935738209035,LOW,5.792745,6.016871,7.5867230229156375,LOW,97.950171,99.309644,100.7489992691633,MEDIUM
LOT_006,LOT_006_CMP_0055,LOW,LOW RISK — all evidence signals nominal. No immediate engineering concern.,,UNREVIEWED,PENDING,,,,9.020455,9.310042,15.51995502075042,LOW,5.393685,5.42427,6.343330103455994,LOW,117.575036,116.59096,119.7137425513286,LOW
LOT_006,LOT_006_CMP_0056,MEDIUM,MEDIUM RISK — high prediction uncertainty present. Engineering review recommended.,"[MEDIUM] Module B 168h prediction interval width (20.07 [uA]) is high relative to spec range, indicating insufficient prediction confidence.",UNREVIEWED,PENDING,,,,10.361324,10.905465,15.718128157127529,MEDIUM,5.046245,5.225874,6.662019480693933,LOW,125.761573,126.062146,128.4319001568877,LOW
LOT_006,LOT_006_CMP_0057,MEDIUM,MEDIUM RISK — high prediction uncertainty present. Engineering review recommended.,"[MEDIUM] Iddq predicted drift from 0h to 168h is 10.78 [uA] (21.6% of spec range), exceeding moderate-drift threshold of 20% of spec range. | [MEDIUM] Module B 168h prediction interval width (20.38 [uA]) is high relative to spec range, indicating insufficient prediction confidence.",UNREVIEWED,PENDING,,,,9.941699,10.555005,20.717245868772093,MEDIUM,5.096668,5.214136,6.436920244196518,LOW,120.288902,120.229297,122.78170440195358,LOW
LOT_006,LOT_006_CMP_0058,LOW,LOW RISK — all evidence signals nominal. No immediate engineering concern.,,UNREVIEWED,PENDING,,,,9.537332,9.779707,13.918645133434252,LOW,4.48422,4.493996,5.364150740198747,LOW,112.164274,113.292968,115.00815688686639,LOW
LOT_006,LOT_006_CMP_0059,LOW,LOW RISK — all evidence signals nominal. No immediate engineering concern.,,UNREVIEWED,PENDING,,,,9.915991,9.838129,11.820392775448628,LOW,5.006782,5.135401,6.398425136701992,LOW,132.373271,132.51242,135.04526506473226,LOW
LOT_006,LOT_006_CMP_0060,MEDIUM,MEDIUM RISK — high prediction uncertainty present. Engineering review recommended.,"[MEDIUM] Module B 168h prediction interval width (20.34 [uA]) is high relative to spec range, indicating insufficient prediction confidence.",UNREVIEWED,PENDING,,,,9.880749,10.606613,14.21284319526903,MEDIUM,4.90058,5.011359,6.216082732263687,LOW,113.912674,113.858169,116.35015596377323,LOW
LOT_006,LOT_006_CMP_0061,LOW,LOW RISK — all evidence signals nominal. No immediate engineering concern.,,UNREVIEWED,PENDING,,,,11.98389,12.194449,17.15836507650793,LOW,5.42059,5.621231,7.119983356485878,LOW,121.768255,124.386784,125.22965436676924,LOW
LOT_006,LOT_006_CMP_0062,LOW,LOW RISK — all evidence signals nominal. No immediate engineering concern.,,UNREVIEWED,PENDING,,,,9.923625,10.276097,15.380907211055726,LOW,4.905859,4.818409,5.346512720174578,LOW,121.001654,121.197143,123.59184038140637,LOW
LOT_006,LOT_006_CMP_0063,MEDIUM,MEDIUM RISK — high prediction uncertainty present. Engineering review recommended.,"[MEDIUM] Module B 168h prediction interval width (17.75 [uA]) is high relative to spec range, indicating insufficient prediction confidence.",UNREVIEWED,PENDING,,,,11.372425,11.8183,19.719646919239878,MEDIUM,5.406412,5.502963,6.646834405281447,LOW,122.460154,124.162795,125.60103953221643,LOW
LOT_006,LOT_006_CMP_0064,MEDIUM,MEDIUM RISK — high prediction uncertainty present. Engineering review recommended.,"[MEDIUM] Module B 168h prediction interval width (19.2 [uA]) is high relative to spec range, indicating insufficient prediction confidence.",UNREVIEWED,PENDING,,,,10.956548,11.645416,14.40661259737676,MEDIUM,5.823308,5.929992,7.098309348244297,LOW,120.092783,120.416009,122.72039080823959,LOW
LOT_006,LOT_006_CMP_0065,LOW,LOW RISK — all evidence signals nominal. No immediate engineering concern.,,UNREVIEWED,PENDING,,,,10.943933,11.093287,14.385148418092891,LOW,5.255239,5.353535,6.50703653545312,LOW,119.993007,120.452966,122.6684958698194,LOW
LOT_006,LOT_006_CMP_0066,LOW,LOW RISK — all evidence signals nominal. No immediate engineering concern.,,UNREVIEWED,PENDING,,,,7.441254,7.722775,13.42039359625684,LOW,3.635301,3.779003,5.126841184606214,LOW,115.282332,113.253805,117.02791780121115,LOW
LOT_006,LOT_006_CMP_0067,LOW,LOW RISK — all evidence signals nominal. No immediate engineering concern.,,UNREVIEWED,PENDING,,,,11.811596,11.754478,14.269293035927904,LOW,5.220102,5.290151,6.348108808205529,LOW,116.202934,116.65801,118.84271678817223,LOW
LOT_006,LOT_006_CMP_0068,MEDIUM,MEDIUM RISK — high prediction uncertainty present. Engineering review recommended.,"[MEDIUM] Module B 168h prediction interval width (19.11 [uA]) is high relative to spec range, indicating insufficient prediction confidence.",UNREVIEWED,PENDING,,,,9.250903,9.748067,19.172059932208658,MEDIUM,4.264447,4.319441,5.349252868667557,LOW,129.282934,130.821878,132.4265672016281,LOW
LOT_006,LOT_006_CMP_0069,LOW,LOW RISK — all evidence signals nominal. No immediate engineering concern.,,UNREVIEWED,PENDING,,,,10.824315,10.955938,13.80668967783565,LOW,5.507968,5.428774,5.970415548910405,LOW,119.674828,119.160243,121.99982767790662,LOW
LOT_006,LOT_006_CMP_0070,MEDIUM,MEDIUM RISK — high prediction uncertainty present. Engineering review recommended.,"[MEDIUM] Module B 168h prediction interval width (19.83 [uA]) is high relative to spec range, indicating insufficient prediction confidence.",UNREVIEWED,PENDING,,,,8.538909,8.988575,17.059786283528226,MEDIUM,4.975703,5.205265,6.813530586592653,LOW,119.665803,121.220448,122.72885442353711,LOW
LOT_006,LOT_006_CMP_0071,MEDIUM,MEDIUM RISK — population outlier present. Engineering review recommended.,[MEDIUM] Iddq population anomaly score 3.518 >= anomaly threshold 3.5 (moderate).,UNREVIEWED,PENDING,,,,5.556348,5.563692,11.03894095733494,MEDIUM,3.696381,3.729525,4.698579516286706,LOW,115.107828,116.201109,117.96545667461325,LOW
LOT_006,LOT_006_CMP_0072,LOW,LOW RISK — all evidence signals nominal. No immediate engineering concern.,,UNREVIEWED,PENDING,,,,12.79967,13.045777,17.005737536557863,LOW,5.498351,5.595965,6.741229049394345,LOW,120.888523,122.634679,124.03084717967297,LOW
LOT_006,LOT_006_CMP_0073,LOW,LOW RISK — all evidence signals nominal. No immediate engineering concern.,,UNREVIEWED,PENDING,,,,8.789845,8.846404,14.417018816400828,LOW,4.775414,4.925266,6.26637606533238,LOW,114.43156,115.437537,117.25198543870913,LOW
LOT_006,LOT_006_CMP_0074,LOW,LOW RISK — all evidence signals nominal. No immediate engineering concern.,,UNREVIEWED,PENDING,,,,11.646382,11.967442,18.217533437503096,LOW,5.436843,5.335493,5.803252307671737,LOW,114.088583,115.529675,117.0611484670026,LOW
LOT_006,LOT_006_CMP_0075,MEDIUM,MEDIUM RISK — high prediction uncertainty present. Engineering review recommended.,"[MEDIUM] Module B 168h prediction interval width (18.46 [uA]) is high relative to spec range, indicating insufficient prediction confidence.",UNREVIEWED,PENDING,,,,10.053507,10.518407,16.455600268856795,MEDIUM,4.574608,4.740474,6.141116268647172,LOW,118.108785,120.176142,121.34077727349886,LOW
LOT_006,LOT_006_CMP_0076,LOW,LOW RISK — all evidence signals nominal. No immediate engineering concern.,,UNREVIEWED,PENDING,,,,9.542494,9.686928,12.654288821763387,LOW,5.317318,5.364397,6.3416022865224075,LOW,117.8348,116.742729,119.93731057677019,LOW
LOT_006,LOT_006_CMP_0077,LOW,LOW RISK — all evidence signals nominal. No immediate engineering concern.,,UNREVIEWED,PENDING,,,,9.957311,10.200492,15.898918077948084,LOW,5.435247,5.48984,6.489821298691509,LOW,125.292218,126.666943,128.3415089860154,LOW
LOT_006,LOT_006_CMP_0078,LOW,LOW RISK — all evidence signals nominal. No immediate engineering concern.,,UNREVIEWED,PENDING,,,,7.869599,8.249923,11.727892054738772,LOW,5.16638,5.187126,6.078134540517093,LOW,109.368181,111.311962,112.47776369071383,LOW
LOT_006,LOT_006_CMP_0079,LOW,LOW RISK — all evidence signals nominal. No immediate engineering concern.,,UNREVIEWED,PENDING,,,,10.030434,10.175453,13.531095947601422,LOW,4.831948,4.908388,5.997592234393933,LOW,117.299464,116.364859,119.4533482711394,LOW
LOT_006,LOT_006_CMP_0080,LOW,LOW RISK — all evidence signals nominal. No immediate engineering concern.,,UNREVIEWED,PENDING,,,,8.469503,8.424029,11.033162651562648,LOW,5.19589,5.308061,6.510356209045604,LOW,111.569071,112.017794,114.16506182067272,LOW
LOT_006,LOT_006_CMP_0081,LOW,LOW RISK — all evidence signals nominal. No immediate engineering concern.,,UNREVIEWED,PENDING,,,,9.411512,9.733559,16.350783495311262,LOW,4.782194,4.656723,5.058079592487184,LOW,127.266426,127.789924,130.0297601646044,LOW
LOT_006,LOT_006_CMP_0082,MEDIUM,MEDIUM RISK — high prediction uncertainty present. Engineering review recommended.,"[MEDIUM] Iddq predicted drift from 0h to 168h is 10.51 [uA] (21.0% of spec range), exceeding moderate-drift threshold of 20% of spec range. | [MEDIUM] Module B 168h prediction interval width (25.23 [uA]) is high relative to spec range, indicating insufficient prediction confidence.",UNREVIEWED,PENDING,,,,10.980623,11.790097,21.486619863886403,MEDIUM,5.751724,5.952859,7.44524736917895,LOW,117.76972,117.611551,120.20478749184815,LOW
LOT_006,LOT_006_CMP_0083,LOW,LOW RISK — all evidence signals nominal. No immediate engineering concern.,,UNREVIEWED,PENDING,,,,10.247392,10.569874,18.811030569767624,LOW,4.938669,5.081523,6.394782426629753,LOW,122.476066,124.887334,125.86987448601084,LOW
LOT_006,LOT_006_CMP_0084,LOW,LOW RISK — all evidence signals nominal. No immediate engineering concern.,,UNREVIEWED,PENDING,,,,8.108915,8.124297,10.354261277788503,LOW,4.474905,4.47355,5.305944672323118,LOW,120.95732,121.585194,123.70134881693959,LOW
LOT_006,LOT_006_CMP_0085,MEDIUM,MEDIUM RISK — population outlier present. Engineering review recommended.,[MEDIUM] leakage_current population anomaly score 3.597 >= anomaly threshold 3.5 (moderate).,UNREVIEWED,PENDING,,,,11.142829,11.563704,15.954707262047762,LOW,3.149174,3.377663,5.0266696070947265,MEDIUM,119.113167,119.20527,121.64955026240638,LOW
LOT_006,LOT_006_CMP_0086,HIGH,HIGH RISK — one or more strong evidence signals present. Engineering review recommended.,"[MEDIUM] Iddq population anomaly score 3.617 >= anomaly threshold 3.5 (moderate). | [MEDIUM] Iddq predicted drift from 0h to 168h is 11 [uA] (22.0% of spec range), exceeding moderate-drift threshold of 20% of spec range. | [MEDIUM] Module B 168h prediction interval width (32.5 [uA]) is high relative to spec range, indicating insufficient prediction confidence. | [HIGH] Combined: population anomaly (score=3.617) co-occurring with elevated predicted drift — escalated to HIGH.",UNREVIEWED,PENDING,,,,14.58449,15.235627,25.585820538916654,HIGH,4.946436,5.160604,6.7170463059195855,LOW,112.311625,110.978955,114.2788142786114,LOW
LOT_006,LOT_006_CMP_0087,LOW,LOW RISK — all evidence signals nominal. No immediate engineering concern.,,UNREVIEWED,PENDING,,,,9.34613,9.577077,14.32167519119047,LOW,5.119635,4.955564,5.2169880619002855,LOW,111.071423,110.957504,113.46224940527921,LOW
LOT_006,LOT_006_CMP_0088,MEDIUM,MEDIUM RISK — high prediction uncertainty present. Engineering review recommended.,"[MEDIUM] Module B 168h prediction interval width (23 [uA]) is high relative to spec range, indicating insufficient prediction confidence.",UNREVIEWED,PENDING,,,,10.908198,11.140175,17.102237211049967,MEDIUM,5.332596,5.396272,6.429746090272546,LOW,126.70812,127.20764,129.45789758490304,LOW
LOT_006,LOT_006_CMP_0089,LOW,LOW RISK — all evidence signals nominal. No immediate engineering concern.,,UNREVIEWED,PENDING,,,,9.667849,9.877606,14.356996736237097,LOW,5.77271,5.850121,6.919769069811824,LOW,112.465299,115.022853,115.82158027762195,LOW
LOT_006,LOT_006_CMP_0090,LOW,LOW RISK — all evidence signals nominal. No immediate engineering concern.,,UNREVIEWED,PENDING,,,,8.264183,8.55245,14.843848245988633,LOW,4.190254,4.366094,5.810117941092065,LOW,119.115633,120.150973,121.98850844900166,LOW
LOT_006,LOT_006_CMP_0091,LOW,LOW RISK — all evidence signals nominal. No immediate engineering concern.,,UNREVIEWED,PENDING,,,,12.490491,12.724228,16.308466353833083,LOW,5.442164,5.705467,7.417540101219189,LOW,124.952279,123.042752,126.82697022140447,LOW
LOT_006,LOT_006_CMP_0092,LOW,LOW RISK — all evidence signals nominal. No immediate engineering concern.,,UNREVIEWED,PENDING,,,,10.01298,10.010407,11.820392775448628,LOW,4.817094,4.823403,5.6736338373720825,LOW,121.048582,120.831717,123.4920946199277,LOW
LOT_006,LOT_006_CMP_0093,LOW,LOW RISK — all evidence signals nominal. No immediate engineering concern.,,UNREVIEWED,PENDING,,,,9.940285,9.852992,11.820392775448628,LOW,4.853864,4.815355,5.511742573242966,LOW,122.372937,121.013928,124.42089375309376,LOW
LOT_006,LOT_006_CMP_0094,LOW,LOW RISK — all evidence signals nominal. No immediate engineering concern.,,UNREVIEWED,PENDING,,,,9.595036,9.857689,14.626356075914188,LOW,5.522948,5.425046,5.9024790122361255,LOW,115.104322,115.96595,117.87928434536803,LOW
LOT_006,LOT_006_CMP_0095,MEDIUM,MEDIUM RISK — high prediction uncertainty present. Engineering review recommended.,"[MEDIUM] Iddq predicted drift from 0h to 168h is 17.79 [uA] (35.6% of spec range), exceeding moderate-drift threshold of 20% of spec range. | [MEDIUM] Module B 168h prediction interval width (25.9 [uA]) is high relative to spec range, indicating insufficient prediction confidence.",UNREVIEWED,PENDING,,,,11.237883,11.863439,29.02660042353149,MEDIUM,6.285889,6.362335,7.4162144814526565,LOW,118.081343,116.82368,120.12699320856343,LOW
LOT_006,LOT_006_CMP_0096,LOW,LOW RISK — all evidence signals nominal. No immediate engineering concern.,,UNREVIEWED,PENDING,,,,9.158276,9.339087,15.669964102985217,LOW,4.627606,4.614047,5.4010812009054,LOW,121.606637,122.125422,124.31757051872364,LOW
LOT_006,LOT_006_CMP_0097,LOW,LOW RISK — all evidence signals nominal. No immediate engineering concern.,,UNREVIEWED,PENDING,,,,7.805551,7.904113,11.618304302974444,LOW,4.164016,4.489093,6.443052561443433,LOW,111.086193,112.704254,114.0949810724195,LOW
LOT_006,LOT_006_CMP_0098,MEDIUM,MEDIUM RISK — high prediction uncertainty present. Engineering review recommended.,"[MEDIUM] Module B 168h prediction interval width (21.76 [uA]) is high relative to spec range, indicating insufficient prediction confidence.",UNREVIEWED,PENDING,,,,8.646868,9.347616,11.421771451489398,MEDIUM,4.331633,4.308658,5.070753516074124,LOW,104.230191,101.953993,105.78838571080328,LOW
LOT_006,LOT_006_CMP_0099,MEDIUM,MEDIUM RISK — high prediction uncertainty present. Engineering review recommended.,"[MEDIUM] Module B 168h prediction interval width (18.01 [uA]) is high relative to spec range, indicating insufficient prediction confidence.",UNREVIEWED,PENDING,,,,11.778687,12.258626,20.450785101894134,MEDIUM,6.277354,6.274443,7.057710105782383,LOW,126.355813,125.844996,128.74202753427267,LOW
LOT_006,LOT_006_CMP_0100,LOW,LOW RISK — all evidence signals nominal. No immediate engineering concern.,,UNREVIEWED,PENDING,,,,11.157697,11.259864,15.026305581822834,LOW,6.027864,5.91114,6.312065111995208,LOW,117.664359,116.805416,119.84850326335179,LOW
LOT_007,LOT_007_CMP_0001,MEDIUM,MEDIUM RISK — high prediction uncertainty present. Engineering review recommended.,"[MEDIUM] Module B 168h prediction interval width (19.7 [uA]) is high relative to spec range, indicating insufficient prediction confidence.",UNREVIEWED,PENDING,,,,4.701723,5.117088,8.135718903630341,MEDIUM,4.160191,4.186488,5.120900715716551,LOW,120.017166,119.93894,122.50089082144996,LOW
LOT_007,LOT_007_CMP_0002,MEDIUM,MEDIUM RISK — high prediction uncertainty present. Engineering review recommended.,"[MEDIUM] Module B 168h prediction interval width (19.43 [uA]) is high relative to spec range, indicating insufficient prediction confidence.",UNREVIEWED,PENDING,,,,12.536998,13.084633,21.725697716008398,MEDIUM,5.227594,5.369123,6.670836877222425,LOW,126.012824,126.198126,128.6442834104276,LOW
LOT_007,LOT_007_CMP_0003,LOW,LOW RISK — all evidence signals nominal. No immediate engineering concern.,,UNREVIEWED,PENDING,,,,10.214623,10.469204,16.422255047740073,LOW,5.108401,5.388463,7.165842927046577,LOW,116.752914,116.301328,119.07420225062863,LOW
LOT_007,LOT_007_CMP_0004,MEDIUM,MEDIUM RISK — high prediction uncertainty present. Engineering review recommended.,"[MEDIUM] Module B 168h prediction interval width (19.94 [uA]) is high relative to spec range, indicating insufficient prediction confidence.",UNREVIEWED,PENDING,,,,11.048002,11.639698,18.258650720281754,MEDIUM,4.732692,5.118889,7.267606936467328,LOW,120.025822,122.399768,123.38435950882621,LOW
LOT_007,LOT_007_CMP_0005,LOW,LOW RISK — all evidence signals nominal. No immediate engineering concern.,,UNREVIEWED,PENDING,,,,8.315461,8.58143,14.221788279748397,LOW,4.596119,4.755818,6.134891354242346,LOW,113.862121,116.073056,117.10727429876634,LOW
LOT_007,LOT_007_CMP_0006,LOW,LOW RISK — all evidence signals nominal. No immediate engineering concern.,,UNREVIEWED,PENDING,,,,10.43962,10.746215,18.953281817243482,LOW,4.809033,4.876625,5.936190924898764,LOW,114.962097,115.255656,117.53314409368949,LOW
LOT_007,LOT_007_CMP_0007,LOW,LOW RISK — all evidence signals nominal. No immediate engineering concern.,,UNREVIEWED,PENDING,,,,8.75502,8.828416,12.887334088824595,LOW,4.443316,4.566368,5.824091588902703,LOW,115.11965,114.47134,117.35612688657038,LOW
LOT_007,LOT_007_CMP_0008,MEDIUM,MEDIUM RISK — high prediction uncertainty present. Engineering review recommended.,"[MEDIUM] Module B 168h prediction interval width (20.47 [uA]) is high relative to spec range, indicating insufficient prediction confidence.",UNREVIEWED,PENDING,,,,9.906027,10.489278,18.574486562762583,MEDIUM,5.072271,5.215612,6.527285543078392,LOW,114.18352,117.516759,117.83190007184595,LOW
LOT_007,LOT_007_CMP_0009,MEDIUM,MEDIUM RISK — high prediction uncertainty present. Engineering review recommended.,"[MEDIUM] Module B 168h prediction interval width (17.93 [uA]) is high relative to spec range, indicating insufficient prediction confidence.",UNREVIEWED,PENDING,,,,10.555959,11.040458,19.208911999631336,MEDIUM,5.427461,5.539346,6.73503570444137,LOW,121.5142,119.778923,123.42023954133067,LOW
LOT_007,LOT_007_CMP_0010,LOW,LOW RISK — all evidence signals nominal. No immediate engineering concern.,,UNREVIEWED,PENDING,,,,9.49851,9.908643,13.12405338311233,LOW,4.776629,5.014563,6.656239002400579,LOW,122.270072,123.865276,125.37092937265645,LOW
LOT_007,LOT_007_CMP_0011,MEDIUM,MEDIUM RISK — high prediction uncertainty present. Engineering review recommended.,"[MEDIUM] Module B 168h prediction interval width (24.85 [uA]) is high relative to spec range, indicating insufficient prediction confidence.",UNREVIEWED,PENDING,,,,12.778717,13.168841,20.16315241752765,MEDIUM,5.369732,5.362329,6.152330600671691,LOW,125.291773,126.855261,128.408395252441,LOW
LOT_007,LOT_007_CMP_0012,LOW,LOW RISK — all evidence signals nominal. No immediate engineering concern.,,UNREVIEWED,PENDING,,,,11.810143,12.165585,15.972698511827605,LOW,5.170116,5.198359,6.114861562971714,LOW,133.61959,133.997918,136.3880723575687,LOW
LOT_007,LOT_007_CMP_0013,HIGH,HIGH RISK — observed measurement currently breaches reference limits. Immediate engineering review required.,"[HIGH] Observed measurement of propagation_delay breaches reference limit (spec_min=80.0, spec_max=180.0). value_0h=205.9, value_24h=204.9 [ps]. | [HIGH] Module B predicts propagation_delay at 208.8 [ps] by 168h, crossing spec_max=180. | [HIGH] Module B 168h prediction upper bound (212.3 [ps]) crosses spec_max=180. Also population anomalous. | [MEDIUM] propagation_delay population anomaly score 13.030 >= strong threshold 6.0.",UNREVIEWED,PENDING,,,,11.547304,11.590211,13.314034441114668,LOW,5.36495,5.65328,7.452639253284278,LOW,205.907374,204.948945,208.84680757878795,HIGH
LOT_007,LOT_007_CMP_0014,MEDIUM,MEDIUM RISK — high prediction uncertainty present. Engineering review recommended.,"[MEDIUM] Module B 168h prediction interval width (19.54 [uA]) is high relative to spec range, indicating insufficient prediction confidence.",UNREVIEWED,PENDING,,,,10.635164,11.426095,12.507979750911755,MEDIUM,4.59209,4.741587,6.085942161531785,LOW,124.469401,123.769154,126.77113752348191,LOW
LOT_007,LOT_007_CMP_0015,MEDIUM,MEDIUM RISK — high prediction uncertainty present. Engineering review recommended.,"[MEDIUM] Module B 168h prediction interval width (19.7 [uA]) is high relative to spec range, indicating insufficient prediction confidence.",UNREVIEWED,PENDING,,,,11.916826,12.548049,18.2534778093903,MEDIUM,5.372278,5.332678,6.012739724924798,LOW,125.640676,125.503417,128.15373698048523,LOW
LOT_007,LOT_007_CMP_0016,LOW,LOW RISK — all evidence signals nominal. No immediate engineering concern.,,UNREVIEWED,PENDING,,,,7.498395,7.775045,13.42039359625684,LOW,4.184832,4.191328,5.057567263959488,LOW,121.961652,121.812279,124.43742261791787,LOW
LOT_007,LOT_007_CMP_0017,LOW,LOW RISK — all evidence signals nominal. No immediate engineering concern.,,UNREVIEWED,PENDING,,,,11.497891,11.820059,19.20075997277941,LOW,5.26031,5.364195,6.536646715152763,LOW,126.64395,127.796701,129.62617211668345,LOW
LOT_007,LOT_007_CMP_0018,LOW,LOW RISK — all evidence signals nominal. No immediate engineering concern.,,UNREVIEWED,PENDING,,,,8.378016,8.570403,14.219510030050772,LOW,3.898356,4.129696,5.770219576206732,LOW,115.251211,117.212629,118.41980511043717,LOW
LOT_007,LOT_007_CMP_0019,MEDIUM,MEDIUM RISK — high prediction uncertainty present. Engineering review recommended.,"[MEDIUM] Module B 168h prediction interval width (21.59 [uA]) is high relative to spec range, indicating insufficient prediction confidence.",UNREVIEWED,PENDING,,,,8.92988,9.532763,15.412390808839826,MEDIUM,3.753689,3.907919,5.288807848976978,LOW,120.092338,120.611618,122.78987790924936,LOW
LOT_007,LOT_007_CMP_0020,MEDIUM,MEDIUM RISK — high prediction uncertainty present. Engineering review recommended.,"[MEDIUM] Module B 168h prediction interval width (18.11 [uA]) is high relative to spec range, indicating insufficient prediction confidence.",UNREVIEWED,PENDING,,,,10.339766,10.845804,16.077255390420717,MEDIUM,5.186135,5.294102,6.48228745569805,LOW,117.715094,117.982391,120.30144356171695,LOW
LOT_007,LOT_007_CMP_0021,MEDIUM,MEDIUM RISK — high prediction uncertainty present. Engineering review recommended.,"[MEDIUM] Module B 168h prediction interval width (25.37 [uA]) is high relative to spec range, indicating insufficient prediction confidence.",UNREVIEWED,PENDING,,,,4.322571,4.887184,10.722241917791713,MEDIUM,2.835976,2.793309,3.524561410358566,LOW,98.222705,99.645142,101.04643596928526,LOW
LOT_007,LOT_007_CMP_0022,MEDIUM,MEDIUM RISK — high prediction uncertainty present. Engineering review recommended.,"[MEDIUM] Module B 168h prediction interval width (22.36 [uA]) is high relative to spec range, indicating insufficient prediction confidence.",UNREVIEWED,PENDING,,,,7.937083,8.498361,15.196087768385764,MEDIUM,3.73816,3.689373,4.377807777633735,LOW,106.625104,108.578562,109.71355694309707,LOW
LOT_007,LOT_007_CMP_0023,LOW,LOW RISK — all evidence signals nominal. No immediate engineering concern.,,UNREVIEWED,PENDING,,,,8.921051,9.336632,15.005462506344193,LOW,4.808609,4.804856,5.620954744658854,LOW,123.147154,123.331291,125.75251752028841,LOW
LOT_007,LOT_007_CMP_0024,LOW,LOW RISK — all evidence signals nominal. No immediate engineering concern.,,UNREVIEWED,PENDING,,,,9.693509,10.035733,16.042267364623015,LOW,5.346448,5.464765,6.68437446890708,LOW,121.233467,122.025401,124.03849370795632,LOW
LOT_007,LOT_007_CMP_0025,MEDIUM,MEDIUM RISK — elevated predicted drift present. Engineering review recommended.,"[MEDIUM] Iddq predicted drift from 0h to 168h is 10.14 [uA] (20.3% of spec range), exceeding moderate-drift threshold of 20% of spec range.",UNREVIEWED,PENDING,,,,6.537051,6.71002,16.678896277646984,MEDIUM,3.988793,4.069669,5.194508926063286,LOW,106.474998,105.670522,108.57829970870316,LOW
LOT_007,LOT_007_CMP_0026,LOW,LOW RISK — all evidence signals nominal. No immediate engineering concern.,,UNREVIEWED,PENDING,,,,10.850789,11.173813,19.29553331182722,LOW,5.005783,4.817101,4.997303388122083,LOW,122.324219,121.900307,124.70530557262346,LOW
LOT_007,LOT_007_CMP_0027,MEDIUM,MEDIUM RISK — high prediction uncertainty present. Engineering review recommended.,"[MEDIUM] Module B 168h prediction interval width (24.32 [uA]) is high relative to spec range, indicating insufficient prediction confidence.",UNREVIEWED,PENDING,,,,14.434145,14.859702,18.30505127462347,MEDIUM,5.605374,5.661593,6.662987534171842,LOW,126.543888,126.865328,129.22866941161055,LOW
LOT_007,LOT_007_CMP_0028,LOW,LOW RISK — all evidence signals nominal. No immediate engineering concern.,,UNREVIEWED,PENDING,,,,10.040889,10.363887,18.60763732325466,LOW,5.028326,5.217852,6.688208361440305,LOW,128.407068,130.128104,131.60780783236544,LOW
LOT_007,LOT_007_CMP_0029,LOW,LOW RISK — all evidence signals nominal. No immediate engineering concern.,,UNREVIEWED,PENDING,,,,8.721416,8.890123,15.565690852095646,LOW,4.645809,4.717268,5.793998716239353,LOW,135.441066,135.091039,137.96605356459514,LOW
LOT_007,LOT_007_CMP_0030,HIGH,HIGH RISK — Module B predicts parameter(s) will cross specification boundary by 168h. Elevated engineering attention required.,"[HIGH] Module B predicts Iddq at 168.8 [uA] by 168h, crossing spec_max=50. | [MEDIUM] Module B 168h prediction upper bound (168.8 [uA]) crosses spec_max=50.  | [HIGH] Iddq predicted drift from 0h to 168h is 160.8 [uA] (321.6% of spec range), exceeding high-drift threshold of 60% of spec range. | [MEDIUM] Module B 168h prediction interval width (159.5 [uA]) is high relative to spec range, indicating insufficient prediction confidence.",UNREVIEWED,PENDING,,,,7.973218,9.078967,168.78933108669585,HIGH,4.59818,4.947573,6.973960727489998,LOW,124.186236,122.996014,126.3106518316526,LOW
LOT_007,LOT_007_CMP_0031,LOW,LOW RISK — all evidence signals nominal. No immediate engineering concern.,,UNREVIEWED,PENDING,,,,9.15446,9.518203,13.720726790176137,LOW,4.465824,4.73219,6.47845090678509,LOW,117.500567,117.500901,119.98976346615893,LOW
LOT_007,LOT_007_CMP_0032,HIGH,HIGH RISK — Module B predicts parameter(s) will cross specification boundary by 168h. Elevated engineering attention required.,"[HIGH] Module B predicts Iddq at 172.9 [uA] by 168h, crossing spec_max=50. | [MEDIUM] Module B 168h prediction upper bound (182.9 [uA]) crosses spec_max=50.  | [HIGH] Iddq predicted drift from 0h to 168h is 164.3 [uA] (328.5% of spec range), exceeding high-drift threshold of 60% of spec range. | [MEDIUM] Module B 168h prediction interval width (173.1 [uA]) is high relative to spec range, indicating insufficient prediction confidence.",UNREVIEWED,PENDING,,,,8.668618,9.658832,172.9288614400701,HIGH,4.070989,4.469519,6.676411455070753,LOW,122.156897,121.992266,124.62897446863347,LOW
LOT_007,LOT_007_CMP_0033,LOW,LOW RISK — all evidence signals nominal. No immediate engineering concern.,,UNREVIEWED,PENDING,,,,10.317177,10.677954,15.584300457568684,LOW,5.120696,5.116822,5.924920992156158,LOW,124.677404,125.856516,127.65140663777201,LOW
LOT_007,LOT_007_CMP_0034,LOW,LOW RISK — all evidence signals nominal. No immediate engineering concern.,,UNREVIEWED,PENDING,,,,10.24247,10.671783,15.584300457568684,LOW,5.096603,5.102396,5.944071046655005,LOW,115.23342,117.000001,118.33235271640103,LOW
LOT_007,LOT_007_CMP_0035,LOW,LOW RISK — all evidence signals nominal. No immediate engineering concern.,,UNREVIEWED,PENDING,,,,9.325381,9.195873,11.940706712579077,LOW,4.717631,4.807574,5.945638661077024,LOW,112.394546,112.881804,115.01168035034217,LOW
LOT_007,LOT_007_CMP_0036,LOW,LOW RISK — all evidence signals nominal. No immediate engineering concern.,,UNREVIEWED,PENDING,,,,12.57132,12.568751,13.334857160909594,LOW,5.639328,5.540348,6.011272954058209,LOW,124.740239,124.662044,127.26630005790895,LOW
LOT_007,LOT_007_CMP_0037,LOW,LOW RISK — all evidence signals nominal. No immediate engineering concern.,,UNREVIEWED,PENDING,,,,8.6905,8.755955,14.092991504356831,LOW,5.38336,5.510105,6.7575791874534294,LOW,120.749417,123.546309,124.26531157003039,LOW
LOT_007,LOT_007_CMP_0038,MEDIUM,MEDIUM RISK — high prediction uncertainty present. Engineering review recommended.,"[MEDIUM] Module B 168h prediction interval width (19.11 [uA]) is high relative to spec range, indicating insufficient prediction confidence.",UNREVIEWED,PENDING,,,,9.273255,9.758729,16.445826813687223,MEDIUM,4.337581,4.682658,6.700651758651224,LOW,111.935994,111.831853,114.33805613454365,LOW
LOT_007,LOT_007_CMP_0039,LOW,LOW RISK — all evidence signals nominal. No immediate engineering concern.,,UNREVIEWED,PENDING,,,,10.611619,10.618641,11.56615796121668,LOW,5.55852,5.701176,6.998691171343349,LOW,118.473507,119.017886,121.16549325240909,LOW
LOT_007,LOT_007_CMP_0040,LOW,LOW RISK — all evidence signals nominal. No immediate engineering concern.,,UNREVIEWED,PENDING,,,,10.958697,11.28517,19.46168979374613,LOW,4.666819,4.907655,6.561904068277061,LOW,124.961599,125.897636,127.85143906331464,LOW
LOT_007,LOT_007_CMP_0041,MEDIUM,MEDIUM RISK — high prediction uncertainty present. Engineering review recommended.,"[MEDIUM] Module B 168h prediction interval width (21.96 [uA]) is high relative to spec range, indicating insufficient prediction confidence.",UNREVIEWED,PENDING,,,,8.410866,9.016627,13.100204068390834,MEDIUM,4.496879,4.687689,6.175346688089306,LOW,111.115383,112.380554,113.99855026314876,LOW
LOT_007,LOT_007_CMP_0042,LOW,LOW RISK — all evidence signals nominal. No immediate engineering concern.,,UNREVIEWED,PENDING,,,,10.240962,10.653931,15.584300457568684,LOW,5.477329,5.560382,6.65646509369708,LOW,127.752779,128.620284,130.64318521211968,LOW
LOT_007,LOT_007_CMP_0043,LOW,LOW RISK — all evidence signals nominal. No immediate engineering concern.,,UNREVIEWED,PENDING,,,,11.554404,11.239399,13.314034441114668,LOW,5.02423,5.131458,6.3210573889159525,LOW,115.112212,115.407572,117.6852467789233,LOW
LOT_007,LOT_007_CMP_0044,LOW,LOW RISK — all evidence signals nominal. No immediate engineering concern.,,UNREVIEWED,PENDING,,,,8.634975,9.049913,12.970193545454288,LOW,5.242004,5.228485,6.000719725044417,LOW,131.879441,132.821452,134.8334054025768,LOW
LOT_007,LOT_007_CMP_0045,MEDIUM,MEDIUM RISK — high prediction uncertainty present. Engineering review recommended.,"[MEDIUM] Module B 168h prediction interval width (33.81 [uA]) is high relative to spec range, indicating insufficient prediction confidence.",UNREVIEWED,PENDING,,,,10.906227,11.681037,19.08738857312225,MEDIUM,5.376302,5.611025,7.227164875439894,LOW,114.908636,114.41623,117.1988357542636,LOW
LOT_007,LOT_007_CMP_0046,MEDIUM,MEDIUM RISK — high prediction uncertainty present. Engineering review recommended.,"[MEDIUM] Module B 168h prediction interval width (19.79 [uA]) is high relative to spec range, indicating insufficient prediction confidence.",UNREVIEWED,PENDING,,,,10.606696,11.248774,15.615170472302992,MEDIUM,4.762809,4.699217,5.312217921741867,LOW,110.637359,111.456362,113.35708613614963,LOW
LOT_007,LOT_007_CMP_0047,MEDIUM,MEDIUM RISK — high prediction uncertainty present. Engineering review recommended.,"[MEDIUM] Module B 168h prediction interval width (19.86 [uA]) is high relative to spec range, indicating insufficient prediction confidence.",UNREVIEWED,PENDING,,,,11.668264,12.211861,17.820907142761016,MEDIUM,5.023747,5.221076,6.718172800470249,LOW,123.393851,123.181994,125.86016687627371,LOW
LOT_007,LOT_007_CMP_0048,MEDIUM,MEDIUM RISK — high prediction uncertainty present. Engineering review recommended.,"[MEDIUM] Module B 168h prediction interval width (21.39 [uA]) is high relative to spec range, indicating insufficient prediction confidence.",UNREVIEWED,PENDING,,,,7.05316,7.548306,11.243689780166058,MEDIUM,4.612262,4.777212,6.173812889156986,LOW,111.074658,111.985996,113.8312415345412,LOW
LOT_007,LOT_007_CMP_0049,MEDIUM,MEDIUM RISK — high prediction uncertainty present. Engineering review recommended.,"[MEDIUM] Module B 168h prediction interval width (22.01 [uA]) is high relative to spec range, indicating insufficient prediction confidence.",UNREVIEWED,PENDING,,,,8.347166,8.929052,15.17634957558784,MEDIUM,4.880061,5.050107,6.4575887149504485,LOW,117.112165,118.710743,120.16800405676786,LOW
LOT_007,LOT_007_CMP_0050,LOW,LOW RISK — all evidence signals nominal. No immediate engineering concern.,,UNREVIEWED,PENDING,,,,10.739103,11.064266,18.09135425163996,LOW,4.682258,4.785391,5.969328795177214,LOW,121.593569,121.465481,124.07363384530419,LOW
LOT_007,LOT_007_CMP_0051,LOW,LOW RISK — all evidence signals nominal. No immediate engineering concern.,,UNREVIEWED,PENDING,,,,6.210111,6.117064,11.22749894200335,LOW,3.833742,3.848694,4.7523258456312405,LOW,113.348701,112.502508,115.49871924031473,LOW
LOT_007,LOT_007_CMP_0052,LOW,LOW RISK — all evidence signals nominal. No immediate engineering concern.,,UNREVIEWED,PENDING,,,,10.381943,10.694067,18.811030569767624,LOW,5.126063,5.151196,6.0581560615548815,LOW,116.427825,116.502178,118.93381218086057,LOW
LOT_007,LOT_007_CMP_0053,LOW,LOW RISK — all evidence signals nominal. No immediate engineering concern.,,UNREVIEWED,PENDING,,,,11.092666,11.133815,12.936493503322856,LOW,4.93108,5.057918,6.316704469415749,LOW,125.488146,122.939261,127.1395684940737,LOW
LOT_007,LOT_007_CMP_0054,LOW,LOW RISK — all evidence signals nominal. No immediate engineering concern.,,UNREVIEWED,PENDING,,,,9.185713,9.045717,12.483616724497093,LOW,5.568995,5.74729,7.166174943773115,LOW,117.814774,118.912074,120.69809425575053,LOW
LOT_007,LOT_007_CMP_0055,LOW,LOW RISK — all evidence signals nominal. No immediate engineering concern.,,UNREVIEWED,PENDING,,,,9.176722,9.556692,13.720726790176137,LOW,4.569099,4.832398,6.565681614599944,LOW,124.453041,125.45988,127.36358007300753,LOW
LOT_007,LOT_007_CMP_0056,LOW,LOW RISK — all evidence signals nominal. No immediate engineering concern.,,UNREVIEWED,PENDING,,,,8.303029,7.974176,10.354261277788503,LOW,4.453286,4.44373,5.248662859582387,LOW,117.979423,117.707529,120.37580190542157,LOW
LOT_007,LOT_007_CMP_0057,LOW,LOW RISK — all evidence signals nominal. No immediate engineering concern.,,UNREVIEWED,PENDING,,,,8.997707,9.145761,12.872064405213589,LOW,5.121192,5.308324,6.768252843561256,LOW,115.188655,113.778098,117.15384265898082,LOW
LOT_007,LOT_007_CMP_0058,MEDIUM,MEDIUM RISK — high prediction uncertainty present. Engineering review recommended.,"[MEDIUM] Module B 168h prediction interval width (21.59 [uA]) is high relative to spec range, indicating insufficient prediction confidence.",UNREVIEWED,PENDING,,,,8.943661,9.500495,14.428784663888818,MEDIUM,4.524292,4.635953,5.852834255388765,LOW,110.966779,110.206081,113.12594961749355,LOW
LOT_007,LOT_007_CMP_0059,MEDIUM,MEDIUM RISK — population outlier present. Engineering review recommended.,[MEDIUM] Iddq population anomaly score 4.190 >= anomaly threshold 3.5 (moderate). | [MEDIUM] leakage_current population anomaly score 4.834 >= anomaly threshold 3.5 (moderate). | [MEDIUM] propagation_delay population anomaly score 4.066 >= anomaly threshold 3.5 (moderate).,UNREVIEWED,PENDING,,,,15.803053,15.83912,15.57120879055915,MEDIUM,7.81104,7.880879,8.875134579802046,MEDIUM,145.68356,146.367847,148.66929322427754,MEDIUM
LOT_007,LOT_007_CMP_0060,LOW,LOW RISK — all evidence signals nominal. No immediate engineering concern.,,UNREVIEWED,PENDING,,,,8.668079,8.985332,16.796731522601416,LOW,3.98621,3.863336,4.292905645418181,LOW,111.019143,111.289161,113.54645833591857,LOW
LOT_007,LOT_007_CMP_0061,LOW,LOW RISK — all evidence signals nominal. No immediate engineering concern.,,UNREVIEWED,PENDING,,,,9.474959,9.66623,14.356996736237097,LOW,4.375127,4.693955,6.621456641472843,LOW,112.987566,112.976129,115.43212088624864,LOW
LOT_007,LOT_007_CMP_0062,MEDIUM,MEDIUM RISK — high prediction uncertainty present. Engineering review recommended.,"[MEDIUM] Module B 168h prediction interval width (19.24 [uA]) is high relative to spec range, indicating insufficient prediction confidence.",UNREVIEWED,PENDING,,,,9.225451,9.724194,19.172059932208658,MEDIUM,5.041026,5.180033,6.477675562401325,LOW,121.966836,121.325192,124.26705090087238,LOW
LOT_007,LOT_007_CMP_0063,LOW,LOW RISK — all evidence signals nominal. No immediate engineering concern.,,UNREVIEWED,PENDING,,,,12.350561,12.480359,14.197983581535349,LOW,6.336451,6.31173,7.0191299610639675,LOW,114.380663,115.370241,117.19478250546285,LOW
LOT_007,LOT_007_CMP_0064,LOW,LOW RISK — all evidence signals nominal. No immediate engineering concern.,,UNREVIEWED,PENDING,,,,9.300666,9.477054,14.898171394445335,LOW,4.307319,4.572227,6.317365470944766,LOW,124.948198,127.945458,128.57319434898434,LOW
LOT_007,LOT_007_CMP_0065,LOW,LOW RISK — all evidence signals nominal. No immediate engineering concern.,,UNREVIEWED,PENDING,,,,9.966588,9.913597,11.820392775448628,LOW,4.503771,4.606192,5.79203897823715,LOW,121.270714,124.479288,124.93813468795655,LOW
LOT_007,LOT_007_CMP_0066,MEDIUM,MEDIUM RISK — high prediction uncertainty present. Engineering review recommended.,"[MEDIUM] Module B 168h prediction interval width (19.72 [uA]) is high relative to spec range, indicating insufficient prediction confidence.",UNREVIEWED,PENDING,,,,8.661836,9.130714,14.311967693234836,MEDIUM,4.676508,4.945838,6.69709236644418,LOW,119.363496,121.209652,122.52782570703313,LOW
LOT_007,LOT_007_CMP_0067,LOW,LOW RISK — all evidence signals nominal. No immediate engineering concern.,,UNREVIEWED,PENDING,,,,8.689419,9.014076,17.072066348107363,LOW,4.278635,4.601597,6.545552366349121,LOW,113.12961,113.268054,115.62890311980401,LOW
LOT_007,LOT_007_CMP_0068,MEDIUM,MEDIUM RISK — high prediction uncertainty present. Engineering review recommended.,"[MEDIUM] Module B 168h prediction interval width (21.38 [uA]) is high relative to spec range, indicating insufficient prediction confidence.",UNREVIEWED,PENDING,,,,7.036156,7.49514,14.679010391193184,MEDIUM,4.173189,4.209101,5.176010630723819,LOW,119.333567,119.26,121.81282779320742,LOW
LOT_007,LOT_007_CMP_0069,LOW,LOW RISK — all evidence signals nominal. No immediate engineering concern.,,UNREVIEWED,PENDING,,,,7.413709,7.788022,10.78394881093825,LOW,4.664987,4.717993,5.731283359209858,LOW,116.476088,117.282471,119.24363632681195,LOW
LOT_007,LOT_007_CMP_0070,LOW,LOW RISK — all evidence signals nominal. No immediate engineering concern.,,UNREVIEWED,PENDING,,,,8.001156,8.174371,16.684322718511822,LOW,4.187924,4.247699,5.295687150653363,LOW,114.076324,114.244713,116.59478290441474,LOW
LOT_007,LOT_007_CMP_0071,MEDIUM,MEDIUM RISK — high prediction uncertainty present. Engineering review recommended.,"[MEDIUM] Module B 168h prediction interval width (18.57 [uA]) is high relative to spec range, indicating insufficient prediction confidence.",UNREVIEWED,PENDING,,,,9.772899,10.219171,16.23521880982374,MEDIUM,3.950853,4.094139,5.432886458226596,LOW,120.810599,121.518183,123.58174702823746,LOW
LOT_007,LOT_007_CMP_0072,MEDIUM,MEDIUM RISK — high prediction uncertainty present. Engineering review recommended.,"[MEDIUM] Module B 168h prediction interval width (19.94 [uA]) is high relative to spec range, indicating insufficient prediction confidence.",UNREVIEWED,PENDING,,,,11.014081,11.638855,18.209383227994746,MEDIUM,4.597955,4.772942,6.204143737246323,LOW,113.552085,114.97659,116.51392582316998,LOW
LOT_007,LOT_007_CMP_0073,MEDIUM,MEDIUM RISK — high prediction uncertainty present. Engineering review recommended.,"[MEDIUM] Module B 168h prediction interval width (23.36 [uA]) is high relative to spec range, indicating insufficient prediction confidence.",UNREVIEWED,PENDING,,,,7.048965,7.601568,10.45956856575702,MEDIUM,4.150594,4.224433,5.321324539595213,LOW,108.21065,107.724355,110.443006567804,LOW
LOT_007,LOT_007_CMP_0074,HIGH,HIGH RISK — observed measurement currently breaches reference limits. Immediate engineering review required.,"[HIGH] Observed measurement of propagation_delay breaches reference limit (spec_min=80.0, spec_max=180.0). value_0h=204.4, value_24h=205.3 [ps]. | [HIGH] Module B predicts propagation_delay at 208 [ps] by 168h, crossing spec_max=180. | [HIGH] Module B 168h prediction upper bound (211.4 [ps]) crosses spec_max=180. Also population anomalous. | [MEDIUM] propagation_delay population anomaly score 13.082 >= strong threshold 6.0.",UNREVIEWED,PENDING,,,,8.766515,9.193078,13.245528370960239,LOW,3.887508,3.864217,4.636030765253693,LOW,204.358324,205.28946,207.95791876990745,HIGH
LOT_007,LOT_007_CMP_0075,LOW,LOW RISK — all evidence signals nominal. No immediate engineering concern.,,UNREVIEWED,PENDING,,,,7.68527,7.872118,12.79605538031898,LOW,4.202449,4.301838,5.484662861495562,LOW,117.401258,119.725717,120.7186229060478,LOW
LOT_007,LOT_007_CMP_0076,MEDIUM,MEDIUM RISK — high prediction uncertainty present. Engineering review recommended.,"[MEDIUM] Iddq predicted drift from 0h to 168h is 17.21 [uA] (34.4% of spec range), exceeding moderate-drift threshold of 20% of spec range. | [MEDIUM] Module B 168h prediction interval width (21.01 [uA]) is high relative to spec range, indicating insufficient prediction confidence.",UNREVIEWED,PENDING,,,,9.254551,9.832029,26.462351390459194,MEDIUM,4.143588,4.350962,5.903735766422777,LOW,119.420783,120.803506,122.420310952062,LOW
LOT_007,LOT_007_CMP_0077,LOW,LOW RISK — all evidence signals nominal. No immediate engineering concern.,,UNREVIEWED,PENDING,,,,11.281416,11.516087,17.124738260760175,LOW,5.983476,6.033274,7.003564091243346,LOW,128.335687,128.889146,131.11929084503282,LOW
LOT_007,LOT_007_CMP_0078,MEDIUM,MEDIUM RISK — high prediction uncertainty present. Engineering review recommended.,"[MEDIUM] Module B 168h prediction interval width (21.76 [uA]) is high relative to spec range, indicating insufficient prediction confidence.",UNREVIEWED,PENDING,,,,8.645706,9.348936,11.421771451489398,MEDIUM,5.609914,5.602185,6.3852352560053305,LOW,115.960595,116.098763,118.48515915366076,LOW
LOT_007,LOT_007_CMP_0079,LOW,LOW RISK — all evidence signals nominal. No immediate engineering concern.,,UNREVIEWED,PENDING,,,,9.8568,10.023792,15.512930262900614,LOW,4.375154,4.42931,5.453570763458774,LOW,122.5405,123.666811,125.47651796884189,LOW
LOT_007,LOT_007_CMP_0080,LOW,LOW RISK — all evidence signals nominal. No immediate engineering concern.,,UNREVIEWED,PENDING,,,,11.755664,11.932625,16.54124425035448,LOW,5.526881,5.517929,6.298824079076651,LOW,122.390415,121.131152,124.47410962333066,LOW
LOT_007,LOT_007_CMP_0081,MEDIUM,"MEDIUM RISK — population outlier, high prediction uncertainty present. Engineering review recommended.","[MEDIUM] Iddq population anomaly score 4.100 >= anomaly threshold 3.5 (moderate). | [MEDIUM] Module B 168h prediction interval width (20.95 [uA]) is high relative to spec range, indicating insufficient prediction confidence. | [MEDIUM] leakage_current population anomaly score 4.632 >= anomaly threshold 3.5 (moderate). | [MEDIUM] propagation_delay population anomaly score 4.701 >= anomaly threshold 3.5 (moderate).",UNREVIEWED,PENDING,,,,3.134551,3.522744,7.956714458122856,MEDIUM,1.768189,1.962056,3.526480553643886,MEDIUM,87.827615,89.075746,90.49601360506925,MEDIUM
LOT_007,LOT_007_CMP_0082,LOW,LOW RISK — all evidence signals nominal. No immediate engineering concern.,,UNREVIEWED,PENDING,,,,8.520058,8.932143,12.561591538181835,LOW,4.298331,4.428597,5.714464223243739,LOW,121.417194,119.811732,123.36867164730619,LOW
LOT_007,LOT_007_CMP_0083,HIGH,HIGH RISK — Module B predicts parameter(s) will cross specification boundary by 168h. Elevated engineering attention required.,"[HIGH] Module B predicts Iddq at 107.3 [uA] by 168h, crossing spec_max=50. | [MEDIUM] Module B 168h prediction upper bound (173.1 [uA]) crosses spec_max=50.  | [HIGH] Iddq predicted drift from 0h to 168h is 97.34 [uA] (194.7% of spec range), exceeding high-drift threshold of 60% of spec range. | [MEDIUM] Module B 168h prediction interval width (162.2 [uA]) is high relative to spec range, indicating insufficient prediction confidence.",UNREVIEWED,PENDING,,,,9.965106,11.206682,107.30059894155562,HIGH,5.661441,6.089856,8.360072522726298,LOW,121.680386,120.461438,123.7720989010666,LOW
LOT_007,LOT_007_CMP_0084,LOW,LOW RISK — all evidence signals nominal. No immediate engineering concern.,,UNREVIEWED,PENDING,,,,8.476215,8.911885,12.973989320766355,LOW,4.269736,4.468096,5.987041238769873,LOW,114.066206,116.54507,117.40876340982851,LOW
LOT_007,LOT_007_CMP_0085,LOW,LOW RISK — all evidence signals nominal. No immediate engineering concern.,,UNREVIEWED,PENDING,,,,10.186693,10.336761,13.346721974913487,LOW,4.895775,4.83995,5.476224792682244,LOW,121.630429,121.722785,124.18946061422969,LOW
LOT_007,LOT_007_CMP_0086,MEDIUM,MEDIUM RISK — high prediction uncertainty present. Engineering review recommended.,"[MEDIUM] Module B 168h prediction interval width (20.07 [uA]) is high relative to spec range, indicating insufficient prediction confidence.",UNREVIEWED,PENDING,,,,10.272852,10.930285,17.433992584277895,MEDIUM,4.527913,4.609849,5.725200385624272,LOW,120.556991,120.295486,122.98017438000261,LOW
LOT_007,LOT_007_CMP_0087,MEDIUM,MEDIUM RISK — high prediction uncertainty present. Engineering review recommended.,"[MEDIUM] Iddq predicted drift from 0h to 168h is 18.3 [uA] (36.6% of spec range), exceeding moderate-drift threshold of 20% of spec range. | [MEDIUM] Module B 168h prediction interval width (17.59 [uA]) is high relative to spec range, indicating insufficient prediction confidence.",UNREVIEWED,PENDING,,,,7.628924,7.960914,25.925850356632164,MEDIUM,4.780228,4.973753,6.463787908694489,LOW,116.076272,116.520557,118.71107037450159,LOW
LOT_007,LOT_007_CMP_0088,HIGH,HIGH RISK — observed measurement currently breaches reference limits. Immediate engineering review required.,"[HIGH] Observed measurement of leakage_current breaches reference limit (spec_min=0.0, spec_max=30.0). value_0h=33, value_24h=33.14 [nA]. | [HIGH] Module B predicts leakage_current at 33.75 [nA] by 168h, crossing spec_max=30. | [HIGH] Module B 168h prediction upper bound (37.29 [nA]) crosses spec_max=30. Also population anomalous. | [MEDIUM] leakage_current population anomaly score 45.222 >= strong threshold 6.0.",UNREVIEWED,PENDING,,,,10.120966,10.221728,13.616111426322796,LOW,32.998716,33.135996,33.74809489909242,HIGH,117.057494,119.781923,120.51445501006178,LOW
LOT_007,LOT_007_CMP_0089,MEDIUM,MEDIUM RISK — high prediction uncertainty present. Engineering review recommended.,"[MEDIUM] Module B 168h prediction interval width (21.01 [uA]) is high relative to spec range, indicating insufficient prediction confidence.",UNREVIEWED,PENDING,,,,9.312359,9.942076,14.192219735335192,MEDIUM,4.521487,4.826529,6.7034254633723815,LOW,112.609653,112.323281,114.95274686932594,LOW
LOT_007,LOT_007_CMP_0090,LOW,LOW RISK — all evidence signals nominal. No immediate engineering concern.,,UNREVIEWED,PENDING,,,,10.504399,10.869145,15.584300457568684,LOW,4.920117,5.123104,6.642028970503903,LOW,122.121922,122.360722,124.73759734612436,LOW
LOT_007,LOT_007_CMP_0091,MEDIUM,MEDIUM RISK — high prediction uncertainty present. Engineering review recommended.,"[MEDIUM] Module B 168h prediction interval width (17.7 [uA]) is high relative to spec range, indicating insufficient prediction confidence.",UNREVIEWED,PENDING,,,,10.627566,11.093368,15.939317197242099,MEDIUM,4.788743,5.02746,6.671513638307484,LOW,118.025047,117.841732,120.45343252673001,LOW
LOT_007,LOT_007_CMP_0092,MEDIUM,MEDIUM RISK — high prediction uncertainty present. Engineering review recommended.,"[MEDIUM] Module B 168h prediction interval width (18.98 [uA]) is high relative to spec range, indicating insufficient prediction confidence.",UNREVIEWED,PENDING,,,,10.470857,10.992,16.529353424437637,MEDIUM,5.312605,5.391686,6.478218369781267,LOW,115.816785,115.924159,118.32907563035627,LOW
LOT_007,LOT_007_CMP_0093,MEDIUM,MEDIUM RISK — high prediction uncertainty present. Engineering review recommended.,"[MEDIUM] Iddq predicted drift from 0h to 168h is 17.88 [uA] (35.8% of spec range), exceeding moderate-drift threshold of 20% of spec range. | [MEDIUM] Module B 168h prediction interval width (21.27 [uA]) is high relative to spec range, indicating insufficient prediction confidence.",UNREVIEWED,PENDING,,,,9.046213,9.804055,26.921735440301305,MEDIUM,5.294023,5.522207,7.118031574370075,LOW,106.93448,106.501145,109.17429215517743,LOW
LOT_007,LOT_007_CMP_0094,LOW,LOW RISK — all evidence signals nominal. No immediate engineering concern.,,UNREVIEWED,PENDING,,,,10.835281,11.132747,17.780863600332047,LOW,4.673474,4.502197,4.7498754570545785,LOW,126.277669,125.987675,128.7419549067596,LOW
LOT_007,LOT_007_CMP_0095,LOW,LOW RISK — all evidence signals nominal. No immediate engineering concern.,,UNREVIEWED,PENDING,,,,8.544588,8.744889,15.867081261766502,LOW,5.351887,5.45524,6.623649938598759,LOW,120.041881,121.157096,122.95154978503838,LOW
LOT_007,LOT_007_CMP_0096,MEDIUM,MEDIUM RISK — high prediction uncertainty present. Engineering review recommended.,"[MEDIUM] Iddq predicted drift from 0h to 168h is 21.28 [uA] (42.6% of spec range), exceeding moderate-drift threshold of 20% of spec range. | [MEDIUM] Module B 168h prediction interval width (22.45 [uA]) is high relative to spec range, indicating insufficient prediction confidence.",UNREVIEWED,PENDING,,,,7.698715,8.277309,28.97644969825295,MEDIUM,3.735885,3.870864,5.186488205643759,LOW,113.923365,114.852351,116.7117722040933,LOW
LOT_007,LOT_007_CMP_0097,MEDIUM,MEDIUM RISK — high prediction uncertainty present. Engineering review recommended.,"[MEDIUM] Module B 168h prediction interval width (16.54 [uA]) is high relative to spec range, indicating insufficient prediction confidence.",UNREVIEWED,PENDING,,,,5.196344,5.427156,10.507863582427207,MEDIUM,4.315639,4.243421,4.837854843355632,LOW,110.767268,110.916883,113.24937621469677,LOW
LOT_007,LOT_007_CMP_0098,HIGH,HIGH RISK — observed measurement currently breaches reference limits. Immediate engineering review required.,"[HIGH] Observed measurement of leakage_current breaches reference limit (spec_min=0.0, spec_max=30.0). value_0h=35.22, value_24h=35.39 [nA]. | [HIGH] Module B predicts leakage_current at 36.06 [nA] by 168h, crossing spec_max=30. | [HIGH] Module B 168h prediction upper bound (39.61 [nA]) crosses spec_max=30. Also population anomalous. | [MEDIUM] leakage_current population anomaly score 48.824 >= strong threshold 6.0.",UNREVIEWED,PENDING,,,,9.78449,9.888888,13.538437141627975,LOW,35.217132,35.387853,36.06014567679547,HIGH,123.22605,124.330997,126.16059049816234,LOW
LOT_007,LOT_007_CMP_0099,MEDIUM,MEDIUM RISK — high prediction uncertainty present. Engineering review recommended.,"[MEDIUM] Module B 168h prediction interval width (21.78 [uA]) is high relative to spec range, indicating insufficient prediction confidence.",UNREVIEWED,PENDING,,,,8.447247,9.136555,9.864428928448852,MEDIUM,4.263766,4.336753,5.427985732879229,LOW,106.539446,106.595199,108.95018484933037,LOW
LOT_007,LOT_007_CMP_0100,MEDIUM,MEDIUM RISK — high prediction uncertainty present. Engineering review recommended.,"[MEDIUM] Module B 168h prediction interval width (19.16 [uA]) is high relative to spec range, indicating insufficient prediction confidence.",UNREVIEWED,PENDING,,,,10.30273,10.818345,16.529353424437637,MEDIUM,4.702754,4.882449,6.327169965508604,LOW,125.323915,124.626616,127.63436074094906,LOW
LOT_008,LOT_008_CMP_0001,LOW,LOW RISK — all evidence signals nominal. No immediate engineering concern.,,UNREVIEWED,PENDING,,,,11.529328,11.709606,16.98333459488993,LOW,4.928189,4.877974,5.5326059317252305,LOW,114.698404,115.582958,117.47790689459136,LOW
LOT_008,LOT_008_CMP_0002,MEDIUM,MEDIUM RISK — high prediction uncertainty present. Engineering review recommended.,"[MEDIUM] Module B 168h prediction interval width (19.86 [uA]) is high relative to spec range, indicating insufficient prediction confidence.",UNREVIEWED,PENDING,,,,11.67163,12.212902,17.820907142761016,MEDIUM,6.180822,6.302708,7.514213727553326,LOW,118.177868,118.337368,120.72991146400604,LOW
LOT_008,LOT_008_CMP_0003,MEDIUM,MEDIUM RISK — high prediction uncertainty present. Engineering review recommended.,"[MEDIUM] Module B 168h prediction interval width (18.28 [uA]) is high relative to spec range, indicating insufficient prediction confidence.",UNREVIEWED,PENDING,,,,10.073434,10.581986,16.26162936310865,MEDIUM,5.484007,5.573046,6.6893950403425455,LOW,119.124359,120.037102,121.9535800279116,LOW
LOT_008,LOT_008_CMP_0004,MEDIUM,MEDIUM RISK — elevated predicted drift present. Engineering review recommended.,"[MEDIUM] Iddq predicted drift from 0h to 168h is 10.67 [uA] (21.3% of spec range), exceeding moderate-drift threshold of 20% of spec range.",UNREVIEWED,PENDING,,,,8.821521,9.15817,19.486786564713558,MEDIUM,4.852309,4.703429,5.023193729191573,LOW,115.633925,114.089471,117.55533934869527,LOW
LOT_008,LOT_008_CMP_0005,MEDIUM,MEDIUM RISK — high prediction uncertainty present. Engineering review recommended.,"[MEDIUM] Module B 168h prediction interval width (17.44 [uA]) is high relative to spec range, indicating insufficient prediction confidence.",UNREVIEWED,PENDING,,,,10.917744,11.422479,18.05688784545887,MEDIUM,4.76638,5.037905,6.794465410329235,LOW,112.738943,114.84742,115.93748242735307,LOW
LOT_008,LOT_008_CMP_0006,LOW,LOW RISK — all evidence signals nominal. No immediate engineering concern.,,UNREVIEWED,PENDING,,,,9.368428,9.373223,11.940706712579077,LOW,5.308125,5.47347,6.854502504013019,LOW,111.393118,113.541769,114.59392780814788,LOW
LOT_008,LOT_008_CMP_0007,LOW,LOW RISK — all evidence signals nominal. No immediate engineering concern.,,UNREVIEWED,PENDING,,,,12.289187,12.686578,15.561151391955606,LOW,5.87255,6.063864,7.5197991881936055,LOW,111.465962,110.725961,113.63698898104938,LOW
LOT_008,LOT_008_CMP_0008,LOW,LOW RISK — all evidence signals nominal. No immediate engineering concern.,,UNREVIEWED,PENDING,,,,10.214856,10.284976,12.6263878484435,LOW,4.649125,4.6589,5.525042495670662,LOW,101.573139,103.137752,104.47761123868716,LOW
LOT_008,LOT_008_CMP_0009,MEDIUM,MEDIUM RISK — high prediction uncertainty present. Engineering review recommended.,"[MEDIUM] Module B 168h prediction interval width (24.32 [uA]) is high relative to spec range, indicating insufficient prediction confidence.",UNREVIEWED,PENDING,,,,13.334111,13.611895,19.61115931600702,MEDIUM,5.949116,5.961607,6.805415615566528,LOW,122.150352,122.738387,124.89086070309334,LOW
LOT_008,LOT_008_CMP_0010,LOW,LOW RISK — all evidence signals nominal. No immediate engineering concern.,,UNREVIEWED,PENDING,,,,7.718479,7.962433,12.458154060492067,LOW,5.809392,5.898522,7.007271501825323,LOW,125.497191,129.358769,129.43542529586594,LOW
LOT_008,LOT_008_CMP_0011,MEDIUM,MEDIUM RISK — high prediction uncertainty present. Engineering review recommended.,"[MEDIUM] Module B 168h prediction interval width (19.44 [uA]) is high relative to spec range, indicating insufficient prediction confidence.",UNREVIEWED,PENDING,,,,10.786161,11.49449,13.308792904453432,MEDIUM,5.179192,5.444058,7.167857951848771,LOW,129.453497,129.907012,132.21146607398657,LOW
LOT_008,LOT_008_CMP_0012,MEDIUM,MEDIUM RISK — high prediction uncertainty present. Engineering review recommended.,"[MEDIUM] Module B 168h prediction interval width (29.7 [uA]) is high relative to spec range, indicating insufficient prediction confidence.",UNREVIEWED,PENDING,,,,15.617616,15.964857,18.30505127462347,MEDIUM,5.272227,5.57177,7.411649699125012,LOW,118.240138,118.139381,120.6999010014882,LOW
LOT_008,LOT_008_CMP_0013,MEDIUM,MEDIUM RISK — high prediction uncertainty present. Engineering review recommended.,"[MEDIUM] Module B 168h prediction interval width (21.02 [uA]) is high relative to spec range, indicating insufficient prediction confidence.",UNREVIEWED,PENDING,,,,9.464608,10.201215,11.830270405507486,MEDIUM,4.607258,4.748857,6.065890100092758,LOW,118.438382,118.006072,120.7816504493492,LOW
LOT_008,LOT_008_CMP_0014,LOW,LOW RISK — all evidence signals nominal. No immediate engineering concern.,,UNREVIEWED,PENDING,,,,10.680026,10.913073,15.731901668943802,LOW,5.894146,6.225309,8.157978748655744,LOW,111.88704,111.363693,114.13912490436206,LOW
LOT_008,LOT_008_CMP_0015,MEDIUM,MEDIUM RISK — high prediction uncertainty present. Engineering review recommended.,"[MEDIUM] Module B 168h prediction interval width (20.24 [uA]) is high relative to spec range, indicating insufficient prediction confidence.",UNREVIEWED,PENDING,,,,10.016037,10.661578,16.519220763118586,MEDIUM,5.62359,5.759018,7.03028448894915,LOW,111.691816,111.605295,114.09797534648166,LOW
LOT_008,LOT_008_CMP_0016,LOW,LOW RISK — all evidence signals nominal. No immediate engineering concern.,,UNREVIEWED,PENDING,,,,9.884936,10.066793,16.075221423368173,LOW,5.560762,5.757213,7.238258663164976,LOW,111.061865,111.772538,113.74675297398574,LOW
LOT_008,LOT_008_CMP_0017,LOW,LOW RISK — all evidence signals nominal. No immediate engineering concern.,,UNREVIEWED,PENDING,,,,11.156663,11.472451,19.46168979374613,LOW,5.561812,5.578853,6.447604638727586,LOW,119.151308,118.587491,121.45405425922556,LOW
LOT_008,LOT_008_CMP_0018,LOW,LOW RISK — all evidence signals nominal. No immediate engineering concern.,,UNREVIEWED,PENDING,,,,9.207687,9.564398,13.720726790176137,LOW,5.402801,5.65339,7.3230312299024884,LOW,115.547453,115.027043,117.83338788130148,LOW
LOT_008,LOT_008_CMP_0019,LOW,LOW RISK — all evidence signals nominal. No immediate engineering concern.,,UNREVIEWED,PENDING,,,,10.495482,10.701141,16.54066292726388,LOW,4.83334,4.86481,5.800512280574113,LOW,120.684698,120.500944,123.13676102906516,LOW
LOT_008,LOT_008_CMP_0020,MEDIUM,MEDIUM RISK — high prediction uncertainty present. Engineering review recommended.,"[MEDIUM] Module B 168h prediction interval width (17.5 [uA]) is high relative to spec range, indicating insufficient prediction confidence.",UNREVIEWED,PENDING,,,,11.556967,12.047256,18.024845325861918,MEDIUM,5.545558,5.700146,7.038696346719467,LOW,122.74248,124.039218,125.74110244903612,LOW
LOT_008,LOT_008_CMP_0021,MEDIUM,MEDIUM RISK — high prediction uncertainty present. Engineering review recommended.,"[MEDIUM] Iddq predicted drift from 0h to 168h is 19.89 [uA] (39.8% of spec range), exceeding moderate-drift threshold of 20% of spec range. | [MEDIUM] Module B 168h prediction interval width (20.07 [uA]) is high relative to spec range, indicating insufficient prediction confidence.",UNREVIEWED,PENDING,,,,10.378968,10.916282,30.272445170555766,MEDIUM,5.490211,5.511277,6.3955052828420405,LOW,116.628597,118.597772,119.81230143369172,LOW
LOT_008,LOT_008_CMP_0022,HIGH,HIGH RISK — one or more strong evidence signals present. Engineering review recommended.,"[HIGH] Iddq predicted drift from 0h to 168h is 39.15 [uA] (78.3% of spec range), exceeding high-drift threshold of 60% of spec range. | [MEDIUM] Module B 168h prediction interval width (38.17 [uA]) is high relative to spec range, indicating insufficient prediction confidence.",UNREVIEWED,PENDING,,,,9.772526,10.156845,48.919435516538336,HIGH,5.539571,5.802091,7.509124015580072,LOW,117.57733,118.984994,120.5692350141071,LOW
LOT_008,LOT_008_CMP_0023,LOW,LOW RISK — all evidence signals nominal. No immediate engineering concern.,,UNREVIEWED,PENDING,,,,12.435084,12.529918,15.052901527088942,LOW,5.783571,5.766851,6.514996278654945,LOW,115.976087,117.210449,118.89182266260705,LOW
LOT_008,LOT_008_CMP_0024,LOW,LOW RISK — all evidence signals nominal. No immediate engineering concern.,,UNREVIEWED,PENDING,,,,11.969229,12.156295,17.166073207573564,LOW,5.32456,5.44744,6.683153613195268,LOW,114.192275,115.058042,116.96054061773366,LOW
LOT_008,LOT_008_CMP_0025,LOW,LOW RISK — all evidence signals nominal. No immediate engineering concern.,,UNREVIEWED,PENDING,,,,9.226932,9.569948,16.638940771686826,LOW,4.967954,4.917179,5.568933147183397,LOW,108.286737,109.840162,111.24738127014263,LOW
LOT_008,LOT_008_CMP_0026,LOW,LOW RISK — all evidence signals nominal. No immediate engineering concern.,,UNREVIEWED,PENDING,,,,9.005902,9.403337,13.72503776286275,LOW,4.131034,4.136625,5.00108361721901,LOW,118.599978,118.366242,121.01552958942602,LOW
LOT_008,LOT_008_CMP_0027,MEDIUM,MEDIUM RISK — high prediction uncertainty present. Engineering review recommended.,"[MEDIUM] Module B 168h prediction interval width (20.16 [uA]) is high relative to spec range, indicating insufficient prediction confidence.",UNREVIEWED,PENDING,,,,9.270188,9.78116,14.06910634998129,MEDIUM,3.914457,4.035297,5.2983282803086365,LOW,114.028036,114.333189,116.59484842699766,LOW
LOT_008,LOT_008_CMP_0028,MEDIUM,MEDIUM RISK — high prediction uncertainty present. Engineering review recommended.,"[MEDIUM] Iddq predicted drift from 0h to 168h is 12.7 [uA] (25.4% of spec range), exceeding moderate-drift threshold of 20% of spec range. | [MEDIUM] Module B 168h prediction interval width (17.75 [uA]) is high relative to spec range, indicating insufficient prediction confidence.",UNREVIEWED,PENDING,,,,11.362201,11.85006,24.06196422754015,MEDIUM,5.78969,5.966089,7.37313842312241,LOW,109.916895,111.025462,112.73345863147745,LOW
LOT_008,LOT_008_CMP_0029,MEDIUM,MEDIUM RISK — high prediction uncertainty present. Engineering review recommended.,"[MEDIUM] Module B 168h prediction interval width (25.85 [uA]) is high relative to spec range, indicating insufficient prediction confidence.",UNREVIEWED,PENDING,,,,11.176212,12.021889,13.455923902429449,MEDIUM,5.096312,5.303384,6.8319664675904646,LOW,119.228939,119.424589,121.80329686801329,LOW
LOT_008,LOT_008_CMP_0030,LOW,LOW RISK — all evidence signals nominal. No immediate engineering concern.,,UNREVIEWED,PENDING,,,,11.964815,12.385444,15.284286784722516,LOW,5.458744,5.608819,6.934078376199702,LOW,114.041183,114.082842,116.5141200575922,LOW
LOT_008,LOT_008_CMP_0031,LOW,LOW RISK — all evidence signals nominal. No immediate engineering concern.,,UNREVIEWED,PENDING,,,,10.311956,10.685552,15.584300457568684,LOW,5.451223,5.651506,7.148291931269622,LOW,126.10172,128.471932,129.51337385791095,LOW
LOT_008,LOT_008_CMP_0032,LOW,LOW RISK — all evidence signals nominal. No immediate engineering concern.,,UNREVIEWED,PENDING,,,,9.50775,9.772311,14.626356075914188,LOW,5.502244,5.605642,6.770550338355554,LOW,114.423609,115.106938,117.12886867628339,LOW
LOT_008,LOT_008_CMP_0033,MEDIUM,MEDIUM RISK — high prediction uncertainty present. Engineering review recommended.,"[MEDIUM] Module B 168h prediction interval width (22.06 [uA]) is high relative to spec range, indicating insufficient prediction confidence.",UNREVIEWED,PENDING,,,,12.210664,12.588834,15.561151391955606,MEDIUM,6.014815,5.919863,6.3954061505118105,LOW,126.112956,126.610005,128.85651865201453,LOW
LOT_008,LOT_008_CMP_0034,MEDIUM,MEDIUM RISK — high prediction uncertainty present. Engineering review recommended.,"[MEDIUM] Module B 168h prediction interval width (20.39 [uA]) is high relative to spec range, indicating insufficient prediction confidence.",UNREVIEWED,PENDING,,,,9.986245,10.565056,18.96225378196348,MEDIUM,6.070557,6.026118,6.672690652075493,LOW,124.281696,123.184262,126.4400664796836,LOW
LOT_008,LOT_008_CMP_0035,MEDIUM,MEDIUM RISK — high prediction uncertainty present. Engineering review recommended.,"[MEDIUM] Module B 168h prediction interval width (19.54 [uA]) is high relative to spec range, indicating insufficient prediction confidence.",UNREVIEWED,PENDING,,,,10.730205,11.372035,15.615170472302992,MEDIUM,5.515837,5.584225,6.629325048363677,LOW,114.433484,114.059916,116.76181745716563,LOW
LOT_008,LOT_008_CMP_0036,LOW,LOW RISK — all evidence signals nominal. No immediate engineering concern.,,UNREVIEWED,PENDING,,,,8.570623,8.662816,14.11291831357684,LOW,4.847594,4.881843,5.82668259780341,LOW,116.432819,117.398114,119.25666642782275,LOW
LOT_008,LOT_008_CMP_0037,MEDIUM,MEDIUM RISK — high prediction uncertainty present. Engineering review recommended.,"[MEDIUM] Module B 168h prediction interval width (20.52 [uA]) is high relative to spec range, indicating insufficient prediction confidence.",UNREVIEWED,PENDING,,,,9.744766,10.310882,16.672855980673795,MEDIUM,5.132486,5.298145,6.6845188596224325,LOW,120.524072,121.779855,123.48820508041499,LOW
LOT_008,LOT_008_CMP_0038,MEDIUM,MEDIUM RISK — high prediction uncertainty present. Engineering review recommended.,"[MEDIUM] Module B 168h prediction interval width (19.73 [uA]) is high relative to spec range, indicating insufficient prediction confidence.",UNREVIEWED,PENDING,,,,11.880325,12.687298,17.81618188643338,MEDIUM,5.044266,5.157343,6.366416066446688,LOW,122.829863,122.596405,125.28341929797462,LOW
LOT_008,LOT_008_CMP_0039,HIGH,HIGH RISK — one or more strong evidence signals present. Engineering review recommended.,"[HIGH] Iddq predicted drift from 0h to 168h is 31.38 [uA] (62.8% of spec range), exceeding high-drift threshold of 60% of spec range. | [MEDIUM] Module B 168h prediction interval width (30.68 [uA]) is high relative to spec range, indicating insufficient prediction confidence.",UNREVIEWED,PENDING,,,,9.768511,10.018246,41.14389578441317,HIGH,5.410208,5.424816,6.28895007922276,LOW,120.671881,118.711363,122.49002458216141,LOW
LOT_008,LOT_008_CMP_0040,LOW,LOW RISK — all evidence signals nominal. No immediate engineering concern.,,UNREVIEWED,PENDING,,,,11.770231,12.203427,16.82701011059562,LOW,4.514367,4.574436,5.61549166577695,LOW,113.930138,114.859745,116.71882742160284,LOW
LOT_008,LOT_008_CMP_0041,HIGH,HIGH RISK — Module B predicts parameter(s) will cross specification boundary by 168h. Elevated engineering attention required.,"[HIGH] Module B predicts Iddq at 186.5 [uA] by 168h, crossing spec_max=50. | [MEDIUM] Module B 168h prediction upper bound (186.5 [uA]) crosses spec_max=50.  | [HIGH] Iddq predicted drift from 0h to 168h is 179.2 [uA] (358.3% of spec range), exceeding high-drift threshold of 60% of spec range. | [MEDIUM] Module B 168h prediction interval width (177.4 [uA]) is high relative to spec range, indicating insufficient prediction confidence.",UNREVIEWED,PENDING,,,,7.359557,8.335975,186.51139464092213,HIGH,4.091858,4.495923,6.721197301630175,LOW,115.938326,117.072796,118.81808994811526,LOW
LOT_008,LOT_008_CMP_0042,MEDIUM,MEDIUM RISK — high prediction uncertainty present. Engineering review recommended.,"[MEDIUM] Module B 168h prediction interval width (18.58 [uA]) is high relative to spec range, indicating insufficient prediction confidence.",UNREVIEWED,PENDING,,,,9.647334,10.137879,13.61700831596437,MEDIUM,4.940175,5.08872,6.421364364412652,LOW,115.424956,116.31149,118.21167609444058,LOW
LOT_008,LOT_008_CMP_0043,LOW,LOW RISK — all evidence signals nominal. No immediate engineering concern.,,UNREVIEWED,PENDING,,,,10.582103,10.741032,19.264775761444216,LOW,4.950827,4.972773,5.873116835767659,LOW,119.390744,121.620054,122.691996006474,LOW
LOT_008,LOT_008_CMP_0044,MEDIUM,MEDIUM RISK — high prediction uncertainty present. Engineering review recommended.,"[MEDIUM] Iddq predicted drift from 0h to 168h is 11.2 [uA] (22.4% of spec range), exceeding moderate-drift threshold of 20% of spec range. | [MEDIUM] Module B 168h prediction interval width (30.94 [uA]) is high relative to spec range, indicating insufficient prediction confidence.",UNREVIEWED,PENDING,,,,13.117298,13.591443,24.320245137046356,MEDIUM,5.74978,5.84975,6.996942092235624,LOW,127.914529,127.802181,130.45685302033942,LOW
LOT_008,LOT_008_CMP_0045,MEDIUM,MEDIUM RISK — high prediction uncertainty present. Engineering review recommended.,"[MEDIUM] Iddq predicted drift from 0h to 168h is 14.16 [uA] (28.3% of spec range), exceeding moderate-drift threshold of 20% of spec range. | [MEDIUM] Module B 168h prediction interval width (21.34 [uA]) is high relative to spec range, indicating insufficient prediction confidence.",UNREVIEWED,PENDING,,,,9.030335,9.68162,23.190278248778167,MEDIUM,5.691978,5.698469,6.528052560820789,LOW,119.858979,121.258603,122.86846268546152,LOW
LOT_008,LOT_008_CMP_0046,MEDIUM,MEDIUM RISK — high prediction uncertainty present. Engineering review recommended.,"[MEDIUM] Module B 168h prediction interval width (18.55 [uA]) is high relative to spec range, indicating insufficient prediction confidence.",UNREVIEWED,PENDING,,,,11.527598,12.060553,19.984522672637503,MEDIUM,5.952082,6.000911,6.96865739307455,LOW,121.564763,123.968657,124.94777452554001,LOW
LOT_008,LOT_008_CMP_0047,MEDIUM,MEDIUM RISK — high prediction uncertainty present. Engineering review recommended.,"[MEDIUM] Module B 168h prediction interval width (20.64 [uA]) is high relative to spec range, indicating insufficient prediction confidence.",UNREVIEWED,PENDING,,,,12.195884,12.426583,16.65773301644351,MEDIUM,5.302422,5.411227,6.59944534874192,LOW,123.356658,124.188837,126.19506753220944,LOW
LOT_008,LOT_008_CMP_0048,LOW,LOW RISK — all evidence signals nominal. No immediate engineering concern.,,UNREVIEWED,PENDING,,,,9.945938,10.081617,13.269047690218667,LOW,4.766981,4.84959,5.9614263872215485,LOW,121.143609,120.867629,123.56688577736851,LOW
LOT_008,LOT_008_CMP_0049,HIGH,HIGH RISK — Module B predicts parameter(s) will cross specification boundary by 168h. Elevated engineering attention required.,"[HIGH] Module B predicts Iddq at 111 [uA] by 168h, crossing spec_max=50. | [HIGH] Module B 168h prediction upper bound (179.2 [uA]) crosses spec_max=50. Also population anomalous. | [MEDIUM] Iddq population anomaly score 7.237 >= strong threshold 6.0. | [HIGH] Iddq predicted drift from 0h to 168h is 100.9 [uA] (201.8% of spec range), exceeding high-drift threshold of 60% of spec range. | [MEDIUM] Module B 168h prediction interval width (167.8 [uA]) is high relative to spec range, indicating insufficient prediction confidence.",UNREVIEWED,PENDING,,,,10.1323,11.888501,111.04832957527765,HIGH,4.63566,5.072577,7.396744790187042,LOW,126.296637,126.004136,128.76019859263957,LOW
LOT_008,LOT_008_CMP_0050,LOW,LOW RISK — all evidence signals nominal. No immediate engineering concern.,,UNREVIEWED,PENDING,,,,10.924063,11.22335,18.359322340589287,LOW,5.472427,5.666636,7.142177859040984,LOW,119.794273,119.160925,122.07797810884962,LOW
LOT_008,LOT_008_CMP_0051,LOW,LOW RISK — all evidence signals nominal. No immediate engineering concern.,,UNREVIEWED,PENDING,,,,8.775393,9.155334,13.245528370960239,LOW,4.591442,4.792136,6.311225772540097,LOW,116.1189,117.854906,119.21486115719928,LOW
LOT_008,LOT_008_CMP_0052,LOW,LOW RISK — all evidence signals nominal. No immediate engineering concern.,,UNREVIEWED,PENDING,,,,10.248669,10.499974,15.71454410526015,LOW,4.313334,4.196169,4.637269254996961,LOW,121.172703,123.369987,124.47849952371406,LOW
LOT_008,LOT_008_CMP_0053,MEDIUM,MEDIUM RISK — high prediction uncertainty present. Engineering review recommended.,"[MEDIUM] Iddq predicted drift from 0h to 168h is 14.66 [uA] (29.3% of spec range), exceeding moderate-drift threshold of 20% of spec range. | [MEDIUM] Module B 168h prediction interval width (19.45 [uA]) is high relative to spec range, indicating insufficient prediction confidence.",UNREVIEWED,PENDING,,,,12.296944,12.857465,26.952617671399842,MEDIUM,5.721948,5.809655,6.915674020541932,LOW,118.875329,120.993391,122.13227796514964,LOW
LOT_008,LOT_008_CMP_0054,MEDIUM,MEDIUM RISK — high prediction uncertainty present. Engineering review recommended.,"[MEDIUM] Module B 168h prediction interval width (25.8 [uA]) is high relative to spec range, indicating insufficient prediction confidence.",UNREVIEWED,PENDING,,,,11.357851,12.061687,15.590774446551654,MEDIUM,5.512505,5.669843,7.0185817269709405,LOW,112.579215,113.210115,115.24924399533253,LOW
LOT_008,LOT_008_CMP_0055,LOW,LOW RISK — all evidence signals nominal. No immediate engineering concern.,,UNREVIEWED,PENDING,,,,10.550193,10.911657,15.584300457568684,LOW,5.662927,5.757336,6.887661583616048,LOW,133.389602,132.281882,135.62592253767193,LOW
LOT_008,LOT_008_CMP_0056,LOW,LOW RISK — all evidence signals nominal. No immediate engineering concern.,,UNREVIEWED,PENDING,,,,11.03491,11.031695,12.936493503322856,LOW,5.367849,5.418247,6.4055505577319405,LOW,118.314597,118.260204,120.79156615225743,LOW
LOT_008,LOT_008_CMP_0057,LOW,LOW RISK — all evidence signals nominal. No immediate engineering concern.,,UNREVIEWED,PENDING,,,,11.613472,11.951974,19.4752819516763,LOW,5.337004,5.473659,6.756079734979183,LOW,114.306973,114.460154,116.82207385920015,LOW
LOT_008,LOT_008_CMP_0058,MEDIUM,MEDIUM RISK — high prediction uncertainty present. Engineering review recommended.,"[MEDIUM] Module B 168h prediction interval width (19.88 [uA]) is high relative to spec range, indicating insufficient prediction confidence.",UNREVIEWED,PENDING,,,,11.801723,12.346978,18.92682443947368,MEDIUM,6.362577,6.523599,7.864244825996242,LOW,123.172908,124.828354,126.30334545091783,LOW
LOT_008,LOT_008_CMP_0059,LOW,LOW RISK — all evidence signals nominal. No immediate engineering concern.,,UNREVIEWED,PENDING,,,,10.029188,10.315489,17.505269870097816,LOW,5.165161,5.268962,6.443440117399724,LOW,124.70013,125.663235,127.59728260068987,LOW
LOT_008,LOT_008_CMP_0060,MEDIUM,MEDIUM RISK — high prediction uncertainty present. Engineering review recommended.,"[MEDIUM] Module B 168h prediction interval width (23.22 [uA]) is high relative to spec range, indicating insufficient prediction confidence.",UNREVIEWED,PENDING,,,,13.158248,13.391867,18.224785629330466,MEDIUM,6.150743,6.159396,6.985205216974036,LOW,115.759648,115.593806,118.17396540315825,LOW
LOT_008,LOT_008_CMP_0061,LOW,LOW RISK — all evidence signals nominal. No immediate engineering concern.,,UNREVIEWED,PENDING,,,,12.736096,13.048489,19.484940317019678,LOW,5.468309,5.690166,7.260161679349297,LOW,126.778001,127.896395,129.7491686190334,LOW
LOT_008,LOT_008_CMP_0062,LOW,LOW RISK — all evidence signals nominal. No immediate engineering concern.,,UNREVIEWED,PENDING,,,,11.92999,11.96019,13.754112411847228,LOW,5.920357,5.97647,6.969845570226828,LOW,107.443513,108.663737,110.27774187166872,LOW
LOT_008,LOT_008_CMP_0063,LOW,LOW RISK — all evidence signals nominal. No immediate engineering concern.,,UNREVIEWED,PENDING,,,,9.661283,10.089921,13.12405338311233,LOW,4.272842,4.660075,6.823507399763737,LOW,115.085412,114.790165,117.44752617117422,LOW
LOT_008,LOT_008_CMP_0064,MEDIUM,MEDIUM RISK — high prediction uncertainty present. Engineering review recommended.,"[MEDIUM] Module B 168h prediction interval width (21.07 [uA]) is high relative to spec range, indicating insufficient prediction confidence.",UNREVIEWED,PENDING,,,,9.244252,9.79372,18.81293269891546,MEDIUM,4.773532,4.865196,6.007774928969062,LOW,127.121411,129.817486,130.65844404112067,LOW
LOT_008,LOT_008_CMP_0065,MEDIUM,MEDIUM RISK — high prediction uncertainty present. Engineering review recommended.,"[MEDIUM] Module B 168h prediction interval width (19 [uA]) is high relative to spec range, indicating insufficient prediction confidence.",UNREVIEWED,PENDING,,,,10.431172,10.945302,16.529353424437637,MEDIUM,4.548167,4.783131,6.420225248917646,LOW,116.311212,116.70476,118.93001693091183,LOW
LOT_008,LOT_008_CMP_0066,LOW,LOW RISK — all evidence signals nominal. No immediate engineering concern.,,UNREVIEWED,PENDING,,,,10.801679,11.030526,15.731901668943802,LOW,5.088973,5.199608,6.399260482789322,LOW,120.904092,119.121192,122.78767613609661,LOW
LOT_008,LOT_008_CMP_0067,LOW,LOW RISK — all evidence signals nominal. No immediate engineering concern.,,UNREVIEWED,PENDING,,,,8.497716,8.724677,13.863343999878886,LOW,5.173027,5.263154,6.390775941030927,LOW,120.169862,118.967922,122.25410561333489,LOW
LOT_008,LOT_008_CMP_0068,LOW,LOW RISK — all evidence signals nominal. No immediate engineering concern.,,UNREVIEWED,PENDING,,,,11.328764,11.568796,16.702022223925233,LOW,5.082281,5.31571,6.934581505546667,LOW,111.031648,110.147226,113.14726529253475,LOW
LOT_008,LOT_008_CMP_0069,MEDIUM,MEDIUM RISK — high prediction uncertainty present. Engineering review recommended.,"[MEDIUM] Iddq predicted drift from 0h to 168h is 16.14 [uA] (32.3% of spec range), exceeding moderate-drift threshold of 20% of spec range. | [MEDIUM] Module B 168h prediction interval width (33.14 [uA]) is high relative to spec range, indicating insufficient prediction confidence.",UNREVIEWED,PENDING,,,,12.675771,13.249108,28.81308691314786,MEDIUM,5.968118,6.19525,7.7710972235836175,LOW,121.32988,122.668524,124.33079227116606,LOW
LOT_008,LOT_008_CMP_0070,LOW,LOW RISK — all evidence signals nominal. No immediate engineering concern.,,UNREVIEWED,PENDING,,,,11.555021,11.869241,18.73271406158377,LOW,6.137032,6.253752,7.448692367351273,LOW,120.241667,120.970426,123.01527013551275,LOW
LOT_008,LOT_008_CMP_0071,MEDIUM,MEDIUM RISK — high prediction uncertainty present. Engineering review recommended.,"[MEDIUM] Module B 168h prediction interval width (18.58 [uA]) is high relative to spec range, indicating insufficient prediction confidence.",UNREVIEWED,PENDING,,,,9.660872,10.146925,16.445826813687223,MEDIUM,5.106193,5.099568,5.898631283078202,LOW,128.469249,128.633236,131.11511787511566,LOW
LOT_008,LOT_008_CMP_0072,LOW,LOW RISK — all evidence signals nominal. No immediate engineering concern.,,UNREVIEWED,PENDING,,,,9.704515,10.06613,13.12405338311233,LOW,5.428371,5.512226,6.6122362275776725,LOW,109.667547,111.203356,112.63428125860601,LOW
LOT_008,LOT_008_CMP_0073,LOW,LOW RISK — all evidence signals nominal. No immediate engineering concern.,,UNREVIEWED,PENDING,,,,11.511442,11.585251,14.042355229414722,LOW,5.703256,5.851822,7.16598757178991,LOW,118.408858,118.357424,120.8877273894678,LOW
LOT_008,LOT_008_CMP_0074,MEDIUM,MEDIUM RISK — high prediction uncertainty present. Engineering review recommended.,"[MEDIUM] Module B 168h prediction interval width (19.87 [uA]) is high relative to spec range, indicating insufficient prediction confidence.",UNREVIEWED,PENDING,,,,10.505608,11.184735,16.970616341487005,MEDIUM,5.313781,5.249494,5.846729010514691,LOW,114.386289,114.127552,116.75516186765732,LOW
LOT_008,LOT_008_CMP_0075,LOW,LOW RISK — all evidence signals nominal. No immediate engineering concern.,,UNREVIEWED,PENDING,,,,11.778816,11.787182,14.269293035927904,LOW,5.706458,6.015655,7.877924556553198,LOW,113.944642,115.076402,116.80557311218091,LOW
LOT_008,LOT_008_CMP_0076,LOW,LOW RISK — all evidence signals nominal. No immediate engineering concern.,,UNREVIEWED,PENDING,,,,11.657398,11.613451,13.314034441114668,LOW,6.171389,6.505161,8.43999466196684,LOW,126.19386,127.088941,129.08013304026736,LOW
LOT_008,LOT_008_CMP_0077,HIGH,HIGH RISK — observed measurement currently breaches reference limits. Immediate engineering review required.,"[HIGH] Observed measurement of leakage_current breaches reference limit (spec_min=0.0, spec_max=30.0). value_0h=33.13, value_24h=33.17 [nA]. | [HIGH] Module B predicts leakage_current at 33.45 [nA] by 168h, crossing spec_max=30. | [HIGH] Module B 168h prediction upper bound (37 [nA]) crosses spec_max=30. Also population anomalous. | [MEDIUM] leakage_current population anomaly score 54.579 >= strong threshold 6.0.",UNREVIEWED,PENDING,,,,12.450164,12.848091,17.452738006571856,LOW,33.12562,33.167364,33.45034429661502,HIGH,119.938029,122.115416,123.225663532103,LOW
LOT_008,LOT_008_CMP_0078,LOW,LOW RISK — all evidence signals nominal. No immediate engineering concern.,,UNREVIEWED,PENDING,,,,9.253631,9.404161,13.553926089985431,LOW,4.472445,4.489443,5.384530347888564,LOW,113.688042,112.864588,115.84921262064118,LOW
LOT_008,LOT_008_CMP_0079,LOW,LOW RISK — all evidence signals nominal. No immediate engineering concern.,,UNREVIEWED,PENDING,,,,11.265465,11.346918,14.836972514540419,LOW,4.873064,4.917624,5.897032542800041,LOW,115.9155,116.957616,118.76211501565429,LOW
LOT_008,LOT_008_CMP_0080,LOW,LOW RISK — all evidence signals nominal. No immediate engineering concern.,,UNREVIEWED,PENDING,,,,10.209068,10.561098,15.584300457568684,LOW,5.611316,5.662145,6.645000751877546,LOW,116.659226,114.763132,118.46439195119181,LOW
LOT_008,LOT_008_CMP_0081,MEDIUM,MEDIUM RISK — high prediction uncertainty present. Engineering review recommended.,"[MEDIUM] Module B 168h prediction interval width (17.85 [uA]) is high relative to spec range, indicating insufficient prediction confidence.",UNREVIEWED,PENDING,,,,10.602344,11.067309,15.939317197242099,MEDIUM,5.764004,5.757565,6.5412716904158446,LOW,116.433621,116.78516,119.0385374950949,LOW
LOT_008,LOT_008_CMP_0082,LOW,LOW RISK — all evidence signals nominal. No immediate engineering concern.,,UNREVIEWED,PENDING,,,,12.211364,12.01574,14.03097701908032,LOW,5.362625,5.277622,5.80297258504549,LOW,114.4981,114.793578,117.06567359029908,LOW
LOT_008,LOT_008_CMP_0083,LOW,LOW RISK — all evidence signals nominal. No immediate engineering concern.,,UNREVIEWED,PENDING,,,,12.27183,12.519134,16.308466353833083,LOW,4.74918,5.053613,6.922895937859362,LOW,118.435523,120.934231,121.82431417350928,LOW
LOT_008,LOT_008_CMP_0084,LOW,LOW RISK — all evidence signals nominal. No immediate engineering concern.,,UNREVIEWED,PENDING,,,,12.696459,13.085666,16.400673822156243,LOW,5.477753,5.506741,6.418307368587879,LOW,120.361335,121.253341,123.19424374905078,LOW
LOT_008,LOT_008_CMP_0085,LOW,LOW RISK — all evidence signals nominal. No immediate engineering concern.,,UNREVIEWED,PENDING,,,,11.509801,11.736979,16.894249654697507,LOW,5.537353,5.785502,7.443545344390224,LOW,116.357468,117.578245,119.27177533589507,LOW
LOT_008,LOT_008_CMP_0086,LOW,LOW RISK — all evidence signals nominal. No immediate engineering concern.,,UNREVIEWED,PENDING,,,,10.797676,10.93781,13.014812875986719,LOW,5.231394,5.254643,6.152612985790061,LOW,118.808426,120.202422,121.8064876855008,LOW
LOT_008,LOT_008_CMP_0087,HIGH,HIGH RISK — one or more strong evidence signals present. Engineering review recommended.,"[MEDIUM] Iddq population anomaly score 3.679 >= anomaly threshold 3.5 (moderate). | [MEDIUM] Iddq predicted drift from 0h to 168h is 10.43 [uA] (20.9% of spec range), exceeding moderate-drift threshold of 20% of spec range. | [HIGH] Combined: population anomaly (score=3.679) co-occurring with elevated predicted drift — escalated to HIGH.",UNREVIEWED,PENDING,,,,5.70354,5.843226,16.131022204320878,HIGH,5.127348,5.384143,7.0816595553593285,LOW,120.201166,120.041516,122.65749426534596,LOW
LOT_008,LOT_008_CMP_0088,LOW,LOW RISK — all evidence signals nominal. No immediate engineering concern.,,UNREVIEWED,PENDING,,,,8.418088,8.680916,14.221788279748397,LOW,4.555732,4.689289,5.980129940692231,LOW,110.876855,111.457683,113.51376691831591,LOW
LOT_008,LOT_008_CMP_0089,LOW,LOW RISK — all evidence signals nominal. No immediate engineering concern.,,UNREVIEWED,PENDING,,,,12.65557,12.785554,14.197983581535349,LOW,6.299796,6.388131,7.482245727716869,LOW,121.620007,123.733013,124.8997484560997,LOW
LOT_008,LOT_008_CMP_0090,LOW,LOW RISK — all evidence signals nominal. No immediate engineering concern.,,UNREVIEWED,PENDING,,,,10.525109,10.88164,15.584300457568684,LOW,5.266821,5.41652,6.745161847404603,LOW,130.313265,130.009412,132.80877159134673,LOW
LOT_008,LOT_008_CMP_0091,MEDIUM,MEDIUM RISK — high prediction uncertainty present. Engineering review recommended.,"[MEDIUM] Module B 168h prediction interval width (17.66 [uA]) is high relative to spec range, indicating insufficient prediction confidence.",UNREVIEWED,PENDING,,,,11.50339,11.950708,15.987578541407675,MEDIUM,5.692577,5.795287,6.953220430936462,LOW,129.518126,131.380223,132.77914149630135,LOW
LOT_008,LOT_008_CMP_0092,LOW,LOW RISK — all evidence signals nominal. No immediate engineering concern.,,UNREVIEWED,PENDING,,,,11.698606,12.094011,15.466105024503175,LOW,4.477589,4.504894,5.435030766162257,LOW,115.034307,117.59067,118.41318524269276,LOW
LOT_008,LOT_008_CMP_0093,LOW,LOW RISK — all evidence signals nominal. No immediate engineering concern.,,UNREVIEWED,PENDING,,,,9.002871,9.267163,14.897895054510183,LOW,5.002516,5.108864,6.295988098769567,LOW,111.309672,112.86525,114.29817390713043,LOW
LOT_008,LOT_008_CMP_0094,LOW,LOW RISK — all evidence signals nominal. No immediate engineering concern.,,UNREVIEWED,PENDING,,,,9.62963,9.942155,16.350783495311262,LOW,5.142194,5.240203,6.395473214950987,LOW,111.120463,112.595784,114.07864017967405,LOW
LOT_008,LOT_008_CMP_0095,MEDIUM,MEDIUM RISK — high prediction uncertainty present. Engineering review recommended.,"[MEDIUM] Module B 168h prediction interval width (23.2 [uA]) is high relative to spec range, indicating insufficient prediction confidence.",UNREVIEWED,PENDING,,,,13.037576,13.293663,18.560728859489767,MEDIUM,5.459292,5.513206,6.510285557878823,LOW,127.131617,126.992647,129.65742850071405,LOW
LOT_008,LOT_008_CMP_0096,HIGH,HIGH RISK — Module B predicts parameter(s) will cross specification boundary by 168h. Elevated engineering attention required.,"[HIGH] Module B predicts Iddq at 50.39 [uA] by 168h, crossing spec_max=50. | [MEDIUM] Module B 168h prediction upper bound (50.39 [uA]) crosses spec_max=50.  | [HIGH] Iddq predicted drift from 0h to 168h is 39.29 [uA] (78.6% of spec range), exceeding high-drift threshold of 60% of spec range. | [MEDIUM] Module B 168h prediction interval width (38.28 [uA]) is high relative to spec range, indicating insufficient prediction confidence.",UNREVIEWED,PENDING,,,,11.097578,11.986726,50.3857857053048,HIGH,6.664155,6.91531,8.556219356260913,LOW,118.058987,119.0812,120.91771081541553,LOW
LOT_008,LOT_008_CMP_0097,MEDIUM,MEDIUM RISK — high prediction uncertainty present. Engineering review recommended.,"[MEDIUM] Module B 168h prediction interval width (18.51 [uA]) is high relative to spec range, indicating insufficient prediction confidence.",UNREVIEWED,PENDING,,,,9.975208,10.456492,16.455600268856795,MEDIUM,5.47706,5.62918,6.960973041020801,LOW,118.841861,119.439391,121.55610815182533,LOW
LOT_008,LOT_008_CMP_0098,MEDIUM,MEDIUM RISK — high prediction uncertainty present. Engineering review recommended.,"[MEDIUM] Module B 168h prediction interval width (17.95 [uA]) is high relative to spec range, indicating insufficient prediction confidence.",UNREVIEWED,PENDING,,,,10.466703,10.934172,16.658993515369758,MEDIUM,5.786862,5.794257,6.6246189963911,LOW,129.187444,130.447111,132.23059820839265,LOW
LOT_008,LOT_008_CMP_0099,LOW,LOW RISK — all evidence signals nominal. No immediate engineering concern.,,UNREVIEWED,PENDING,,,,12.283935,12.686012,15.561151391955606,LOW,5.865148,5.893914,6.795305202134396,LOW,120.997374,122.909217,124.19977725127264,LOW
LOT_008,LOT_008_CMP_0100,LOW,LOW RISK — all evidence signals nominal. No immediate engineering concern.,,UNREVIEWED,PENDING,,,,12.085987,12.066011,13.754112411847228,LOW,5.236588,5.168208,5.753351478609707,LOW,124.615477,124.898819,127.26938695653267,LOW
LOT_009,LOT_009_CMP_0001,LOW,LOW RISK — all evidence signals nominal. No immediate engineering concern.,,UNREVIEWED,PENDING,,,,14.517008,14.2655,15.57120879055915,LOW,6.341147,6.331501,7.0902329172772305,LOW,123.012463,124.778595,126.18094638870966,LOW
LOT_009,LOT_009_CMP_0002,LOW,LOW RISK — all evidence signals nominal. No immediate engineering concern.,,UNREVIEWED,PENDING,,,,8.763442,8.805649,13.36467071605678,LOW,4.689356,4.752725,5.800788528696729,LOW,112.65747,112.411911,115.01555112703113,LOW
LOT_009,LOT_009_CMP_0003,LOW,LOW RISK — all evidence signals nominal. No immediate engineering concern.,,UNREVIEWED,PENDING,,,,9.495708,9.692249,14.356996736237097,LOW,5.095008,5.196589,6.365196388723449,LOW,114.499238,115.408092,117.28562435504382,LOW
LOT_009,LOT_009_CMP_0004,LOW,LOW RISK — all evidence signals nominal. No immediate engineering concern.,,UNREVIEWED,PENDING,,,,11.634275,11.906361,17.866321664381246,LOW,5.438623,5.480535,6.43715806290229,LOW,118.889808,120.546741,121.98239347151598,LOW
LOT_009,LOT_009_CMP_0005,MEDIUM,"MEDIUM RISK — population outlier, high prediction uncertainty present. Engineering review recommended.","[MEDIUM] Iddq population anomaly score 4.731 >= anomaly threshold 3.5 (moderate). | [MEDIUM] Module B 168h prediction interval width (29.7 [uA]) is high relative to spec range, indicating insufficient prediction confidence. | [MEDIUM] propagation_delay population anomaly score 4.263 >= anomaly threshold 3.5 (moderate).",UNREVIEWED,PENDING,,,,16.365212,16.717934,18.30505127462347,MEDIUM,5.298717,5.404848,6.5840309170334415,LOW,145.600787,146.163211,148.54230767868637,MEDIUM
LOT_009,LOT_009_CMP_0006,MEDIUM,MEDIUM RISK — high prediction uncertainty present. Engineering review recommended.,"[MEDIUM] Module B 168h prediction interval width (20.07 [uA]) is high relative to spec range, indicating insufficient prediction confidence.",UNREVIEWED,PENDING,,,,11.017478,11.57346,16.55248939579309,MEDIUM,5.55191,5.536966,6.29680386086793,LOW,125.809593,125.813737,128.37460877334206,LOW
LOT_009,LOT_009_CMP_0007,MEDIUM,MEDIUM RISK — high prediction uncertainty present. Engineering review recommended.,"[MEDIUM] Iddq predicted drift from 0h to 168h is 17.67 [uA] (35.3% of spec range), exceeding moderate-drift threshold of 20% of spec range. | [MEDIUM] Module B 168h prediction interval width (24.99 [uA]) is high relative to spec range, indicating insufficient prediction confidence.",UNREVIEWED,PENDING,,,,11.234334,11.753372,28.903487038177595,MEDIUM,5.307768,5.372039,6.4081472008504825,LOW,116.551531,116.320938,118.94984687567472,LOW
LOT_009,LOT_009_CMP_0008,LOW,LOW RISK — all evidence signals nominal. No immediate engineering concern.,,UNREVIEWED,PENDING,,,,7.252828,7.550504,15.498729648300934,LOW,4.270361,4.484599,6.057715540939403,LOW,112.558133,111.19771,114.517631318091,LOW
LOT_009,LOT_009_CMP_0009,LOW,LOW RISK — all evidence signals nominal. No immediate engineering concern.,,UNREVIEWED,PENDING,,,,12.400675,12.79742,15.561151391955606,LOW,5.497164,5.656386,7.011927150583194,LOW,120.44088,121.753193,123.42443286339896,LOW
LOT_009,LOT_009_CMP_0010,LOW,LOW RISK — all evidence signals nominal. No immediate engineering concern.,,UNREVIEWED,PENDING,,,,9.888244,10.026256,13.269047690218667,LOW,5.322122,5.087547,5.103441187867072,LOW,124.051629,122.924892,126.1974848432547,LOW
LOT_009,LOT_009_CMP_0011,LOW,LOW RISK — all evidence signals nominal. No immediate engineering concern.,,UNREVIEWED,PENDING,,,,12.043332,12.400111,15.284286784722516,LOW,5.865723,6.020154,7.350385362067163,LOW,122.70698,123.068592,125.37170757648387,LOW
LOT_009,LOT_009_CMP_0012,LOW,LOW RISK — all evidence signals nominal. No immediate engineering concern.,,UNREVIEWED,PENDING,,,,7.294023,7.720611,10.734512647722863,LOW,4.612888,4.546179,5.152187177076343,LOW,114.563139,116.711369,117.79220634295888,LOW
LOT_009,LOT_009_CMP_0013,LOW,LOW RISK — all evidence signals nominal. No immediate engineering concern.,,UNREVIEWED,PENDING,,,,10.81659,10.984329,16.050572250517593,LOW,4.453053,4.494805,5.474841189182862,LOW,122.103995,123.348854,125.07838955322842,LOW
LOT_009,LOT_009_CMP_0014,LOW,LOW RISK — all evidence signals nominal. No immediate engineering concern.,,UNREVIEWED,PENDING,,,,9.533432,9.306174,11.940706712579077,LOW,5.173928,5.188974,6.0603467863729,LOW,115.097648,116.518488,118.07203180309521,LOW
LOT_009,LOT_009_CMP_0015,LOW,LOW RISK — all evidence signals nominal. No immediate engineering concern.,,UNREVIEWED,PENDING,,,,11.100532,11.355761,17.460681490919477,LOW,5.485967,5.663822,7.083223771902539,LOW,128.549777,128.52444,131.1288321425558,LOW
LOT_009,LOT_009_CMP_0016,MEDIUM,MEDIUM RISK — high prediction uncertainty present. Engineering review recommended.,"[MEDIUM] Module B 168h prediction interval width (18.98 [uA]) is high relative to spec range, indicating insufficient prediction confidence.",UNREVIEWED,PENDING,,,,10.498716,11.025804,16.529353424437637,MEDIUM,4.963521,4.956039,5.755645967116852,LOW,120.837909,120.498563,123.23584246379822,LOW
LOT_009,LOT_009_CMP_0017,LOW,LOW RISK — all evidence signals nominal. No immediate engineering concern.,,UNREVIEWED,PENDING,,,,10.895411,10.894846,17.617269479068348,LOW,5.75434,5.773039,6.642768512764807,LOW,116.646622,117.294716,119.35923392946556,LOW
LOT_009,LOT_009_CMP_0018,MEDIUM,MEDIUM RISK — high prediction uncertainty present. Engineering review recommended.,"[MEDIUM] Module B 168h prediction interval width (21.59 [uA]) is high relative to spec range, indicating insufficient prediction confidence.",UNREVIEWED,PENDING,,,,8.842649,9.3965,15.709209407370267,MEDIUM,4.282249,4.307987,5.237524805363752,LOW,115.793296,116.635898,118.56764556625335,LOW
LOT_009,LOT_009_CMP_0019,HIGH,HIGH RISK — Module B predicts parameter(s) will cross specification boundary by 168h. Elevated engineering attention required.,"[HIGH] Module B predicts Iddq at 177.9 [uA] by 168h, crossing spec_max=50. | [HIGH] Module B 168h prediction upper bound (187 [uA]) crosses spec_max=50. Also population anomalous. | [MEDIUM] Iddq population anomaly score 4.073 >= anomaly threshold 3.5 (moderate). | [HIGH] Iddq predicted drift from 0h to 168h is 168.1 [uA] (336.2% of spec range), exceeding high-drift threshold of 60% of spec range. | [MEDIUM] Module B 168h prediction interval width (176.1 [uA]) is high relative to spec range, indicating insufficient prediction confidence.",UNREVIEWED,PENDING,,,,9.754054,10.793951,177.86797865813855,HIGH,5.562746,5.729731,7.110170472298083,LOW,125.727219,127.183273,128.80941974737962,LOW
LOT_009,LOT_009_CMP_0020,LOW,LOW RISK — all evidence signals nominal. No immediate engineering concern.,,UNREVIEWED,PENDING,,,,10.19155,10.313122,13.346721974913487,LOW,5.085766,5.208444,6.449273321850339,LOW,117.234977,116.711481,119.53493356548817,LOW
LOT_009,LOT_009_CMP_0021,LOW,LOW RISK — all evidence signals nominal. No immediate engineering concern.,,UNREVIEWED,PENDING,,,,10.980108,11.353712,16.377423298882697,LOW,4.476624,4.567793,5.715900471343924,LOW,125.414107,126.83576,128.48123036353164,LOW
LOT_009,LOT_009_CMP_0022,LOW,LOW RISK — all evidence signals nominal. No immediate engineering concern.,,UNREVIEWED,PENDING,,,,11.792133,11.977489,17.166073207573564,LOW,5.77495,5.805166,6.713698293363093,LOW,120.543539,119.945474,122.8465446533381,LOW
LOT_009,LOT_009_CMP_0023,LOW,LOW RISK — all evidence signals nominal. No immediate engineering concern.,,UNREVIEWED,PENDING,,,,10.612731,11.04668,15.718935738209035,LOW,4.939137,5.200143,6.916605740466787,LOW,118.412946,117.934832,120.73964737390644,LOW
LOT_009,LOT_009_CMP_0024,MEDIUM,MEDIUM RISK — high prediction uncertainty present. Engineering review recommended.,"[MEDIUM] Iddq predicted drift from 0h to 168h is 17.22 [uA] (34.4% of spec range), exceeding moderate-drift threshold of 20% of spec range. | [MEDIUM] Module B 168h prediction interval width (16.39 [uA]) is high relative to spec range, indicating insufficient prediction confidence.",UNREVIEWED,PENDING,,,,8.608592,8.784642,25.826491909336053,MEDIUM,4.419294,4.548489,5.82776064132122,LOW,119.570139,119.988046,122.22683766921739,LOW
LOT_009,LOT_009_CMP_0025,MEDIUM,MEDIUM RISK — high prediction uncertainty present. Engineering review recommended.,"[MEDIUM] Module B 168h prediction interval width (19.97 [uA]) is high relative to spec range, indicating insufficient prediction confidence.",UNREVIEWED,PENDING,,,,10.414531,11.015987,16.701734302078542,MEDIUM,4.925391,5.104743,6.54288112334643,LOW,113.972752,117.184185,117.57579284937442,LOW
LOT_009,LOT_009_CMP_0026,MEDIUM,MEDIUM RISK — high prediction uncertainty present. Engineering review recommended.,"[MEDIUM] Module B 168h prediction interval width (24.32 [uA]) is high relative to spec range, indicating insufficient prediction confidence.",UNREVIEWED,PENDING,,,,14.131079,14.406123,19.84713437196134,MEDIUM,6.274216,6.157807,6.55381830133445,LOW,129.459404,129.577913,132.0979231709244,LOW
LOT_009,LOT_009_CMP_0027,LOW,LOW RISK — all evidence signals nominal. No immediate engineering concern.,,UNREVIEWED,PENDING,,,,12.517515,12.886936,17.452738006571856,LOW,5.603691,5.674301,6.724848292019091,LOW,125.184317,125.051518,127.69487934570478,LOW
LOT_009,LOT_009_CMP_0028,MEDIUM,MEDIUM RISK — high prediction uncertainty present. Engineering review recommended.,"[MEDIUM] Module B 168h prediction interval width (21.64 [uA]) is high relative to spec range, indicating insufficient prediction confidence.",UNREVIEWED,PENDING,,,,5.940315,6.414532,14.231911212410838,MEDIUM,3.337307,3.513818,4.980866944374687,LOW,107.892718,109.778333,110.96832964085307,LOW
LOT_009,LOT_009_CMP_0029,MEDIUM,"MEDIUM RISK — population outlier, high prediction uncertainty present. Engineering review recommended.","[MEDIUM] Iddq population anomaly score 5.697 >= anomaly threshold 3.5 (moderate). | [MEDIUM] Module B 168h prediction interval width (25.9 [uA]) is high relative to spec range, indicating insufficient prediction confidence.",UNREVIEWED,PENDING,,,,17.595695,17.667607,27.4268338940945,MEDIUM,5.711988,5.88359,7.276157739907889,LOW,122.012319,120.672199,124.06378217953902,LOW
LOT_009,LOT_009_CMP_0030,MEDIUM,MEDIUM RISK — high prediction uncertainty present. Engineering review recommended.,"[MEDIUM] Iddq predicted drift from 0h to 168h is 10.52 [uA] (21.0% of spec range), exceeding moderate-drift threshold of 20% of spec range. | [MEDIUM] Module B 168h prediction interval width (19.52 [uA]) is high relative to spec range, indicating insufficient prediction confidence.",UNREVIEWED,PENDING,,,,11.493711,12.080769,22.014229888786787,MEDIUM,5.444042,5.675882,7.280536369919548,LOW,119.006143,120.507525,122.04428307243437,LOW
LOT_009,LOT_009_CMP_0031,LOW,LOW RISK — all evidence signals nominal. No immediate engineering concern.,,UNREVIEWED,PENDING,,,,9.990301,10.158869,15.774978520283371,LOW,4.842472,4.770478,5.352869000714603,LOW,121.047913,120.824996,123.48926076441236,LOW
LOT_009,LOT_009_CMP_0032,HIGH,HIGH RISK — Module B predicts parameter(s) will cross specification boundary by 168h. Elevated engineering attention required.,"[HIGH] Module B predicts Iddq at 117.9 [uA] by 168h, crossing spec_max=50. | [MEDIUM] Module B 168h prediction upper bound (124.7 [uA]) crosses spec_max=50.  | [HIGH] Iddq predicted drift from 0h to 168h is 108.3 [uA] (216.6% of spec range), exceeding high-drift threshold of 60% of spec range. | [MEDIUM] Module B 168h prediction interval width (114.1 [uA]) is high relative to spec range, indicating insufficient prediction confidence.",UNREVIEWED,PENDING,,,,9.575669,10.504805,117.8651766541835,HIGH,4.600328,4.754575,6.114940115071702,LOW,128.221709,130.648957,131.67270664821032,LOW
LOT_009,LOT_009_CMP_0033,LOW,LOW RISK — all evidence signals nominal. No immediate engineering concern.,,UNREVIEWED,PENDING,,,,9.7952,10.215294,15.380907211055726,LOW,5.390572,5.49144,6.65042900430432,LOW,117.121272,116.495585,119.38375619330756,LOW
LOT_009,LOT_009_CMP_0034,LOW,LOW RISK — all evidence signals nominal. No immediate engineering concern.,,UNREVIEWED,PENDING,,,,11.15178,11.328278,17.000798703095462,LOW,4.874082,4.965551,6.105020091629872,LOW,122.180159,122.663468,124.8835771128411,LOW
LOT_009,LOT_009_CMP_0035,MEDIUM,MEDIUM RISK — high prediction uncertainty present. Engineering review recommended.,"[MEDIUM] Module B 168h prediction interval width (21.96 [uA]) is high relative to spec range, indicating insufficient prediction confidence.",UNREVIEWED,PENDING,,,,8.433326,9.306604,16.964843765098834,MEDIUM,4.838297,4.846179,5.701262535519938,LOW,116.647282,117.593359,119.46619589277881,LOW
LOT_009,LOT_009_CMP_0036,MEDIUM,MEDIUM RISK — high prediction uncertainty present. Engineering review recommended.,"[MEDIUM] Iddq predicted drift from 0h to 168h is 25.84 [uA] (51.7% of spec range), exceeding moderate-drift threshold of 20% of spec range. | [MEDIUM] Module B 168h prediction interval width (25.05 [uA]) is high relative to spec range, indicating insufficient prediction confidence.",UNREVIEWED,PENDING,,,,11.955732,12.233424,37.79668228163899,MEDIUM,5.469109,5.500088,6.418659144993057,LOW,121.905823,124.00758,125.18411303101618,LOW
LOT_009,LOT_009_CMP_0037,LOW,LOW RISK — all evidence signals nominal. No immediate engineering concern.,,UNREVIEWED,PENDING,,,,10.204062,10.580299,15.584300457568684,LOW,4.984086,5.046863,6.085741352770476,LOW,120.391321,119.362266,122.53922046601926,LOW
LOT_009,LOT_009_CMP_0038,HIGH,HIGH RISK — Module B predicts parameter(s) will cross specification boundary by 168h. Elevated engineering attention required.,"[HIGH] Module B predicts Iddq at 120.6 [uA] by 168h, crossing spec_max=50. | [HIGH] Module B 168h prediction upper bound (187 [uA]) crosses spec_max=50. Also population anomalous. | [MEDIUM] Iddq population anomaly score 8.080 >= strong threshold 6.0. | [HIGH] Iddq predicted drift from 0h to 168h is 111.6 [uA] (223.2% of spec range), exceeding high-drift threshold of 60% of spec range. | [MEDIUM] Module B 168h prediction interval width (176.9 [uA]) is high relative to spec range, indicating insufficient prediction confidence.",UNREVIEWED,PENDING,,,,8.935779,10.708149,120.5536731573034,HIGH,4.476294,4.851025,6.9668461962706925,LOW,113.857206,114.169529,116.42504522876486,LOW
LOT_009,LOT_009_CMP_0039,LOW,LOW RISK — all evidence signals nominal. No immediate engineering concern.,,UNREVIEWED,PENDING,,,,11.794731,11.954978,16.603782047106005,LOW,5.367671,5.4905,6.724991540498928,LOW,123.203249,124.696405,126.2760665022949,LOW
LOT_009,LOT_009_CMP_0040,LOW,LOW RISK — all evidence signals nominal. No immediate engineering concern.,,UNREVIEWED,PENDING,,,,8.163126,8.394902,13.863343999878886,LOW,4.911979,4.892073,5.650533843169068,LOW,114.849562,114.676222,117.25304911557389,LOW
LOT_009,LOT_009_CMP_0041,LOW,LOW RISK — all evidence signals nominal. No immediate engineering concern.,,UNREVIEWED,PENDING,,,,9.697028,9.970785,15.484391098108745,LOW,5.186498,5.184863,5.999003334288439,LOW,114.282194,114.659324,116.87695955692894,LOW
LOT_009,LOT_009_CMP_0042,LOW,LOW RISK — all evidence signals nominal. No immediate engineering concern.,,UNREVIEWED,PENDING,,,,9.305001,9.587422,15.302179437300218,LOW,4.575693,4.811926,6.452681781260408,LOW,123.248024,125.268016,126.50917489509953,LOW
LOT_009,LOT_009_CMP_0043,MEDIUM,MEDIUM RISK — high prediction uncertainty present. Engineering review recommended.,"[MEDIUM] Module B 168h prediction interval width (19.53 [uA]) is high relative to spec range, indicating insufficient prediction confidence.",UNREVIEWED,PENDING,,,,13.375664,13.511326,16.885259708479264,MEDIUM,5.965979,6.03119,7.054505043164917,LOW,124.884089,124.608994,127.3412012775082,LOW
LOT_009,LOT_009_CMP_0044,MEDIUM,MEDIUM RISK — high prediction uncertainty present. Engineering review recommended.,"[MEDIUM] Iddq predicted drift from 0h to 168h is 17.85 [uA] (35.7% of spec range), exceeding moderate-drift threshold of 20% of spec range. | [MEDIUM] Module B 168h prediction interval width (21.14 [uA]) is high relative to spec range, indicating insufficient prediction confidence.",UNREVIEWED,PENDING,,,,9.073885,9.811876,26.921735440301305,MEDIUM,5.418435,5.487502,6.537287093976416,LOW,118.166165,117.923519,120.57465067122085,LOW
LOT_009,LOT_009_CMP_0045,LOW,LOW RISK — all evidence signals nominal. No immediate engineering concern.,,UNREVIEWED,PENDING,,,,7.444552,7.713228,13.65636865221116,LOW,3.732584,3.779728,4.795679910507548,LOW,120.089823,123.404116,123.78437321651386,LOW
LOT_009,LOT_009_CMP_0046,MEDIUM,MEDIUM RISK — population outlier present. Engineering review recommended.,[MEDIUM] leakage_current population anomaly score 5.137 >= anomaly threshold 3.5 (moderate).,UNREVIEWED,PENDING,,,,9.521326,9.799963,15.248416042154425,LOW,7.965451,8.042659,9.058308878215051,MEDIUM,136.301014,136.871231,139.16197593137622,LOW
LOT_009,LOT_009_CMP_0047,LOW,LOW RISK — all evidence signals nominal. No immediate engineering concern.,,UNREVIEWED,PENDING,,,,10.942548,11.214276,18.595297396543607,LOW,4.993872,5.130736,6.422211505428186,LOW,126.471105,128.662035,129.82211584536213,LOW
LOT_009,LOT_009_CMP_0048,LOW,LOW RISK — all evidence signals nominal. No immediate engineering concern.,,UNREVIEWED,PENDING,,,,11.33288,11.62971,17.936606303754346,LOW,5.058185,5.202979,6.519953593635361,LOW,116.567566,116.948437,119.18414609209258,LOW
LOT_009,LOT_009_CMP_0049,MEDIUM,MEDIUM RISK — high prediction uncertainty present. Engineering review recommended.,"[MEDIUM] Module B 168h prediction interval width (32.63 [uA]) is high relative to spec range, indicating insufficient prediction confidence.",UNREVIEWED,PENDING,,,,13.196939,14.045265,22.048098574489572,MEDIUM,6.226268,6.215589,6.973588323683928,LOW,125.842593,127.08617,128.85003317909062,LOW
LOT_009,LOT_009_CMP_0050,MEDIUM,MEDIUM RISK — high prediction uncertainty present. Engineering review recommended.,"[MEDIUM] Module B 168h prediction interval width (19.82 [uA]) is high relative to spec range, indicating insufficient prediction confidence.",UNREVIEWED,PENDING,,,,11.889862,12.533789,18.2534778093903,MEDIUM,5.442265,5.560021,6.775386650524615,LOW,120.603244,119.777927,122.82571969901615,LOW
LOT_009,LOT_009_CMP_0051,MEDIUM,MEDIUM RISK — high prediction uncertainty present. Engineering review recommended.,"[MEDIUM] Module B 168h prediction interval width (20.01 [uA]) is high relative to spec range, indicating insufficient prediction confidence.",UNREVIEWED,PENDING,,,,10.29386,11.063567,14.028469222581098,MEDIUM,4.728656,4.88074,6.23060384638293,LOW,114.985408,116.057421,117.83435293532489,LOW
LOT_009,LOT_009_CMP_0052,MEDIUM,MEDIUM RISK — high prediction uncertainty present. Engineering review recommended.,"[MEDIUM] Iddq predicted drift from 0h to 168h is 11.03 [uA] (22.1% of spec range), exceeding moderate-drift threshold of 20% of spec range. | [MEDIUM] Module B 168h prediction interval width (21.59 [uA]) is high relative to spec range, indicating insufficient prediction confidence.",UNREVIEWED,PENDING,,,,8.794379,9.382671,19.82747179578059,MEDIUM,5.450673,5.518752,6.564381664368986,LOW,125.16991,124.205044,127.38352954711249,LOW
LOT_009,LOT_009_CMP_0053,LOW,LOW RISK — all evidence signals nominal. No immediate engineering concern.,,UNREVIEWED,PENDING,,,,9.686186,9.980344,15.248416042154425,LOW,5.00348,5.285738,7.073162791162972,LOW,133.754246,133.152764,136.1744187054772,LOW
LOT_009,LOT_009_CMP_0054,MEDIUM,MEDIUM RISK — high prediction uncertainty present. Engineering review recommended.,"[MEDIUM] Iddq predicted drift from 0h to 168h is 10.74 [uA] (21.5% of spec range), exceeding moderate-drift threshold of 20% of spec range. | [MEDIUM] Module B 168h prediction interval width (20.76 [uA]) is high relative to spec range, indicating insufficient prediction confidence.",UNREVIEWED,PENDING,,,,9.528198,10.139143,20.2704210557793,MEDIUM,4.315782,4.409185,5.568826453771286,LOW,116.309437,117.708317,119.28684654762392,LOW
LOT_009,LOT_009_CMP_0055,LOW,LOW RISK — all evidence signals nominal. No immediate engineering concern.,,UNREVIEWED,PENDING,,,,9.532329,9.755905,14.267911796044677,LOW,4.274753,4.481478,6.0288483243910145,LOW,119.442255,120.1236,122.19178086232104,LOW
LOT_009,LOT_009_CMP_0056,LOW,LOW RISK — all evidence signals nominal. No immediate engineering concern.,,UNREVIEWED,PENDING,,,,9.718039,9.982146,14.626356075914188,LOW,5.450449,5.444833,6.238970829638465,LOW,120.180157,119.311457,122.38336574355172,LOW
LOT_009,LOT_009_CMP_0057,MEDIUM,MEDIUM RISK — elevated predicted drift present. Engineering review recommended.,"[MEDIUM] Iddq predicted drift from 0h to 168h is 13.7 [uA] (27.4% of spec range), exceeding moderate-drift threshold of 20% of spec range.",UNREVIEWED,PENDING,,,,8.604132,8.987626,22.30067201266841,MEDIUM,4.606393,4.826262,6.410426408650639,LOW,125.865348,126.815228,128.76822494161596,LOW
LOT_009,LOT_009_CMP_0058,LOW,LOW RISK — all evidence signals nominal. No immediate engineering concern.,,UNREVIEWED,PENDING,,,,9.669442,9.771512,12.923678273172696,LOW,5.663613,5.805,7.09562967810691,LOW,108.406069,108.183236,110.73415855814247,LOW
LOT_009,LOT_009_CMP_0059,HIGH,HIGH RISK — observed measurement currently breaches reference limits. Immediate engineering review required.,"[MEDIUM] Iddq population anomaly score 3.584 >= anomaly threshold 3.5 (moderate). | [HIGH] Observed measurement of leakage_current breaches reference limit (spec_min=0.0, spec_max=30.0). value_0h=35.34, value_24h=35.22 [nA]. | [HIGH] Module B predicts leakage_current at 34.88 [nA] by 168h, crossing spec_max=30. | [HIGH] Module B 168h prediction upper bound (38.43 [nA]) crosses spec_max=30. Also population anomalous. | [MEDIUM] leakage_current population anomaly score 55.001 >= strong threshold 6.0.",UNREVIEWED,PENDING,,,,10.292238,9.93262,11.636018802760693,MEDIUM,35.341806,35.217268,34.87890606519866,HIGH,121.039404,122.381156,124.03882189098229,LOW
LOT_009,LOT_009_CMP_0060,LOW,LOW RISK — all evidence signals nominal. No immediate engineering concern.,,UNREVIEWED,PENDING,,,,11.657699,11.386175,13.314034441114668,LOW,5.802819,5.869737,6.902843894923134,LOW,117.237092,117.602814,119.85426802998812,LOW
LOT_009,LOT_009_CMP_0061,LOW,LOW RISK — all evidence signals nominal. No immediate engineering concern.,,UNREVIEWED,PENDING,,,,9.695505,10.061919,13.12405338311233,LOW,4.656605,4.668616,5.5422074045131815,LOW,106.027066,107.204474,108.83332831466511,LOW
LOT_009,LOT_009_CMP_0062,MEDIUM,MEDIUM RISK — population outlier present. Engineering review recommended.,[MEDIUM] propagation_delay population anomaly score 6.039 >= strong threshold 6.0.,UNREVIEWED,PENDING,,,,8.556554,8.717232,16.08741143484948,LOW,4.937615,5.0167,6.11236200760928,LOW,157.187704,156.80939,159.89748061572126,MEDIUM
LOT_009,LOT_009_CMP_0063,LOW,LOW RISK — all evidence signals nominal. No immediate engineering concern.,,UNREVIEWED,PENDING,,,,8.072677,8.285837,14.219510030050772,LOW,4.213662,4.121865,4.651961082939357,LOW,125.415437,127.584628,128.74923291626757,LOW
LOT_009,LOT_009_CMP_0064,LOW,LOW RISK — all evidence signals nominal. No immediate engineering concern.,,UNREVIEWED,PENDING,,,,10.854564,10.688277,12.770337021403945,LOW,5.925342,5.835456,6.330462859447557,LOW,118.884047,118.595481,121.28258535988644,LOW
LOT_009,LOT_009_CMP_0065,LOW,LOW RISK — all evidence signals nominal. No immediate engineering concern.,,UNREVIEWED,PENDING,,,,10.457906,10.654633,16.54066292726388,LOW,5.431401,5.552581,6.779895762099556,LOW,124.141838,125.043561,127.01209144767019,LOW
LOT_009,LOT_009_CMP_0066,LOW,LOW RISK — all evidence signals nominal. No immediate engineering concern.,,UNREVIEWED,PENDING,,,,9.362922,9.573218,14.677841221362357,LOW,4.745084,4.891503,6.221634663625305,LOW,125.471288,125.73898,128.12728454622476,LOW
LOT_009,LOT_009_CMP_0067,MEDIUM,MEDIUM RISK — high prediction uncertainty present. Engineering review recommended.,"[MEDIUM] Module B 168h prediction interval width (21.01 [uA]) is high relative to spec range, indicating insufficient prediction confidence.",UNREVIEWED,PENDING,,,,9.428928,10.046049,15.074932477553837,MEDIUM,5.376745,5.568841,7.039497895517552,LOW,118.612999,118.5444,121.08757469830132,LOW
LOT_009,LOT_009_CMP_0068,LOW,LOW RISK — all evidence signals nominal. No immediate engineering concern.,,UNREVIEWED,PENDING,,,,10.911564,11.270324,16.377423298882697,LOW,6.29385,6.312294,7.16803782032338,LOW,122.325656,121.403108,124.52888276409251,LOW
LOT_009,LOT_009_CMP_0069,MEDIUM,MEDIUM RISK — high prediction uncertainty present. Engineering review recommended.,"[MEDIUM] Module B 168h prediction interval width (20.64 [uA]) is high relative to spec range, indicating insufficient prediction confidence.",UNREVIEWED,PENDING,,,,12.178959,12.428414,16.308466353833083,MEDIUM,5.822983,5.696989,6.071259236387871,LOW,115.300909,113.934975,117.28302045760844,LOW
LOT_009,LOT_009_CMP_0070,LOW,LOW RISK — all evidence signals nominal. No immediate engineering concern.,,UNREVIEWED,PENDING,,,,9.282503,9.694879,13.12405338311233,LOW,5.278659,5.226339,5.865267338039859,LOW,114.68975,115.079249,117.29258006588121,LOW
LOT_009,LOT_009_CMP_0071,LOW,LOW RISK — all evidence signals nominal. No immediate engineering concern.,,UNREVIEWED,PENDING,,,,10.421598,10.731023,18.953281817243482,LOW,5.100313,5.120035,6.009155043877812,LOW,123.691433,125.076987,126.7302416729606,LOW
LOT_009,LOT_009_CMP_0072,LOW,LOW RISK — all evidence signals nominal. No immediate engineering concern.,,UNREVIEWED,PENDING,,,,11.466642,11.845812,16.116493477915974,LOW,5.719875,5.7169,6.513500979492291,LOW,122.796936,122.473434,125.21807686650718,LOW
LOT_009,LOT_009_CMP_0073,LOW,LOW RISK — all evidence signals nominal. No immediate engineering concern.,,UNREVIEWED,PENDING,,,,9.364529,9.534065,14.898171394445335,LOW,4.206368,4.275234,5.353798430594055,LOW,118.710435,118.727257,121.21635510879817,LOW
LOT_009,LOT_009_CMP_0074,LOW,LOW RISK — all evidence signals nominal. No immediate engineering concern.,,UNREVIEWED,PENDING,,,,10.201684,10.580749,15.584300457568684,LOW,5.383046,5.196589,5.375213352288273,LOW,120.063871,121.602283,123.12469904452446,LOW
LOT_009,LOT_009_CMP_0075,LOW,LOW RISK — all evidence signals nominal. No immediate engineering concern.,,UNREVIEWED,PENDING,,,,10.378608,10.727926,15.584300457568684,LOW,5.208819,5.21674,6.062949259675593,LOW,130.663538,132.469792,133.91489771940746,LOW
LOT_009,LOT_009_CMP_0076,LOW,LOW RISK — all evidence signals nominal. No immediate engineering concern.,,UNREVIEWED,PENDING,,,,8.590686,8.59437,12.680733883278377,LOW,5.547638,5.688644,6.980792794050155,LOW,114.534352,115.888906,117.48004245988369,LOW
LOT_009,LOT_009_CMP_0077,MEDIUM,MEDIUM RISK — high prediction uncertainty present. Engineering review recommended.,"[MEDIUM] Iddq predicted drift from 0h to 168h is 20.42 [uA] (40.8% of spec range), exceeding moderate-drift threshold of 20% of spec range. | [MEDIUM] Module B 168h prediction interval width (20 [uA]) is high relative to spec range, indicating insufficient prediction confidence.",UNREVIEWED,PENDING,,,,10.300908,11.179326,30.716396384223827,MEDIUM,4.527045,4.72367,6.2304390748140115,LOW,127.48412,128.23414,130.33020958794125,LOW
LOT_009,LOT_009_CMP_0078,LOW,LOW RISK — all evidence signals nominal. No immediate engineering concern.,,UNREVIEWED,PENDING,,,,10.148741,10.564032,15.584300457568684,LOW,5.036443,5.284375,6.953854889012443,LOW,120.875465,120.032924,123.09423605114571,LOW
LOT_009,LOT_009_CMP_0079,HIGH,HIGH RISK — observed measurement currently breaches reference limits. Immediate engineering review required.,"[HIGH] Observed measurement of propagation_delay breaches reference limit (spec_min=80.0, spec_max=180.0). value_0h=197, value_24h=198.1 [ps]. | [HIGH] Module B predicts propagation_delay at 200.6 [ps] by 168h, crossing spec_max=180. | [HIGH] Module B 168h prediction upper bound (204 [ps]) crosses spec_max=180. Also population anomalous. | [MEDIUM] propagation_delay population anomaly score 12.933 >= strong threshold 6.0.",UNREVIEWED,PENDING,,,,11.076493,11.021915,12.936493503322856,LOW,6.022672,6.001649,6.729296993987464,LOW,197.004865,198.133752,200.60910418440568,HIGH
LOT_009,LOT_009_CMP_0080,LOW,LOW RISK — all evidence signals nominal. No immediate engineering concern.,,UNREVIEWED,PENDING,,,,8.570492,8.881821,16.38812951532896,LOW,4.756537,4.754075,5.57584537909094,LOW,111.12879,111.188357,113.58201615757692,LOW
LOT_009,LOT_009_CMP_0081,LOW,LOW RISK — all evidence signals nominal. No immediate engineering concern.,,UNREVIEWED,PENDING,,,,10.434366,10.691362,16.81002226694097,LOW,5.06049,5.234061,6.649186184230736,LOW,120.566567,120.69525,123.12902347214165,LOW
LOT_009,LOT_009_CMP_0082,MEDIUM,MEDIUM RISK — high prediction uncertainty present. Engineering review recommended.,"[MEDIUM] Module B 168h prediction interval width (19.59 [uA]) is high relative to spec range, indicating insufficient prediction confidence.",UNREVIEWED,PENDING,,,,12.127293,13.000145,17.44258329874679,MEDIUM,5.436741,5.398582,6.08199430130371,LOW,120.43198,121.769126,123.42431149776867,LOW
LOT_009,LOT_009_CMP_0083,MEDIUM,MEDIUM RISK — high prediction uncertainty present. Engineering review recommended.,"[MEDIUM] Module B 168h prediction interval width (23.22 [uA]) is high relative to spec range, indicating insufficient prediction confidence.",UNREVIEWED,PENDING,,,,13.181423,13.354226,18.100846071665753,MEDIUM,5.437768,5.705363,7.432190180264291,LOW,124.606923,125.110409,127.33928573850582,LOW
LOT_009,LOT_009_CMP_0084,HIGH,HIGH RISK — observed measurement currently breaches reference limits. Immediate engineering review required.,"[MEDIUM] Iddq population anomaly score 3.677 >= anomaly threshold 3.5 (moderate). | [MEDIUM] Module B 168h prediction interval width (28.31 [uA]) is high relative to spec range, indicating insufficient prediction confidence. | [HIGH] Observed measurement of leakage_current breaches reference limit (spec_min=0.0, spec_max=30.0). value_0h=32.95, value_24h=33.08 [nA]. | [HIGH] Module B predicts leakage_current at 33.66 [nA] by 168h, crossing spec_max=30. | [HIGH] Module B 168h prediction upper bound (37.21 [nA]) crosses spec_max=30. Also population anomalous. | [MEDIUM] leakage_current population anomaly score 50.639 >= strong threshold 6.0.",UNREVIEWED,PENDING,,,,15.022982,15.196476,18.252635678513194,MEDIUM,32.947345,33.077124,33.664873230264185,HIGH,129.224879,129.605485,131.95479135565967,LOW
LOT_009,LOT_009_CMP_0085,MEDIUM,MEDIUM RISK — high prediction uncertainty present. Engineering review recommended.,"[MEDIUM] Module B 168h prediction interval width (20.05 [uA]) is high relative to spec range, indicating insufficient prediction confidence.",UNREVIEWED,PENDING,,,,8.320613,8.795024,13.179619151310133,MEDIUM,4.476853,4.597137,5.844599014438883,LOW,117.710626,118.378351,120.43977559789546,LOW
LOT_009,LOT_009_CMP_0086,MEDIUM,MEDIUM RISK — high prediction uncertainty present. Engineering review recommended.,"[MEDIUM] Iddq predicted drift from 0h to 168h is 10.88 [uA] (21.8% of spec range), exceeding moderate-drift threshold of 20% of spec range. | [MEDIUM] Module B 168h prediction interval width (23 [uA]) is high relative to spec range, indicating insufficient prediction confidence.",UNREVIEWED,PENDING,,,,10.903058,11.134692,21.78301318679546,MEDIUM,4.9128,4.983852,6.052703219306836,LOW,125.982986,127.047437,128.92778673387383,LOW
LOT_009,LOT_009_CMP_0087,MEDIUM,MEDIUM RISK — high prediction uncertainty present. Engineering review recommended.,"[MEDIUM] Module B 168h prediction interval width (20.74 [uA]) is high relative to spec range, indicating insufficient prediction confidence.",UNREVIEWED,PENDING,,,,9.562022,10.278861,11.830270405507486,MEDIUM,5.116813,5.12442,5.97179433989655,LOW,115.375483,116.892418,118.38663544803632,LOW
LOT_009,LOT_009_CMP_0088,MEDIUM,MEDIUM RISK — high prediction uncertainty present. Engineering review recommended.,"[MEDIUM] Iddq predicted drift from 0h to 168h is 11.52 [uA] (23.0% of spec range), exceeding moderate-drift threshold of 20% of spec range. | [MEDIUM] Module B 168h prediction interval width (25.85 [uA]) is high relative to spec range, indicating insufficient prediction confidence.",UNREVIEWED,PENDING,,,,10.894113,11.156232,22.418038350094545,MEDIUM,4.843337,5.164283,7.0876305323573225,LOW,118.070904,116.611152,120.04437177591562,LOW
LOT_009,LOT_009_CMP_0089,LOW,LOW RISK — all evidence signals nominal. No immediate engineering concern.,,UNREVIEWED,PENDING,,,,9.086312,9.36904,16.294302318923076,LOW,4.863538,4.818498,5.492362201015411,LOW,118.404892,118.186506,120.82417098166938,LOW
LOT_009,LOT_009_CMP_0090,LOW,LOW RISK — all evidence signals nominal. No immediate engineering concern.,,UNREVIEWED,PENDING,,,,7.716661,7.88819,13.016385553401959,LOW,4.332935,4.374624,5.35736525273344,LOW,115.432592,115.890277,118.06640215137335,LOW
LOT_009,LOT_009_CMP_0091,LOW,LOW RISK — all evidence signals nominal. No immediate engineering concern.,,UNREVIEWED,PENDING,,,,9.849538,10.13183,17.243221612715065,LOW,5.062445,5.038415,5.779144139976791,LOW,117.420515,117.684564,120.00306611026852,LOW
LOT_009,LOT_009_CMP_0092,LOW,LOW RISK — all evidence signals nominal. No immediate engineering concern.,,UNREVIEWED,PENDING,,,,11.21381,11.63319,15.954707262047762,LOW,5.336612,5.435063,6.587115327153275,LOW,116.088832,118.185227,119.3130811304243,LOW
LOT_009,LOT_009_CMP_0093,LOW,LOW RISK — all evidence signals nominal. No immediate engineering concern.,,UNREVIEWED,PENDING,,,,10.746817,10.591339,11.56615796121668,LOW,4.742256,4.903006,6.282113495702548,LOW,126.714442,127.93735,129.7223221209928,LOW
LOT_009,LOT_009_CMP_0094,MEDIUM,MEDIUM RISK — high prediction uncertainty present. Engineering review recommended.,"[MEDIUM] Module B 168h prediction interval width (19.16 [uA]) is high relative to spec range, indicating insufficient prediction confidence.",UNREVIEWED,PENDING,,,,11.011716,11.522506,18.50898587947579,MEDIUM,5.446299,5.536152,6.656195639448557,LOW,118.249425,120.259151,121.46211955590766,LOW
LOT_009,LOT_009_CMP_0095,LOW,LOW RISK — all evidence signals nominal. No immediate engineering concern.,,UNREVIEWED,PENDING,,,,10.550037,10.842842,17.70866311661078,LOW,5.679796,5.98321,7.826392193458469,LOW,128.076061,128.344461,130.75565242292458,LOW
LOT_009,LOT_009_CMP_0096,LOW,LOW RISK — all evidence signals nominal. No immediate engineering concern.,,UNREVIEWED,PENDING,,,,10.861241,11.161954,18.193165858670376,LOW,5.395166,5.515011,6.738650708361788,LOW,120.110257,121.006584,122.9424571282418,LOW
LOT_009,LOT_009_CMP_0097,LOW,LOW RISK — all evidence signals nominal. No immediate engineering concern.,,UNREVIEWED,PENDING,,,,10.927525,11.333816,16.377423298882697,LOW,5.077201,5.369255,7.188318227900154,LOW,125.088168,124.856989,127.56277475344122,LOW
LOT_009,LOT_009_CMP_0098,LOW,LOW RISK — all evidence signals nominal. No immediate engineering concern.,,UNREVIEWED,PENDING,,,,9.886974,10.319175,16.23521880982374,LOW,4.914068,5.222281,7.100455440833094,LOW,122.371433,122.19452,124.84105178728575,LOW
LOT_009,LOT_009_CMP_0099,LOW,LOW RISK — all evidence signals nominal. No immediate engineering concern.,,UNREVIEWED,PENDING,,,,10.415987,10.717298,17.70866311661078,LOW,4.360209,4.391008,5.335922163514144,LOW,114.761569,115.210606,117.38628096816863,LOW
LOT_009,LOT_009_CMP_0100,MEDIUM,MEDIUM RISK — high prediction uncertainty present. Engineering review recommended.,"[MEDIUM] Iddq predicted drift from 0h to 168h is 13.13 [uA] (26.3% of spec range), exceeding moderate-drift threshold of 20% of spec range. | [MEDIUM] Module B 168h prediction interval width (19.49 [uA]) is high relative to spec range, indicating insufficient prediction confidence.",UNREVIEWED,PENDING,,,,12.379469,13.131185,25.504819625568782,MEDIUM,5.928428,5.89458,6.580751469665246,LOW,126.804721,125.646912,128.96416434662635,LOW
LOT_010,LOT_010_CMP_0001,LOW,LOW RISK — all evidence signals nominal. No immediate engineering concern.,,UNREVIEWED,PENDING,,,,11.363722,11.799731,19.719646919239878,LOW,5.33868,5.242963,5.732332258282301,LOW,121.30261,121.589488,123.92809350479206,LOW
LOT_010,LOT_010_CMP_0002,LOW,LOW RISK — all evidence signals nominal. No immediate engineering concern.,,UNREVIEWED,PENDING,,,,12.07114,12.457833,15.284286784722516,LOW,6.267428,6.268995,7.067785376880523,LOW,114.495965,116.252277,117.58462597114863,LOW
LOT_010,LOT_010_CMP_0003,LOW,LOW RISK — all evidence signals nominal. No immediate engineering concern.,,UNREVIEWED,PENDING,,,,10.964567,11.266803,18.359322340589287,LOW,5.387804,5.524744,6.8069024027922636,LOW,109.279338,110.566897,112.1540380086505,LOW
LOT_010,LOT_010_CMP_0004,LOW,LOW RISK — all evidence signals nominal. No immediate engineering concern.,,UNREVIEWED,PENDING,,,,14.824756,14.803176,15.57120879055915,LOW,5.892438,6.046019,7.372700145815458,LOW,132.647575,132.594861,135.2535861212464,LOW
LOT_010,LOT_010_CMP_0005,MEDIUM,MEDIUM RISK — high prediction uncertainty present. Engineering review recommended.,"[MEDIUM] Module B 168h prediction interval width (18.11 [uA]) is high relative to spec range, indicating insufficient prediction confidence.",UNREVIEWED,PENDING,,,,10.395013,10.859455,16.658993515369758,MEDIUM,4.956454,4.970263,5.84270108557454,LOW,119.964911,117.41235,121.56552647543022,LOW
LOT_010,LOT_010_CMP_0006,MEDIUM,MEDIUM RISK — high prediction uncertainty present. Engineering review recommended.,"[MEDIUM] Module B 168h prediction interval width (19.43 [uA]) is high relative to spec range, indicating insufficient prediction confidence.",UNREVIEWED,PENDING,,,,12.38311,12.923121,22.175848916264805,MEDIUM,6.651347,6.552217,6.998027923908335,LOW,123.787048,125.176992,126.82827950803198,LOW
LOT_010,LOT_010_CMP_0007,MEDIUM,MEDIUM RISK — population outlier present. Engineering review recommended.,[MEDIUM] Iddq population anomaly score 4.740 >= anomaly threshold 3.5 (moderate). | [MEDIUM] leakage_current population anomaly score 3.682 >= anomaly threshold 3.5 (moderate).,UNREVIEWED,PENDING,,,,17.10004,17.083675,15.57120879055915,MEDIUM,7.881353,7.948218,8.93061497112037,MEDIUM,136.111907,136.954851,139.06846104101527,LOW
LOT_010,LOT_010_CMP_0008,LOW,LOW RISK — all evidence signals nominal. No immediate engineering concern.,,UNREVIEWED,PENDING,,,,9.903964,10.300682,15.380907211055726,LOW,5.619626,5.615899,6.412370693793275,LOW,114.979042,116.304584,117.91836837188887,LOW
LOT_010,LOT_010_CMP_0009,LOW,LOW RISK — all evidence signals nominal. No immediate engineering concern.,,UNREVIEWED,PENDING,,,,10.475596,10.683518,16.54066292726388,LOW,4.805783,4.931127,6.187860892451554,LOW,124.658488,126.48919,127.86475533207779,LOW
LOT_010,LOT_010_CMP_0010,LOW,LOW RISK — all evidence signals nominal. No immediate engineering concern.,,UNREVIEWED,PENDING,,,,12.667809,12.77785,14.467373032944657,LOW,5.349528,5.455274,6.631907823404852,LOW,131.302939,130.907614,133.774684666046,LOW
LOT_010,LOT_010_CMP_0011,MEDIUM,MEDIUM RISK — high prediction uncertainty present. Engineering review recommended.,"[MEDIUM] Module B 168h prediction interval width (17.78 [uA]) is high relative to spec range, indicating insufficient prediction confidence.",UNREVIEWED,PENDING,,,,11.404817,11.876001,19.216697011360775,MEDIUM,5.178465,5.231443,6.232155181143945,LOW,117.144247,117.859949,119.88543535277347,LOW
LOT_010,LOT_010_CMP_0012,LOW,LOW RISK — all evidence signals nominal. No immediate engineering concern.,,UNREVIEWED,PENDING,,,,11.771915,11.945803,16.603782047106005,LOW,5.482544,5.623922,6.9189227418456625,LOW,124.02099,126.596221,127.48713174835753,LOW
LOT_010,LOT_010_CMP_0013,LOW,LOW RISK — all evidence signals nominal. No immediate engineering concern.,,UNREVIEWED,PENDING,,,,8.794196,8.787987,14.894355443633014,LOW,4.684782,4.656684,5.392711334861997,LOW,118.040311,117.185317,120.22923298757316,LOW
LOT_010,LOT_010_CMP_0014,LOW,LOW RISK — all evidence signals nominal. No immediate engineering concern.,,UNREVIEWED,PENDING,,,,11.906737,12.134142,17.076988267381143,LOW,5.445377,5.601699,6.948602324606969,LOW,121.666045,122.176062,124.37438318765041,LOW
LOT_010,LOT_010_CMP_0015,LOW,LOW RISK — all evidence signals nominal. No immediate engineering concern.,,UNREVIEWED,PENDING,,,,11.410109,11.78829,16.116493477915974,LOW,5.49193,5.431998,6.039764428932549,LOW,130.074929,131.699808,133.25631416172214,LOW
LOT_010,LOT_010_CMP_0016,LOW,LOW RISK — all evidence signals nominal. No immediate engineering concern.,,UNREVIEWED,PENDING,,,,11.070614,11.284726,17.56308986356302,LOW,5.021796,5.183642,6.559694187765134,LOW,117.498482,118.364104,120.29632401922126,LOW
LOT_010,LOT_010_CMP_0017,LOW,LOW RISK — all evidence signals nominal. No immediate engineering concern.,,UNREVIEWED,PENDING,,,,11.575238,11.862986,18.098392519622564,LOW,5.617196,5.583861,6.279349206805791,LOW,128.306536,127.895452,130.7458082800659,LOW
LOT_010,LOT_010_CMP_0018,LOW,LOW RISK — all evidence signals nominal. No immediate engineering concern.,,UNREVIEWED,PENDING,,,,10.533187,10.535254,11.898067060143449,LOW,5.670996,5.73711,6.770677712260111,LOW,122.32904,121.782801,124.6665334714005,LOW
LOT_010,LOT_010_CMP_0019,LOW,LOW RISK — all evidence signals nominal. No immediate engineering concern.,,UNREVIEWED,PENDING,,,,10.15762,10.43699,17.320895897409883,LOW,4.510943,4.567204,5.595347426506777,LOW,119.101531,119.281919,121.66930288075092,LOW
LOT_010,LOT_010_CMP_0020,MEDIUM,MEDIUM RISK — high prediction uncertainty present. Engineering review recommended.,"[MEDIUM] Module B 168h prediction interval width (17.68 [uA]) is high relative to spec range, indicating insufficient prediction confidence.",UNREVIEWED,PENDING,,,,10.670046,11.143454,15.939317197242099,MEDIUM,5.527124,5.455542,6.022695169909422,LOW,127.413305,127.357429,129.9712819765724,LOW
LOT_010,LOT_010_CMP_0021,MEDIUM,MEDIUM RISK — high prediction uncertainty present. Engineering review recommended.,"[MEDIUM] Module B 168h prediction interval width (20.68 [uA]) is high relative to spec range, indicating insufficient prediction confidence.",UNREVIEWED,PENDING,,,,13.486321,13.567744,17.550844586750443,MEDIUM,6.826545,6.979835,8.282814964725262,LOW,130.945222,131.837642,133.87312449856128,LOW
LOT_010,LOT_010_CMP_0022,MEDIUM,MEDIUM RISK — high prediction uncertainty present. Engineering review recommended.,"[MEDIUM] Module B 168h prediction interval width (24.32 [uA]) is high relative to spec range, indicating insufficient prediction confidence.",UNREVIEWED,PENDING,,,,14.157753,14.56759,18.30505127462347,MEDIUM,6.090409,6.15041,7.152920105820277,LOW,126.071716,123.677174,127.78342508094937,LOW
LOT_010,LOT_010_CMP_0023,LOW,LOW RISK — all evidence signals nominal. No immediate engineering concern.,,UNREVIEWED,PENDING,,,,12.370856,12.388873,13.334857160909594,LOW,5.426133,5.455842,6.3711237886575685,LOW,128.872513,130.210409,131.94075072848813,LOW
LOT_010,LOT_010_CMP_0024,MEDIUM,MEDIUM RISK — high prediction uncertainty present. Engineering review recommended.,"[MEDIUM] Module B 168h prediction interval width (20.47 [uA]) is high relative to spec range, indicating insufficient prediction confidence.",UNREVIEWED,PENDING,,,,9.882578,10.44865,18.667661551234442,MEDIUM,5.522,5.692131,7.084297289327096,LOW,125.120401,125.888185,127.95164518810634,LOW
LOT_010,LOT_010_CMP_0025,MEDIUM,MEDIUM RISK — high prediction uncertainty present. Engineering review recommended.,"[MEDIUM] Iddq predicted drift from 0h to 168h is 10.95 [uA] (21.9% of spec range), exceeding moderate-drift threshold of 20% of spec range. | [MEDIUM] Module B 168h prediction interval width (30.65 [uA]) is high relative to spec range, indicating insufficient prediction confidence.",UNREVIEWED,PENDING,,,,13.788051,14.282025,24.736352959541108,MEDIUM,5.711232,5.774083,6.795537010017961,LOW,130.469536,131.92718,133.59480156047653,LOW
LOT_010,LOT_010_CMP_0026,MEDIUM,MEDIUM RISK — population outlier present. Engineering review recommended.,[MEDIUM] propagation_delay population anomaly score 4.046 >= anomaly threshold 3.5 (moderate).,UNREVIEWED,PENDING,,,,10.329821,10.737906,15.584300457568684,LOW,5.222114,5.301936,6.393196995363517,LOW,99.188839,99.642483,101.67564146224812,MEDIUM
LOT_010,LOT_010_CMP_0027,MEDIUM,MEDIUM RISK — high prediction uncertainty present. Engineering review recommended.,"[MEDIUM] Module B 168h prediction interval width (19.5 [uA]) is high relative to spec range, indicating insufficient prediction confidence.",UNREVIEWED,PENDING,,,,10.690498,11.388923,13.308792904453432,MEDIUM,4.945044,4.891411,5.533968655322302,LOW,122.816314,120.49711,124.5257246957569,LOW
LOT_010,LOT_010_CMP_0028,MEDIUM,MEDIUM RISK — high prediction uncertainty present. Engineering review recommended.,"[MEDIUM] Iddq predicted drift from 0h to 168h is 12.13 [uA] (24.3% of spec range), exceeding moderate-drift threshold of 20% of spec range. | [MEDIUM] Module B 168h prediction interval width (19.51 [uA]) is high relative to spec range, indicating insufficient prediction confidence.",UNREVIEWED,PENDING,,,,12.244768,12.92142,24.370755845041067,MEDIUM,4.961964,5.000502,5.95719824362104,LOW,123.498953,123.838902,126.16305014225509,LOW
LOT_010,LOT_010_CMP_0029,LOW,LOW RISK — all evidence signals nominal. No immediate engineering concern.,,UNREVIEWED,PENDING,,,,8.40437,8.562898,12.195957630451803,LOW,4.69696,4.723993,5.6478686204016535,LOW,115.419117,116.45266,118.25822559901385,LOW
LOT_010,LOT_010_CMP_0030,LOW,LOW RISK — all evidence signals nominal. No immediate engineering concern.,,UNREVIEWED,PENDING,,,,10.834156,11.117292,17.780863600332047,LOW,4.761742,4.871507,6.0761454215719715,LOW,123.447549,122.78285,125.75280896460025,LOW
LOT_010,LOT_010_CMP_0031,MEDIUM,MEDIUM RISK — high prediction uncertainty present. Engineering review recommended.,"[MEDIUM] Iddq predicted drift from 0h to 168h is 18.98 [uA] (38.0% of spec range), exceeding moderate-drift threshold of 20% of spec range. | [MEDIUM] Module B 168h prediction interval width (20.11 [uA]) is high relative to spec range, indicating insufficient prediction confidence.",UNREVIEWED,PENDING,,,,10.172332,10.757108,29.156157343954884,MEDIUM,5.204584,5.320162,6.5338728511521085,LOW,121.098312,121.499604,123.76277830643973,LOW
LOT_010,LOT_010_CMP_0032,LOW,LOW RISK — all evidence signals nominal. No immediate engineering concern.,,UNREVIEWED,PENDING,,,,11.268601,11.552464,17.936606303754346,LOW,5.940889,5.909999,6.605962243931105,LOW,124.982271,124.457735,127.35128290280528,LOW
LOT_010,LOT_010_CMP_0033,MEDIUM,"MEDIUM RISK — population outlier, high prediction uncertainty present. Engineering review recommended.","[MEDIUM] Iddq population anomaly score 5.182 >= anomaly threshold 3.5 (moderate). | [MEDIUM] Module B 168h prediction interval width (25.37 [uA]) is high relative to spec range, indicating insufficient prediction confidence.",UNREVIEWED,PENDING,,,,4.312753,4.854522,8.63669447894494,MEDIUM,6.30803,6.519671,8.034389191163589,LOW,118.568282,122.179536,122.35512861568678,LOW
LOT_010,LOT_010_CMP_0034,MEDIUM,MEDIUM RISK — high prediction uncertainty present. Engineering review recommended.,"[MEDIUM] Module B 168h prediction interval width (19.39 [uA]) is high relative to spec range, indicating insufficient prediction confidence.",UNREVIEWED,PENDING,,,,10.85815,11.456746,18.515210275197784,MEDIUM,5.346912,5.412692,6.4529983428645705,LOW,127.451592,129.023157,130.590450392838,LOW
LOT_010,LOT_010_CMP_0035,LOW,LOW RISK — all evidence signals nominal. No immediate engineering concern.,,UNREVIEWED,PENDING,,,,10.867738,11.101881,16.58681406652063,LOW,5.736406,5.827947,6.946698753473366,LOW,123.763259,125.41868,126.89897788338331,LOW
LOT_010,LOT_010_CMP_0036,LOW,LOW RISK — all evidence signals nominal. No immediate engineering concern.,,UNREVIEWED,PENDING,,,,12.7851,13.081657,18.240321616386975,LOW,5.939748,5.911407,6.616096896936425,LOW,127.156425,125.686015,129.2075095344801,LOW
LOT_010,LOT_010_CMP_0037,LOW,LOW RISK — all evidence signals nominal. No immediate engineering concern.,,UNREVIEWED,PENDING,,,,11.398372,11.834246,16.970805076683988,LOW,5.209775,5.297989,6.418189146725863,LOW,124.517057,123.935048,126.86139826827699,LOW
LOT_010,LOT_010_CMP_0038,LOW,LOW RISK — all evidence signals nominal. No immediate engineering concern.,,UNREVIEWED,PENDING,,,,11.512967,11.508385,13.314034441114668,LOW,4.44547,4.600359,5.96667964393992,LOW,125.42006,125.536044,128.02148042323802,LOW
LOT_010,LOT_010_CMP_0039,LOW,LOW RISK — all evidence signals nominal. No immediate engineering concern.,,UNREVIEWED,PENDING,,,,11.539169,11.55013,13.314034441114668,LOW,6.131159,6.11154,6.841342080175439,LOW,126.732311,126.47028,129.21064603880586,LOW
LOT_010,LOT_010_CMP_0040,MEDIUM,MEDIUM RISK — high prediction uncertainty present. Engineering review recommended.,"[MEDIUM] Module B 168h prediction interval width (24.32 [uA]) is high relative to spec range, indicating insufficient prediction confidence.",UNREVIEWED,PENDING,,,,13.574947,13.988213,18.30505127462347,MEDIUM,5.649199,5.546366,6.003901943544712,LOW,125.059431,125.000178,127.5951094155595,LOW
LOT_010,LOT_010_CMP_0041,LOW,LOW RISK — all evidence signals nominal. No immediate engineering concern.,,UNREVIEWED,PENDING,,,,11.235098,11.425969,17.56308986356302,LOW,5.996548,6.248738,7.909408968589428,LOW,125.173855,129.081363,129.1255758448593,LOW
LOT_010,LOT_010_CMP_0042,LOW,LOW RISK — all evidence signals nominal. No immediate engineering concern.,,UNREVIEWED,PENDING,,,,10.434491,10.57652,13.734489194114383,LOW,5.348147,5.453066,6.62691111101712,LOW,121.587789,121.521977,124.09001704992971,LOW
LOT_010,LOT_010_CMP_0043,HIGH,HIGH RISK — observed measurement currently breaches reference limits. Immediate engineering review required.,"[MEDIUM] Module B 168h prediction interval width (22.15 [uA]) is high relative to spec range, indicating insufficient prediction confidence. | [HIGH] Observed measurement of propagation_delay breaches reference limit (spec_min=80.0, spec_max=180.0). value_0h=204.9, value_24h=205.8 [ps]. | [HIGH] Module B predicts propagation_delay at 208.5 [ps] by 168h, crossing spec_max=180. | [HIGH] Module B 168h prediction upper bound (211.9 [ps]) crosses spec_max=180. Also population anomalous. | [MEDIUM] propagation_delay population anomaly score 14.478 >= strong threshold 6.0.",UNREVIEWED,PENDING,,,,8.045181,8.606456,14.62713934340243,MEDIUM,4.269763,4.474412,6.014818912205464,LOW,204.887975,205.813295,208.49024149072056,HIGH
LOT_010,LOT_010_CMP_0044,HIGH,HIGH RISK — Module B predicts parameter(s) will cross specification boundary by 168h. Elevated engineering attention required.,"[HIGH] Module B predicts Iddq at 118.8 [uA] by 168h, crossing spec_max=50. | [HIGH] Module B 168h prediction upper bound (182.9 [uA]) crosses spec_max=50. Also population anomalous. | [MEDIUM] Iddq population anomaly score 6.156 >= strong threshold 6.0. | [HIGH] Iddq predicted drift from 0h to 168h is 110 [uA] (220.0% of spec range), exceeding high-drift threshold of 60% of spec range. | [MEDIUM] Module B 168h prediction interval width (172.9 [uA]) is high relative to spec range, indicating insufficient prediction confidence. | [MEDIUM] leakage_current population anomaly score 3.882 >= anomaly threshold 3.5 (moderate).",UNREVIEWED,PENDING,,,,8.850957,10.504682,118.8496890238366,HIGH,4.93173,5.448747,8.039072824677676,MEDIUM,122.225154,124.487316,125.56352510347482,LOW
LOT_010,LOT_010_CMP_0045,LOW,LOW RISK — all evidence signals nominal. No immediate engineering concern.,,UNREVIEWED,PENDING,,,,10.484841,10.697925,16.54066292726388,LOW,6.139324,6.057104,6.573070555258273,LOW,116.723615,117.875091,119.61648256380693,LOW
LOT_010,LOT_010_CMP_0046,MEDIUM,MEDIUM RISK — high prediction uncertainty present. Engineering review recommended.,"[MEDIUM] Iddq predicted drift from 0h to 168h is 13.41 [uA] (26.8% of spec range), exceeding moderate-drift threshold of 20% of spec range. | [MEDIUM] Module B 168h prediction interval width (19.54 [uA]) is high relative to spec range, indicating insufficient prediction confidence.",UNREVIEWED,PENDING,,,,10.644597,11.536401,24.057961600959466,MEDIUM,6.015023,6.257187,7.883193336094235,LOW,134.849888,131.735215,136.38337742871514,LOW
LOT_010,LOT_010_CMP_0047,MEDIUM,MEDIUM RISK — high prediction uncertainty present. Engineering review recommended.,"[MEDIUM] Module B 168h prediction interval width (18.18 [uA]) is high relative to spec range, indicating insufficient prediction confidence.",UNREVIEWED,PENDING,,,,10.135908,10.636143,16.077255390420717,MEDIUM,5.035361,4.980087,5.614848849776814,LOW,108.138298,108.419347,110.6437319959019,LOW
LOT_010,LOT_010_CMP_0048,LOW,LOW RISK — all evidence signals nominal. No immediate engineering concern.,,UNREVIEWED,PENDING,,,,11.605669,11.703106,14.446550313149734,LOW,5.111638,5.307101,6.7956931183832605,LOW,123.447191,125.218325,126.62135445066491,LOW
LOT_010,LOT_010_CMP_0049,LOW,LOW RISK — all evidence signals nominal. No immediate engineering concern.,,UNREVIEWED,PENDING,,,,10.300165,10.679096,15.584300457568684,LOW,5.364803,5.399736,6.334336545818295,LOW,114.959477,117.152539,118.20808847599389,LOW
LOT_010,LOT_010_CMP_0050,LOW,LOW RISK — all evidence signals nominal. No immediate engineering concern.,,UNREVIEWED,PENDING,,,,9.708022,9.946139,13.918645133434252,LOW,4.975232,5.061251,6.179662047218679,LOW,126.992305,128.015089,129.93128721947355,LOW
LOT_010,LOT_010_CMP_0051,LOW,LOW RISK — all evidence signals nominal. No immediate engineering concern.,,UNREVIEWED,PENDING,,,,12.004203,12.209787,17.15836507650793,LOW,6.086735,6.197472,7.373217034327663,LOW,123.703769,122.759598,125.91163221272627,LOW
LOT_010,LOT_010_CMP_0052,MEDIUM,MEDIUM RISK — high prediction uncertainty present. Engineering review recommended.,"[MEDIUM] Iddq predicted drift from 0h to 168h is 13.38 [uA] (26.8% of spec range), exceeding moderate-drift threshold of 20% of spec range. | [MEDIUM] Module B 168h prediction interval width (32.16 [uA]) is high relative to spec range, indicating insufficient prediction confidence.",UNREVIEWED,PENDING,,,,12.630629,13.143379,26.006622991059707,MEDIUM,6.11065,6.32889,7.870926748429583,LOW,119.901274,119.763214,122.3626163762738,LOW
LOT_010,LOT_010_CMP_0053,MEDIUM,MEDIUM RISK — high prediction uncertainty present. Engineering review recommended.,"[MEDIUM] Module B 168h prediction interval width (21.01 [uA]) is high relative to spec range, indicating insufficient prediction confidence.",UNREVIEWED,PENDING,,,,9.462962,10.092866,14.192219735335192,MEDIUM,4.131538,4.354989,5.96292132002799,LOW,114.935583,117.269944,118.2343843204976,LOW
LOT_010,LOT_010_CMP_0054,MEDIUM,MEDIUM RISK — high prediction uncertainty present. Engineering review recommended.,"[MEDIUM] Iddq predicted drift from 0h to 168h is 10.82 [uA] (21.6% of spec range), exceeding moderate-drift threshold of 20% of spec range. | [MEDIUM] Module B 168h prediction interval width (25.87 [uA]) is high relative to spec range, indicating insufficient prediction confidence.",UNREVIEWED,PENDING,,,,11.315235,11.970312,22.130424362274987,MEDIUM,5.692779,5.865924,7.264224471314001,LOW,118.573417,118.809028,121.1561553244889,LOW
LOT_010,LOT_010_CMP_0055,MEDIUM,MEDIUM RISK — high prediction uncertainty present. Engineering review recommended.,"[MEDIUM] Module B 168h prediction interval width (22.01 [uA]) is high relative to spec range, indicating insufficient prediction confidence.",UNREVIEWED,PENDING,,,,8.333955,8.874994,12.541591904555657,MEDIUM,4.534875,4.626017,5.772616250310138,LOW,115.34285,115.611878,117.90855849853868,LOW
LOT_010,LOT_010_CMP_0056,MEDIUM,MEDIUM RISK — high prediction uncertainty present. Engineering review recommended.,"[MEDIUM] Module B 168h prediction interval width (21.59 [uA]) is high relative to spec range, indicating insufficient prediction confidence.",UNREVIEWED,PENDING,,,,8.741086,9.555928,15.118619046009114,MEDIUM,4.970422,5.024821,6.03544011045358,LOW,114.344297,118.018466,118.11573389136436,LOW
LOT_010,LOT_010_CMP_0057,LOW,LOW RISK — all evidence signals nominal. No immediate engineering concern.,,UNREVIEWED,PENDING,,,,10.240694,10.301395,12.6263878484435,LOW,5.292779,5.328705,6.268445234375112,LOW,115.431585,115.358292,117.8759764515379,LOW
LOT_010,LOT_010_CMP_0058,MEDIUM,MEDIUM RISK — high prediction uncertainty present. Engineering review recommended.,"[MEDIUM] Iddq predicted drift from 0h to 168h is 13.65 [uA] (27.3% of spec range), exceeding moderate-drift threshold of 20% of spec range. | [MEDIUM] Module B 168h prediction interval width (19.49 [uA]) is high relative to spec range, indicating insufficient prediction confidence.",UNREVIEWED,PENDING,,,,12.504773,13.116813,26.155710809897897,MEDIUM,6.191703,6.378644,7.811896956193072,LOW,124.725943,125.412457,127.52466179373005,LOW
LOT_010,LOT_010_CMP_0059,LOW,LOW RISK — all evidence signals nominal. No immediate engineering concern.,,UNREVIEWED,PENDING,,,,10.107851,10.349332,15.71454410526015,LOW,3.608192,3.7674,5.16881418276309,LOW,122.097999,121.075126,124.2633978632383,LOW
LOT_010,LOT_010_CMP_0060,LOW,LOW RISK — all evidence signals nominal. No immediate engineering concern.,,UNREVIEWED,PENDING,,,,10.170281,10.083737,11.636018802760693,LOW,4.788892,4.834681,5.820329940523766,LOW,114.056005,114.07283,116.52021613570388,LOW
LOT_010,LOT_010_CMP_0061,MEDIUM,MEDIUM RISK — high prediction uncertainty present. Engineering review recommended.,"[MEDIUM] Iddq predicted drift from 0h to 168h is 10.43 [uA] (20.9% of spec range), exceeding moderate-drift threshold of 20% of spec range. | [MEDIUM] Module B 168h prediction interval width (18.11 [uA]) is high relative to spec range, indicating insufficient prediction confidence.",UNREVIEWED,PENDING,,,,11.017928,11.473214,21.44537130286472,MEDIUM,5.529949,5.461281,6.038310037009888,LOW,111.895989,111.344556,114.13813530381842,LOW
LOT_010,LOT_010_CMP_0062,MEDIUM,MEDIUM RISK — high prediction uncertainty present. Engineering review recommended.,"[MEDIUM] Module B 168h prediction interval width (19.43 [uA]) is high relative to spec range, indicating insufficient prediction confidence.",UNREVIEWED,PENDING,,,,10.8067,11.368816,17.508993258962473,MEDIUM,5.236988,5.337315,6.498191364627888,LOW,123.232764,122.921993,125.66235186325046,LOW
LOT_010,LOT_010_CMP_0063,MEDIUM,MEDIUM RISK — high prediction uncertainty present. Engineering review recommended.,"[MEDIUM] Module B 168h prediction interval width (18.48 [uA]) is high relative to spec range, indicating insufficient prediction confidence.",UNREVIEWED,PENDING,,,,10.083759,10.539292,19.612020866422643,MEDIUM,4.349533,4.432831,5.557166860986836,LOW,121.270273,122.336409,124.17344246609606,LOW
LOT_010,LOT_010_CMP_0064,MEDIUM,MEDIUM RISK — high prediction uncertainty present. Engineering review recommended.,"[MEDIUM] Module B 168h prediction interval width (24.32 [uA]) is high relative to spec range, indicating insufficient prediction confidence.",UNREVIEWED,PENDING,,,,13.730384,14.067636,22.113526530812926,MEDIUM,6.196845,6.211353,7.056022707485848,LOW,128.910118,128.588664,131.3867718774693,LOW
LOT_010,LOT_010_CMP_0065,LOW,LOW RISK — all evidence signals nominal. No immediate engineering concern.,,UNREVIEWED,PENDING,,,,10.710942,10.868707,13.014812875986719,LOW,6.134237,6.151596,7.007517248671811,LOW,123.545579,124.637472,126.47832631066377,LOW
LOT_010,LOT_010_CMP_0066,MEDIUM,MEDIUM RISK — high prediction uncertainty present. Engineering review recommended.,"[MEDIUM] Module B 168h prediction interval width (19.9 [uA]) is high relative to spec range, indicating insufficient prediction confidence.",UNREVIEWED,PENDING,,,,11.141941,11.682719,16.55248939579309,MEDIUM,4.724901,4.745615,5.647246666031712,LOW,127.504299,128.710993,130.51347348362398,LOW
LOT_010,LOT_010_CMP_0067,MEDIUM,MEDIUM RISK — high prediction uncertainty present. Engineering review recommended.,"[MEDIUM] Module B 168h prediction interval width (20.07 [uA]) is high relative to spec range, indicating insufficient prediction confidence.",UNREVIEWED,PENDING,,,,10.329594,10.916002,20.066639953345586,MEDIUM,5.158791,5.482138,7.406010701320945,LOW,126.179951,125.643275,128.55536518711475,LOW
LOT_010,LOT_010_CMP_0068,LOW,LOW RISK — all evidence signals nominal. No immediate engineering concern.,,UNREVIEWED,PENDING,,,,11.726419,12.032277,18.04695762109695,LOW,5.553126,5.718518,7.093754938478093,LOW,134.293998,137.180614,137.9632767065603,LOW
LOT_010,LOT_010_CMP_0069,LOW,LOW RISK — all evidence signals nominal. No immediate engineering concern.,,UNREVIEWED,PENDING,,,,12.715208,12.959125,18.200052968449334,LOW,5.977046,5.960731,6.705555046064063,LOW,139.155192,139.705998,142.034806997658,LOW
LOT_010,LOT_010_CMP_0070,MEDIUM,MEDIUM RISK — high prediction uncertainty present. Engineering review recommended.,"[MEDIUM] Module B 168h prediction interval width (32.63 [uA]) is high relative to spec range, indicating insufficient prediction confidence.",UNREVIEWED,PENDING,,,,13.035067,13.909744,22.048098574489572,MEDIUM,5.524908,5.588103,6.615260497743488,LOW,113.619662,115.758613,116.83696451080755,LOW
LOT_010,LOT_010_CMP_0071,LOW,LOW RISK — all evidence signals nominal. No immediate engineering concern.,,UNREVIEWED,PENDING,,,,9.822367,10.155518,19.722922220092354,LOW,4.47434,4.449747,5.202851603978653,LOW,106.830744,106.860093,109.23467448157754,LOW
LOT_010,LOT_010_CMP_0072,LOW,LOW RISK — all evidence signals nominal. No immediate engineering concern.,,UNREVIEWED,PENDING,,,,12.603018,12.984261,16.400673822156243,LOW,5.14055,5.265527,6.512870271640965,LOW,121.619448,122.917073,124.608322959374,LOW
LOT_010,LOT_010_CMP_0073,LOW,LOW RISK — all evidence signals nominal. No immediate engineering concern.,,UNREVIEWED,PENDING,,,,12.061625,12.021541,13.754112411847228,LOW,6.214046,6.297527,7.377161168331152,LOW,125.587418,125.253295,128.02977668533867,LOW
LOT_010,LOT_010_CMP_0074,LOW,LOW RISK — all evidence signals nominal. No immediate engineering concern.,,UNREVIEWED,PENDING,,,,12.491672,12.767015,17.779025489616515,LOW,5.312909,5.35983,6.336603266009516,LOW,123.159577,122.579326,125.49238050647034,LOW
LOT_010,LOT_010_CMP_0075,LOW,LOW RISK — all evidence signals nominal. No immediate engineering concern.,,UNREVIEWED,PENDING,,,,11.050517,11.326434,18.595297396543607,LOW,5.186845,5.2375,6.230080813581696,LOW,124.16442,125.43185,127.16533026571373,LOW
LOT_010,LOT_010_CMP_0076,LOW,LOW RISK — all evidence signals nominal. No immediate engineering concern.,,UNREVIEWED,PENDING,,,,10.818894,11.166598,15.798964558625462,LOW,6.325872,6.231746,6.702546242998859,LOW,119.210251,118.151403,121.33693875310796,LOW
LOT_010,LOT_010_CMP_0077,LOW,LOW RISK — all evidence signals nominal. No immediate engineering concern.,,UNREVIEWED,PENDING,,,,12.396016,12.507117,14.467373032944657,LOW,5.57453,5.41427,5.677641303010824,LOW,119.06579,118.880589,121.50282923289642,LOW
LOT_010,LOT_010_CMP_0078,LOW,LOW RISK — all evidence signals nominal. No immediate engineering concern.,,UNREVIEWED,PENDING,,,,12.22414,12.518968,17.543050433662195,LOW,5.950328,5.984833,6.903738837919204,LOW,119.686855,121.088592,122.69554996576825,LOW
LOT_010,LOT_010_CMP_0079,MEDIUM,MEDIUM RISK — high prediction uncertainty present. Engineering review recommended.,"[MEDIUM] Module B 168h prediction interval width (19.53 [uA]) is high relative to spec range, indicating insufficient prediction confidence.",UNREVIEWED,PENDING,,,,13.356897,13.483669,16.885259708479264,MEDIUM,6.387147,6.448792,7.449698862767867,LOW,123.054094,124.737259,126.19335459547344,LOW
LOT_010,LOT_010_CMP_0080,LOW,LOW RISK — all evidence signals nominal. No immediate engineering concern.,,UNREVIEWED,PENDING,,,,11.380155,11.557481,16.914495740682927,LOW,5.814838,5.912622,7.050772422322854,LOW,127.411388,125.517465,129.31368242869942,LOW
LOT_010,LOT_010_CMP_0081,MEDIUM,MEDIUM RISK — elevated predicted drift present. Engineering review recommended.,"[MEDIUM] Iddq predicted drift from 0h to 168h is 11.19 [uA] (22.4% of spec range), exceeding moderate-drift threshold of 20% of spec range.",UNREVIEWED,PENDING,,,,10.840258,11.216131,22.0256648091159,MEDIUM,4.747514,4.798238,5.8017344017733,LOW,116.881624,117.075799,119.43442056317657,LOW
LOT_010,LOT_010_CMP_0082,LOW,LOW RISK — all evidence signals nominal. No immediate engineering concern.,,UNREVIEWED,PENDING,,,,7.701895,8.000096,13.787924969212238,LOW,4.069831,4.329048,6.060538243132624,LOW,113.776064,113.347177,116.07877276628292,LOW
LOT_010,LOT_010_CMP_0083,LOW,LOW RISK — all evidence signals nominal. No immediate engineering concern.,,UNREVIEWED,PENDING,,,,8.872321,8.688709,14.894355443633014,LOW,4.997284,4.861023,5.22032797398214,LOW,119.727893,121.633685,122.91676146580357,LOW
LOT_010,LOT_010_CMP_0084,LOW,LOW RISK — all evidence signals nominal. No immediate engineering concern.,,UNREVIEWED,PENDING,,,,10.380289,10.73964,15.584300457568684,LOW,6.128172,6.13381,6.9498786936481975,LOW,120.514308,120.84205,123.14730418810979,LOW
LOT_010,LOT_010_CMP_0085,LOW,LOW RISK — all evidence signals nominal. No immediate engineering concern.,,UNREVIEWED,PENDING,,,,9.345101,9.693396,13.12405338311233,LOW,4.510967,4.926608,7.181198940543248,LOW,123.105786,123.879726,125.9211724480758,LOW
LOT_010,LOT_010_CMP_0086,HIGH,HIGH RISK — Module B predicts parameter(s) will cross specification boundary by 168h. Elevated engineering attention required.,"[HIGH] Module B predicts Iddq at 111.8 [uA] by 168h, crossing spec_max=50. | [HIGH] Module B 168h prediction upper bound (194.6 [uA]) crosses spec_max=50. Also population anomalous. | [MEDIUM] Iddq population anomaly score 5.732 >= anomaly threshold 3.5 (moderate). | [HIGH] Iddq predicted drift from 0h to 168h is 99.63 [uA] (199.3% of spec range), exceeding high-drift threshold of 60% of spec range. | [MEDIUM] Module B 168h prediction interval width (181.5 [uA]) is high relative to spec range, indicating insufficient prediction confidence. | [MEDIUM] leakage_current population anomaly score 3.731 >= anomaly threshold 3.5 (moderate).",UNREVIEWED,PENDING,,,,12.162372,13.725291,111.79229134325928,HIGH,5.449507,5.948792,8.466017092854718,MEDIUM,117.800262,117.902262,120.32841028528956,LOW
LOT_010,LOT_010_CMP_0087,LOW,LOW RISK — all evidence signals nominal. No immediate engineering concern.,,UNREVIEWED,PENDING,,,,9.195315,9.528868,18.062741799212766,LOW,5.131966,5.3124,6.749208813222504,LOW,110.414747,113.09185,113.79529787392025,LOW
LOT_010,LOT_010_CMP_0088,LOW,LOW RISK — all evidence signals nominal. No immediate engineering concern.,,UNREVIEWED,PENDING,,,,10.372786,10.576301,16.54066292726388,LOW,5.503611,5.474582,6.187526442167858,LOW,121.852139,122.361122,124.56177599686579,LOW
LOT_010,LOT_010_CMP_0089,MEDIUM,MEDIUM RISK — high prediction uncertainty present. Engineering review recommended.,"[MEDIUM] Module B 168h prediction interval width (18.11 [uA]) is high relative to spec range, indicating insufficient prediction confidence.",UNREVIEWED,PENDING,,,,10.286327,10.759958,16.658993515369758,MEDIUM,5.689433,5.599471,6.099953431289996,LOW,120.637502,123.458455,124.16097666276559,LOW
LOT_010,LOT_010_CMP_0090,HIGH,HIGH RISK — observed measurement currently breaches reference limits. Immediate engineering review required.,"[MEDIUM] Module B 168h prediction interval width (17.47 [uA]) is high relative to spec range, indicating insufficient prediction confidence. | [HIGH] Observed measurement of propagation_delay breaches reference limit (spec_min=80.0, spec_max=180.0). value_0h=77.99, value_24h=75.97 [ps]. | [HIGH] Module B predicts propagation_delay at 79.4 [ps] by 168h, crossing spec_min=80. | [MEDIUM] propagation_delay population anomaly score 8.086 >= strong threshold 6.0.",UNREVIEWED,PENDING,,,,12.55897,13.060284,21.214920625508384,MEDIUM,5.531433,5.539002,6.376167267818777,LOW,77.991502,75.968647,79.40493439257193,HIGH
LOT_010,LOT_010_CMP_0091,LOW,LOW RISK — all evidence signals nominal. No immediate engineering concern.,,UNREVIEWED,PENDING,,,,10.205712,10.401131,16.152895708062996,LOW,4.942704,4.971173,5.893975201845754,LOW,124.891348,127.489677,128.3735288274589,LOW
LOT_010,LOT_010_CMP_0092,MEDIUM,MEDIUM RISK — high prediction uncertainty present. Engineering review recommended.,"[MEDIUM] Module B 168h prediction interval width (19.63 [uA]) is high relative to spec range, indicating insufficient prediction confidence.",UNREVIEWED,PENDING,,,,8.911571,9.382599,16.347236654124735,MEDIUM,4.361556,4.579127,6.161401049941406,LOW,121.742113,122.105958,124.39899060412135,LOW
LOT_010,LOT_010_CMP_0093,MEDIUM,"MEDIUM RISK — population outlier, high prediction uncertainty present. Engineering review recommended.","[MEDIUM] Iddq population anomaly score 3.953 >= anomaly threshold 3.5 (moderate). | [MEDIUM] Module B 168h prediction interval width (29.7 [uA]) is high relative to spec range, indicating insufficient prediction confidence. | [MEDIUM] leakage_current population anomaly score 3.530 >= anomaly threshold 3.5 (moderate).",UNREVIEWED,PENDING,,,,16.086333,16.516071,19.159362873391483,MEDIUM,7.861365,7.827074,8.46474405696407,MEDIUM,117.644349,118.8052,120.54881183262397,LOW
LOT_010,LOT_010_CMP_0094,LOW,LOW RISK — all evidence signals nominal. No immediate engineering concern.,,UNREVIEWED,PENDING,,,,12.149965,12.468607,18.36855327958595,LOW,5.646444,5.616129,6.321212476002178,LOW,130.7967,130.512726,133.30363003560308,LOW
LOT_010,LOT_010_CMP_0095,MEDIUM,MEDIUM RISK — high prediction uncertainty present. Engineering review recommended.,"[MEDIUM] Module B 168h prediction interval width (20.54 [uA]) is high relative to spec range, indicating insufficient prediction confidence.",UNREVIEWED,PENDING,,,,12.207674,12.398695,16.74681795663593,MEDIUM,5.802634,5.685767,6.091679428507795,LOW,109.100021,110.124159,111.87914693965992,LOW
LOT_010,LOT_010_CMP_0096,LOW,LOW RISK — all evidence signals nominal. No immediate engineering concern.,,UNREVIEWED,PENDING,,,,10.944058,11.077285,14.385148418092891,LOW,4.806583,4.990803,6.448442254407915,LOW,125.985495,124.981933,128.19261972240758,LOW
LOT_010,LOT_010_CMP_0097,MEDIUM,MEDIUM RISK — high prediction uncertainty present. Engineering review recommended.,"[MEDIUM] Module B 168h prediction interval width (19.74 [uA]) is high relative to spec range, indicating insufficient prediction confidence.",UNREVIEWED,PENDING,,,,8.658315,9.165262,14.03306767977356,MEDIUM,5.649285,5.790715,7.081839736170417,LOW,113.765928,113.353936,116.07457269295253,LOW
LOT_010,LOT_010_CMP_0098,MEDIUM,MEDIUM RISK — high prediction uncertainty present. Engineering review recommended.,"[MEDIUM] Module B 168h prediction interval width (17.74 [uA]) is high relative to spec range, indicating insufficient prediction confidence.",UNREVIEWED,PENDING,,,,10.615995,11.109805,15.35757907229306,MEDIUM,5.266135,5.397086,6.661763643257458,LOW,125.703284,125.942,128.35102327165873,LOW
LOT_010,LOT_010_CMP_0099,LOW,LOW RISK — all evidence signals nominal. No immediate engineering concern.,,UNREVIEWED,PENDING,,,,11.05798,11.414718,16.377423298882697,LOW,5.733087,6.007945,7.752379268798941,LOW,117.174814,116.478898,119.41272601913673,LOW
LOT_010,LOT_010_CMP_0100,LOW,LOW RISK — all evidence signals nominal. No immediate engineering concern.,,UNREVIEWED,PENDING,,,,11.64125,11.803226,16.73986888212874,LOW,5.522095,5.567538,6.534182027803561,LOW,120.397707,120.49189,122.94634346789789,LOW
LOT_011,LOT_011_CMP_0001,MEDIUM,MEDIUM RISK — high prediction uncertainty present. Engineering review recommended.,"[MEDIUM] Iddq predicted drift from 0h to 168h is 15.12 [uA] (30.2% of spec range), exceeding moderate-drift threshold of 20% of spec range. | [MEDIUM] Module B 168h prediction interval width (22.26 [uA]) is high relative to spec range, indicating insufficient prediction confidence.",UNREVIEWED,PENDING,,,,7.752277,8.594852,22.868167223736908,MEDIUM,3.823499,3.759763,4.395107072705446,LOW,109.814956,109.463318,112.10972398152711,LOW
LOT_011,LOT_011_CMP_0002,LOW,LOW RISK — all evidence signals nominal. No immediate engineering concern.,,UNREVIEWED,PENDING,,,,10.630283,10.713747,13.094869260113612,LOW,5.785606,5.721946,6.3098507185487165,LOW,117.062238,117.382945,119.66178941629775,LOW
LOT_011,LOT_011_CMP_0003,MEDIUM,MEDIUM RISK — high prediction uncertainty present. Engineering review recommended.,"[MEDIUM] Iddq predicted drift from 0h to 168h is 22.79 [uA] (45.6% of spec range), exceeding moderate-drift threshold of 20% of spec range. | [MEDIUM] Module B 168h prediction interval width (21.66 [uA]) is high relative to spec range, indicating insufficient prediction confidence.",UNREVIEWED,PENDING,,,,7.08091,6.844389,29.872072961686325,MEDIUM,4.724035,4.733495,5.596741444059621,LOW,113.51783,112.964148,115.77370795209258,LOW
LOT_011,LOT_011_CMP_0004,MEDIUM,MEDIUM RISK — high prediction uncertainty present. Engineering review recommended.,"[MEDIUM] Module B 168h prediction interval width (18.55 [uA]) is high relative to spec range, indicating insufficient prediction confidence.",UNREVIEWED,PENDING,,,,9.772556,10.278382,19.696056505105084,MEDIUM,5.431045,5.700679,7.434628065788496,LOW,124.013223,125.842166,127.21308040944413,LOW
LOT_011,LOT_011_CMP_0005,HIGH,HIGH RISK — Module B predicts parameter(s) will cross specification boundary by 168h. Elevated engineering attention required.,"[HIGH] Module B predicts Iddq at 50.28 [uA] by 168h, crossing spec_max=50. | [MEDIUM] Module B 168h prediction upper bound (50.28 [uA]) crosses spec_max=50.  | [HIGH] Iddq predicted drift from 0h to 168h is 37.45 [uA] (74.9% of spec range), exceeding high-drift threshold of 60% of spec range. | [MEDIUM] Module B 168h prediction interval width (36.67 [uA]) is high relative to spec range, indicating insufficient prediction confidence.",UNREVIEWED,PENDING,,,,12.829966,13.58339,50.27716548202217,HIGH,5.622621,5.804424,7.23397697177368,LOW,120.503748,121.241606,123.28294552048533,LOW
LOT_011,LOT_011_CMP_0006,MEDIUM,MEDIUM RISK — high prediction uncertainty present. Engineering review recommended.,"[MEDIUM] Module B 168h prediction interval width (19.34 [uA]) is high relative to spec range, indicating insufficient prediction confidence.",UNREVIEWED,PENDING,,,,10.953997,11.499461,17.697760612165673,MEDIUM,4.744032,4.835719,5.979093563998971,LOW,109.94531,111.388553,112.88151338938313,LOW
LOT_011,LOT_011_CMP_0007,MEDIUM,MEDIUM RISK — high prediction uncertainty present. Engineering review recommended.,"[MEDIUM] Module B 168h prediction interval width (21.59 [uA]) is high relative to spec range, indicating insufficient prediction confidence.",UNREVIEWED,PENDING,,,,8.893474,9.560889,17.66070145002463,MEDIUM,4.135871,4.435547,6.303505339665254,LOW,118.763809,120.062108,121.72733396600263,LOW
LOT_011,LOT_011_CMP_0008,MEDIUM,MEDIUM RISK — high prediction uncertainty present. Engineering review recommended.,"[MEDIUM] Module B 168h prediction interval width (18.51 [uA]) is high relative to spec range, indicating insufficient prediction confidence.",UNREVIEWED,PENDING,,,,9.865474,10.325052,19.262345601313605,MEDIUM,4.316207,4.440522,5.7056458138717225,LOW,121.098192,122.387712,124.07950459097516,LOW
LOT_011,LOT_011_CMP_0009,HIGH,HIGH RISK — observed measurement currently breaches reference limits. Immediate engineering review required.,"[MEDIUM] Module B 168h prediction interval width (17.28 [uA]) is high relative to spec range, indicating insufficient prediction confidence. | [HIGH] Observed measurement of propagation_delay breaches reference limit (spec_min=80.0, spec_max=180.0). value_0h=190.4, value_24h=190.3 [ps]. | [HIGH] Module B predicts propagation_delay at 193.5 [ps] by 168h, crossing spec_max=180. | [HIGH] Module B 168h prediction upper bound (196.9 [ps]) crosses spec_max=180. Also population anomalous. | [MEDIUM] propagation_delay population anomaly score 12.610 >= strong threshold 6.0.",UNREVIEWED,PENDING,,,,7.131559,7.540594,12.894800478410605,MEDIUM,4.084498,4.274672,5.770184185452312,LOW,190.417081,190.322813,193.52596263449107,HIGH
LOT_011,LOT_011_CMP_0010,MEDIUM,MEDIUM RISK — high prediction uncertainty present. Engineering review recommended.,"[MEDIUM] Module B 168h prediction interval width (18.13 [uA]) is high relative to spec range, indicating insufficient prediction confidence.",UNREVIEWED,PENDING,,,,6.469556,6.756819,14.516834380564688,MEDIUM,4.284806,4.355524,5.4385018859785035,LOW,108.069393,109.783859,111.08553587533423,LOW
LOT_011,LOT_011_CMP_0011,MEDIUM,MEDIUM RISK — high prediction uncertainty present. Engineering review recommended.,"[MEDIUM] Module B 168h prediction interval width (21.59 [uA]) is high relative to spec range, indicating insufficient prediction confidence.",UNREVIEWED,PENDING,,,,8.858734,9.404729,16.408213265665143,MEDIUM,5.071943,5.258979,6.719777467097755,LOW,118.420206,118.803189,121.05414166368507,LOW
LOT_011,LOT_011_CMP_0012,LOW,LOW RISK — all evidence signals nominal. No immediate engineering concern.,,UNREVIEWED,PENDING,,,,9.201186,9.627072,18.69711137299412,LOW,4.470815,4.735876,6.477562031492001,LOW,112.489836,112.47925,114.93023411379524,LOW
LOT_011,LOT_011_CMP_0013,LOW,LOW RISK — all evidence signals nominal. No immediate engineering concern.,,UNREVIEWED,PENDING,,,,10.367786,10.760687,15.584300457568684,LOW,5.05148,5.194548,6.505795310190363,LOW,106.132757,107.110279,108.8686634161194,LOW
LOT_011,LOT_011_CMP_0014,LOW,LOW RISK — all evidence signals nominal. No immediate engineering concern.,,UNREVIEWED,PENDING,,,,7.94641,8.294427,12.406793428512927,LOW,4.211793,4.38188,5.805747194559984,LOW,115.522856,115.445587,117.96664705147062,LOW
LOT_011,LOT_011_CMP_0015,LOW,LOW RISK — all evidence signals nominal. No immediate engineering concern.,,UNREVIEWED,PENDING,,,,9.244584,9.505834,15.223029482978,LOW,4.566226,4.553523,5.344970597544311,LOW,118.244638,118.67468,120.89378715075796,LOW
LOT_011,LOT_011_CMP_0016,HIGH,HIGH RISK — Module B predicts parameter(s) will cross specification boundary by 168h. Elevated engineering attention required.,"[HIGH] Module B predicts Iddq at 182.6 [uA] by 168h, crossing spec_max=50. | [HIGH] Module B 168h prediction upper bound (182.9 [uA]) crosses spec_max=50. Also population anomalous. | [MEDIUM] Iddq population anomaly score 3.619 >= anomaly threshold 3.5 (moderate). | [HIGH] Iddq predicted drift from 0h to 168h is 173.4 [uA] (346.7% of spec range), exceeding high-drift threshold of 60% of spec range. | [MEDIUM] Module B 168h prediction interval width (172.7 [uA]) is high relative to spec range, indicating insufficient prediction confidence.",UNREVIEWED,PENDING,,,,9.225948,10.278687,182.5803508466849,HIGH,4.855681,5.302427,7.654789300005074,LOW,121.601231,121.583305,124.1206613306852,LOW
LOT_011,LOT_011_CMP_0017,LOW,LOW RISK — all evidence signals nominal. No immediate engineering concern.,,UNREVIEWED,PENDING,,,,8.792549,9.207599,14.775213098536463,LOW,4.643994,4.801121,6.1702531085763015,LOW,108.192943,110.002867,111.24424468648613,LOW
LOT_011,LOT_011_CMP_0018,LOW,LOW RISK — all evidence signals nominal. No immediate engineering concern.,,UNREVIEWED,PENDING,,,,8.582024,8.874569,15.285762062172125,LOW,4.445643,4.758533,6.664055921287439,LOW,113.942385,115.069832,116.8017573594906,LOW
LOT_011,LOT_011_CMP_0019,LOW,LOW RISK — all evidence signals nominal. No immediate engineering concern.,,UNREVIEWED,PENDING,,,,7.393182,7.803614,10.734512647722863,LOW,4.444856,4.570537,5.837195081152267,LOW,113.314177,113.590662,115.86436587041618,LOW
LOT_011,LOT_011_CMP_0020,MEDIUM,MEDIUM RISK — high prediction uncertainty present. Engineering review recommended.,"[MEDIUM] Module B 168h prediction interval width (20.53 [uA]) is high relative to spec range, indicating insufficient prediction confidence.",UNREVIEWED,PENDING,,,,9.013318,9.540253,15.240009931198928,MEDIUM,4.921596,4.949743,5.871959454005656,LOW,113.984769,115.853035,117.10878502047802,LOW
LOT_011,LOT_011_CMP_0021,MEDIUM,MEDIUM RISK — high prediction uncertainty present. Engineering review recommended.,"[MEDIUM] Module B 168h prediction interval width (20.59 [uA]) is high relative to spec range, indicating insufficient prediction confidence.",UNREVIEWED,PENDING,,,,4.13091,4.483156,7.956714458122856,MEDIUM,3.02347,3.157045,4.4851965772755165,LOW,96.38111,95.468737,98.35546784423622,LOW
LOT_011,LOT_011_CMP_0022,LOW,LOW RISK — all evidence signals nominal. No immediate engineering concern.,,UNREVIEWED,PENDING,,,,8.122819,8.412929,14.843848245988633,LOW,4.032695,4.023537,4.840052650312783,LOW,111.648807,112.992324,114.56470193759438,LOW
LOT_011,LOT_011_CMP_0023,LOW,LOW RISK — all evidence signals nominal. No immediate engineering concern.,,UNREVIEWED,PENDING,,,,9.832817,10.083535,15.636869820565327,LOW,5.130793,5.346574,6.904039246041045,LOW,115.920681,116.526239,118.61161412952029,LOW
LOT_011,LOT_011_CMP_0024,LOW,LOW RISK — all evidence signals nominal. No immediate engineering concern.,,UNREVIEWED,PENDING,,,,10.458547,10.453066,11.898067060143449,LOW,5.203989,5.084293,5.495103991775899,LOW,119.258406,121.365668,122.51493529793443,LOW
LOT_011,LOT_011_CMP_0025,HIGH,HIGH RISK — Module B predicts parameter(s) will cross specification boundary by 168h. Elevated engineering attention required.,"[HIGH] Module B predicts Iddq at 106.4 [uA] by 168h, crossing spec_max=50. | [HIGH] Module B 168h prediction upper bound (173.1 [uA]) crosses spec_max=50. Also population anomalous. | [MEDIUM] Iddq population anomaly score 7.175 >= strong threshold 6.0. | [HIGH] Iddq predicted drift from 0h to 168h is 96.85 [uA] (193.7% of spec range), exceeding high-drift threshold of 60% of spec range. | [MEDIUM] Module B 168h prediction interval width (162.4 [uA]) is high relative to spec range, indicating insufficient prediction confidence.",UNREVIEWED,PENDING,,,,9.575353,11.310916,106.42829123825075,HIGH,4.632771,5.111953,7.580427842927401,LOW,121.976529,122.940018,124.84941139958458,LOW
LOT_011,LOT_011_CMP_0026,LOW,LOW RISK — all evidence signals nominal. No immediate engineering concern.,,UNREVIEWED,PENDING,,,,7.647291,7.656583,9.118942219401172,LOW,4.235343,4.537395,6.411043702713228,LOW,106.945882,106.922584,109.33206411627616,LOW
LOT_011,LOT_011_CMP_0027,LOW,LOW RISK — all evidence signals nominal. No immediate engineering concern.,,UNREVIEWED,PENDING,,,,9.278843,9.404674,12.654288821763387,LOW,4.647647,4.769015,6.016024363892646,LOW,112.769631,114.326122,115.77154181571197,LOW
LOT_011,LOT_011_CMP_0028,MEDIUM,MEDIUM RISK — high prediction uncertainty present. Engineering review recommended.,"[MEDIUM] Module B 168h prediction interval width (22.97 [uA]) is high relative to spec range, indicating insufficient prediction confidence.",UNREVIEWED,PENDING,,,,7.37292,7.940179,14.166192208252983,MEDIUM,4.623435,4.833928,6.385680852788896,LOW,110.375738,110.691575,112.91363203422002,LOW
LOT_011,LOT_011_CMP_0029,LOW,LOW RISK — all evidence signals nominal. No immediate engineering concern.,,UNREVIEWED,PENDING,,,,9.064535,9.300674,14.446734296765,LOW,4.243356,4.165305,4.741589890481161,LOW,111.379323,110.719883,113.57831117648601,LOW
LOT_011,LOT_011_CMP_0030,LOW,LOW RISK — all evidence signals nominal. No immediate engineering concern.,,UNREVIEWED,PENDING,,,,7.509962,7.715733,12.79605538031898,LOW,4.706092,4.870184,6.261575809374659,LOW,104.648705,103.470178,106.60220971997269,LOW
LOT_011,LOT_011_CMP_0031,LOW,LOW RISK — all evidence signals nominal. No immediate engineering concern.,,UNREVIEWED,PENDING,,,,10.911181,10.97766,13.664814291622903,LOW,5.033978,5.144994,6.347283638526543,LOW,115.525753,116.841827,118.46660123761608,LOW
LOT_011,LOT_011_CMP_0032,MEDIUM,"MEDIUM RISK — population outlier, high prediction uncertainty present. Engineering review recommended.","[MEDIUM] Iddq population anomaly score 5.091 >= anomaly threshold 3.5 (moderate). | [MEDIUM] Module B 168h prediction interval width (28.31 [uA]) is high relative to spec range, indicating insufficient prediction confidence. | [MEDIUM] leakage_current population anomaly score 5.353 >= anomaly threshold 3.5 (moderate). | [MEDIUM] propagation_delay population anomaly score 5.556 >= anomaly threshold 3.5 (moderate).",UNREVIEWED,PENDING,,,,17.021946,17.195787,18.252635678513194,MEDIUM,7.282743,7.457768,8.8238323643536,MEDIUM,147.525998,146.224046,149.81971378565532,MEDIUM
LOT_011,LOT_011_CMP_0033,LOW,LOW RISK — all evidence signals nominal. No immediate engineering concern.,,UNREVIEWED,PENDING,,,,10.629811,10.832087,15.820986609136222,LOW,4.785103,4.773827,5.564823600242099,LOW,114.314322,114.430713,116.81636504264867,LOW
LOT_011,LOT_011_CMP_0034,LOW,LOW RISK — all evidence signals nominal. No immediate engineering concern.,,UNREVIEWED,PENDING,,,,10.312531,10.72671,15.584300457568684,LOW,4.435533,4.68288,6.3649715629802515,LOW,115.50132,115.550846,117.99014818174624,LOW
LOT_011,LOT_011_CMP_0035,MEDIUM,MEDIUM RISK — high prediction uncertainty present. Engineering review recommended.,"[MEDIUM] Module B 168h prediction interval width (20.02 [uA]) is high relative to spec range, indicating insufficient prediction confidence.",UNREVIEWED,PENDING,,,,8.402425,8.890462,12.900719137848856,MEDIUM,3.809632,3.97318,5.3845082080347675,LOW,114.270536,115.807839,117.27905225774943,LOW
LOT_011,LOT_011_CMP_0036,LOW,LOW RISK — all evidence signals nominal. No immediate engineering concern.,,UNREVIEWED,PENDING,,,,8.45746,8.387708,11.033162651562648,LOW,4.775549,4.890424,6.112165556973308,LOW,120.118464,122.386493,123.44004915417169,LOW
LOT_011,LOT_011_CMP_0037,LOW,LOW RISK — all evidence signals nominal. No immediate engineering concern.,,UNREVIEWED,PENDING,,,,11.273219,11.586477,19.03897375691119,LOW,6.05999,6.022153,6.691513033199799,LOW,115.36545,115.767494,117.97881029338201,LOW
LOT_011,LOT_011_CMP_0038,LOW,LOW RISK — all evidence signals nominal. No immediate engineering concern.,,UNREVIEWED,PENDING,,,,8.567151,8.844648,15.285762062172125,LOW,3.84487,3.989644,5.336045963723637,LOW,107.136947,108.06834,109.86539726093378,LOW
LOT_011,LOT_011_CMP_0039,LOW,LOW RISK — all evidence signals nominal. No immediate engineering concern.,,UNREVIEWED,PENDING,,,,9.807513,9.852281,11.820392775448628,LOW,4.810568,4.896012,6.016463730717277,LOW,120.277486,121.963552,123.39289923979075,LOW
LOT_011,LOT_011_CMP_0040,MEDIUM,MEDIUM RISK — high prediction uncertainty present. Engineering review recommended.,"[MEDIUM] Module B 168h prediction interval width (20.34 [uA]) is high relative to spec range, indicating insufficient prediction confidence.",UNREVIEWED,PENDING,,,,9.956304,10.625019,17.15499031417494,MEDIUM,5.320362,5.337845,6.213974679015621,LOW,125.000176,125.998685,127.91264668400635,LOW
LOT_011,LOT_011_CMP_0041,MEDIUM,MEDIUM RISK — high prediction uncertainty present. Engineering review recommended.,"[MEDIUM] Module B 168h prediction interval width (19.72 [uA]) is high relative to spec range, indicating insufficient prediction confidence.",UNREVIEWED,PENDING,,,,8.810979,9.299508,15.838087232855733,MEDIUM,4.59261,4.689065,5.852392271913897,LOW,107.03151,108.491848,109.94769986858759,LOW
LOT_011,LOT_011_CMP_0042,LOW,LOW RISK — all evidence signals nominal. No immediate engineering concern.,,UNREVIEWED,PENDING,,,,10.959314,11.199945,16.752970548439542,LOW,5.492456,5.551358,6.5646537789568065,LOW,119.998797,121.638872,123.09530696557304,LOW
LOT_011,LOT_011_CMP_0043,LOW,LOW RISK — all evidence signals nominal. No immediate engineering concern.,,UNREVIEWED,PENDING,,,,9.386367,9.587299,14.677841221362357,LOW,4.712312,4.762811,5.766395308062703,LOW,119.053572,119.542215,121.7308743639219,LOW
LOT_011,LOT_011_CMP_0044,LOW,LOW RISK — all evidence signals nominal. No immediate engineering concern.,,UNREVIEWED,PENDING,,,,8.894835,9.157603,16.877323656286514,LOW,4.312463,4.464277,5.823337053288418,LOW,101.199407,102.730456,104.08855719031452,LOW
LOT_011,LOT_011_CMP_0045,LOW,LOW RISK — all evidence signals nominal. No immediate engineering concern.,,UNREVIEWED,PENDING,,,,11.169317,11.491343,19.46168979374613,LOW,5.144148,4.984766,5.261596197711526,LOW,119.965761,119.672477,122.37230999532092,LOW
LOT_011,LOT_011_CMP_0046,HIGH,HIGH RISK — one or more strong evidence signals present. Engineering review recommended.,"[MEDIUM] Iddq population anomaly score 5.713 >= anomaly threshold 3.5 (moderate). | [MEDIUM] Iddq predicted drift from 0h to 168h is 10.09 [uA] (20.2% of spec range), exceeding moderate-drift threshold of 20% of spec range. | [MEDIUM] Module B 168h prediction interval width (21.18 [uA]) is high relative to spec range, indicating insufficient prediction confidence. | [HIGH] Combined: population anomaly (score=5.713) co-occurring with elevated predicted drift — escalated to HIGH. | [MEDIUM] propagation_delay population anomaly score 4.771 >= anomaly threshold 3.5 (moderate).",UNREVIEWED,PENDING,,,,0.153259,0.315042,10.239088460424057,HIGH,3.02971,3.222353,4.751932927229599,LOW,84.742258,85.529999,87.21877796646723,MEDIUM
LOT_011,LOT_011_CMP_0047,LOW,LOW RISK — all evidence signals nominal. No immediate engineering concern.,,UNREVIEWED,PENDING,,,,8.033735,8.194067,13.760938829359604,LOW,3.728177,3.99162,5.745837809640087,LOW,112.195141,110.340551,113.97510790347431,LOW
LOT_011,LOT_011_CMP_0048,MEDIUM,MEDIUM RISK — high prediction uncertainty present. Engineering review recommended.,"[MEDIUM] Module B 168h prediction interval width (21 [uA]) is high relative to spec range, indicating insufficient prediction confidence.",UNREVIEWED,PENDING,,,,7.466773,7.929587,13.037294351533397,MEDIUM,4.622703,4.680413,5.710784516732122,LOW,108.218662,110.285709,111.36191469471582,LOW
LOT_011,LOT_011_CMP_0049,MEDIUM,MEDIUM RISK — high prediction uncertainty present. Engineering review recommended.,"[MEDIUM] Module B 168h prediction interval width (18.4 [uA]) is high relative to spec range, indicating insufficient prediction confidence.",UNREVIEWED,PENDING,,,,5.935279,6.290978,10.52270627479297,MEDIUM,4.255158,4.344723,5.492740363153722,LOW,106.239051,107.190456,108.9665935383188,LOW
LOT_011,LOT_011_CMP_0050,LOW,LOW RISK — all evidence signals nominal. No immediate engineering concern.,,UNREVIEWED,PENDING,,,,9.840186,10.217996,15.380907211055726,LOW,5.406508,5.500011,6.633478230018625,LOW,113.17603,116.844874,116.93509809906156,LOW
LOT_011,LOT_011_CMP_0051,LOW,LOW RISK — all evidence signals nominal. No immediate engineering concern.,,UNREVIEWED,PENDING,,,,7.943504,8.364581,12.406793428512927,LOW,4.530424,4.789167,6.507842642390369,LOW,111.786666,112.411762,114.44752228077341,LOW
LOT_011,LOT_011_CMP_0052,LOW,LOW RISK — all evidence signals nominal. No immediate engineering concern.,,UNREVIEWED,PENDING,,,,10.091057,10.06654,11.820392775448628,LOW,3.993262,4.018569,4.953661200016734,LOW,111.911052,112.595993,114.5943707676822,LOW
LOT_011,LOT_011_CMP_0053,LOW,LOW RISK — all evidence signals nominal. No immediate engineering concern.,,UNREVIEWED,PENDING,,,,9.412358,9.807157,13.12405338311233,LOW,4.24918,4.557523,6.452304481132687,LOW,112.471248,112.835253,115.04510307962173,LOW
LOT_011,LOT_011_CMP_0054,LOW,LOW RISK — all evidence signals nominal. No immediate engineering concern.,,UNREVIEWED,PENDING,,,,9.724078,9.857323,12.654288821763387,LOW,5.319877,5.440279,6.6676498414365675,LOW,122.1951,121.729958,124.56032198645623,LOW
LOT_011,LOT_011_CMP_0055,LOW,LOW RISK — all evidence signals nominal. No immediate engineering concern.,,UNREVIEWED,PENDING,,,,8.220856,8.630013,11.837845003529585,LOW,5.050978,5.095478,6.070356702186305,LOW,108.281444,105.587602,109.72696212391325,LOW
LOT_011,LOT_011_CMP_0056,LOW,LOW RISK — all evidence signals nominal. No immediate engineering concern.,,UNREVIEWED,PENDING,,,,7.932384,7.77061,10.186119872675981,LOW,4.910824,4.930758,5.825207999135242,LOW,104.474552,103.571199,106.52465572802453,LOW
LOT_011,LOT_011_CMP_0057,MEDIUM,MEDIUM RISK — high prediction uncertainty present. Engineering review recommended.,"[MEDIUM] Module B 168h prediction interval width (21.59 [uA]) is high relative to spec range, indicating insufficient prediction confidence.",UNREVIEWED,PENDING,,,,8.754604,9.357697,14.932881416937333,MEDIUM,4.43795,4.462317,5.383390941195818,LOW,120.265949,120.462004,122.84974436349013,LOW
LOT_011,LOT_011_CMP_0058,LOW,LOW RISK — all evidence signals nominal. No immediate engineering concern.,,UNREVIEWED,PENDING,,,,10.119642,10.385809,16.698835931169647,LOW,4.286051,4.315458,5.257424493279117,LOW,114.383249,116.694236,117.66876271603844,LOW
LOT_011,LOT_011_CMP_0059,MEDIUM,MEDIUM RISK — high prediction uncertainty present. Engineering review recommended.,"[MEDIUM] Module B 168h prediction interval width (21.68 [uA]) is high relative to spec range, indicating insufficient prediction confidence.",UNREVIEWED,PENDING,,,,8.673111,9.26105,18.29778706820437,MEDIUM,4.678098,4.598111,5.157220391446118,LOW,112.232327,111.559609,114.43422274791045,LOW
LOT_011,LOT_011_CMP_0060,LOW,LOW RISK — all evidence signals nominal. No immediate engineering concern.,,UNREVIEWED,PENDING,,,,7.92395,8.091674,13.96032879720248,LOW,4.260031,4.375905,5.613588037339525,LOW,110.658931,111.770736,113.48329934096597,LOW
LOT_011,LOT_011_CMP_0061,MEDIUM,MEDIUM RISK — elevated predicted drift present. Engineering review recommended.,"[MEDIUM] Iddq predicted drift from 0h to 168h is 11.95 [uA] (23.9% of spec range), exceeding moderate-drift threshold of 20% of spec range.",UNREVIEWED,PENDING,,,,7.144345,7.455937,19.099114165657397,MEDIUM,4.685974,4.855808,6.267284472017442,LOW,113.169921,113.178061,115.62309351392796,LOW
LOT_011,LOT_011_CMP_0062,HIGH,HIGH RISK — observed measurement currently breaches reference limits. Immediate engineering review required.,"[HIGH] Observed measurement of propagation_delay breaches reference limit (spec_min=80.0, spec_max=180.0). value_0h=191.1, value_24h=190.7 [ps]. | [HIGH] Module B predicts propagation_delay at 194.1 [ps] by 168h, crossing spec_max=180. | [HIGH] Module B 168h prediction upper bound (197.5 [ps]) crosses spec_max=180. Also population anomalous. | [MEDIUM] propagation_delay population anomaly score 12.716 >= strong threshold 6.0.",UNREVIEWED,PENDING,,,,9.122102,9.533934,13.720726790176137,LOW,4.659631,4.835087,6.266389942762616,LOW,191.062071,190.715013,194.08655775526978,HIGH
LOT_011,LOT_011_CMP_0063,LOW,LOW RISK — all evidence signals nominal. No immediate engineering concern.,,UNREVIEWED,PENDING,,,,7.777548,7.846935,10.914440660976032,LOW,4.470457,4.462664,5.273195984192946,LOW,114.610241,116.024547,117.5779261726832,LOW
LOT_011,LOT_011_CMP_0064,MEDIUM,MEDIUM RISK — high prediction uncertainty present. Engineering review recommended.,"[MEDIUM] Module B 168h prediction interval width (21.78 [uA]) is high relative to spec range, indicating insufficient prediction confidence.",UNREVIEWED,PENDING,,,,8.650032,9.222647,16.733692098628367,MEDIUM,4.555223,4.660898,5.856599035937369,LOW,109.650394,108.711207,111.73409768347047,LOW
LOT_011,LOT_011_CMP_0065,LOW,LOW RISK — all evidence signals nominal. No immediate engineering concern.,,UNREVIEWED,PENDING,,,,8.649475,8.865373,14.71385982333483,LOW,4.763408,4.779095,5.66263503229599,LOW,112.599502,112.812075,115.12048781454413,LOW
LOT_011,LOT_011_CMP_0066,LOW,LOW RISK — all evidence signals nominal. No immediate engineering concern.,,UNREVIEWED,PENDING,,,,8.316571,8.221313,10.354261277788503,LOW,4.616896,4.745215,6.016693441495509,LOW,102.473886,102.332968,104.77803570059643,LOW
LOT_011,LOT_011_CMP_0067,LOW,LOW RISK — all evidence signals nominal. No immediate engineering concern.,,UNREVIEWED,PENDING,,,,9.367773,9.540261,14.898171394445335,LOW,4.242132,4.443175,5.971947504715585,LOW,118.923385,119.928546,121.78377223700647,LOW
LOT_011,LOT_011_CMP_0068,LOW,LOW RISK — all evidence signals nominal. No immediate engineering concern.,,UNREVIEWED,PENDING,,,,9.757303,10.024291,15.484391098108745,LOW,4.352056,4.395919,5.385614583465158,LOW,111.799378,112.651673,114.54139428413978,LOW
LOT_011,LOT_011_CMP_0069,LOW,LOW RISK — all evidence signals nominal. No immediate engineering concern.,,UNREVIEWED,PENDING,,,,11.360208,11.764137,18.865335320471864,LOW,5.947675,6.085819,7.35847583222102,LOW,120.727027,123.393172,124.1960810513503,LOW
LOT_011,LOT_011_CMP_0070,LOW,LOW RISK — all evidence signals nominal. No immediate engineering concern.,,UNREVIEWED,PENDING,,,,9.919964,9.877003,11.820392775448628,LOW,4.114704,4.033569,4.602456715910467,LOW,117.473784,117.678372,120.03560163445418,LOW
LOT_011,LOT_011_CMP_0071,MEDIUM,MEDIUM RISK — high prediction uncertainty present. Engineering review recommended.,"[MEDIUM] Module B 168h prediction interval width (18.49 [uA]) is high relative to spec range, indicating insufficient prediction confidence.",UNREVIEWED,PENDING,,,,10.922965,11.450394,18.50898587947579,MEDIUM,5.911997,5.88382,6.58974420141867,LOW,120.409552,120.77237,123.05412168953113,LOW
LOT_011,LOT_011_CMP_0072,LOW,LOW RISK — all evidence signals nominal. No immediate engineering concern.,,UNREVIEWED,PENDING,,,,7.769523,7.760631,10.186119872675981,LOW,3.639017,3.491605,3.8458746045092416,LOW,109.927406,111.264719,112.82566175440044,LOW
LOT_011,LOT_011_CMP_0073,MEDIUM,MEDIUM RISK — high prediction uncertainty present. Engineering review recommended.,"[MEDIUM] Module B 168h prediction interval width (22.78 [uA]) is high relative to spec range, indicating insufficient prediction confidence.",UNREVIEWED,PENDING,,,,6.237981,6.844567,13.091604392086696,MEDIUM,3.818001,3.745678,4.351851065728395,LOW,113.140335,112.355759,115.31046592048271,LOW
LOT_011,LOT_011_CMP_0074,LOW,LOW RISK — all evidence signals nominal. No immediate engineering concern.,,UNREVIEWED,PENDING,,,,8.737636,9.094302,13.615086828100704,LOW,4.918706,5.190369,6.943697322822289,LOW,110.019823,109.39209,112.21793867508252,LOW
LOT_011,LOT_011_CMP_0075,MEDIUM,MEDIUM RISK — high prediction uncertainty present. Engineering review recommended.,"[MEDIUM] Module B 168h prediction interval width (18.51 [uA]) is high relative to spec range, indicating insufficient prediction confidence.",UNREVIEWED,PENDING,,,,9.95696,10.436481,16.455600268856795,MEDIUM,4.830893,4.973816,6.28993093026257,LOW,109.004238,112.240294,112.57153766457986,LOW
LOT_011,LOT_011_CMP_0076,LOW,LOW RISK — all evidence signals nominal. No immediate engineering concern.,,UNREVIEWED,PENDING,,,,9.752314,10.11105,13.12405338311233,LOW,4.279359,4.43718,5.817544764486039,LOW,114.601228,115.673726,117.44690316682674,LOW
LOT_011,LOT_011_CMP_0077,LOW,LOW RISK — all evidence signals nominal. No immediate engineering concern.,,UNREVIEWED,PENDING,,,,10.443411,10.814228,15.584300457568684,LOW,5.252399,5.460064,6.986875718707267,LOW,113.167832,114.278452,116.0142608056185,LOW
LOT_011,LOT_011_CMP_0078,MEDIUM,MEDIUM RISK — high prediction uncertainty present. Engineering review recommended.,"[MEDIUM] Module B 168h prediction interval width (22.43 [uA]) is high relative to spec range, indicating insufficient prediction confidence.",UNREVIEWED,PENDING,,,,5.237403,5.69909,12.081467058156221,MEDIUM,3.569598,3.697343,4.992322323648343,LOW,115.111625,115.973081,117.88659143463015,LOW
LOT_011,LOT_011_CMP_0079,MEDIUM,MEDIUM RISK — high prediction uncertainty present. Engineering review recommended.,"[MEDIUM] Module B 168h prediction interval width (19.86 [uA]) is high relative to spec range, indicating insufficient prediction confidence.",UNREVIEWED,PENDING,,,,10.51158,11.227787,14.028469222581098,MEDIUM,4.925585,5.10189,6.529624978386439,LOW,118.002991,117.473882,120.30782775785646,LOW
LOT_011,LOT_011_CMP_0080,MEDIUM,"MEDIUM RISK — population outlier, high prediction uncertainty present. Engineering review recommended.","[MEDIUM] Iddq population anomaly score 6.858 >= strong threshold 6.0. | [MEDIUM] Module B 168h prediction interval width (29.7 [uA]) is high relative to spec range, indicating insufficient prediction confidence.",UNREVIEWED,PENDING,,,,19.790399,20.088347,22.034425244038676,MEDIUM,4.353396,4.581364,6.199318028742652,LOW,109.700145,110.719385,112.48290166228863,LOW
LOT_011,LOT_011_CMP_0081,LOW,LOW RISK — all evidence signals nominal. No immediate engineering concern.,,UNREVIEWED,PENDING,,,,6.591166,6.61761,11.22749894200335,LOW,3.902745,4.046231,5.386830496700667,LOW,109.567282,108.055385,111.44594463436609,LOW
LOT_011,LOT_011_CMP_0082,LOW,LOW RISK — all evidence signals nominal. No immediate engineering concern.,,UNREVIEWED,PENDING,,,,9.773319,10.02703,16.34458076304526,LOW,4.648968,4.637406,5.430736009099511,LOW,115.978747,117.701083,119.06857585319992,LOW
LOT_011,LOT_011_CMP_0083,LOW,LOW RISK — all evidence signals nominal. No immediate engineering concern.,,UNREVIEWED,PENDING,,,,9.033325,9.403519,13.72503776286275,LOW,5.670597,5.762551,6.884312002665216,LOW,114.053935,114.195788,116.56272738630902,LOW
LOT_011,LOT_011_CMP_0084,MEDIUM,MEDIUM RISK — high prediction uncertainty present. Engineering review recommended.,"[MEDIUM] Module B 168h prediction interval width (18.91 [uA]) is high relative to spec range, indicating insufficient prediction confidence.",UNREVIEWED,PENDING,,,,9.500395,9.951583,17.35516703847924,MEDIUM,4.844706,4.70922,5.074878962299426,LOW,117.052676,115.262552,118.89916925946507,LOW
LOT_011,LOT_011_CMP_0085,LOW,LOW RISK — all evidence signals nominal. No immediate engineering concern.,,UNREVIEWED,PENDING,,,,10.182375,10.553154,19.008521551188554,LOW,4.639192,4.749541,5.959151609360313,LOW,115.561261,115.674839,118.07347486825688,LOW
LOT_011,LOT_011_CMP_0086,LOW,LOW RISK — all evidence signals nominal. No immediate engineering concern.,,UNREVIEWED,PENDING,,,,9.301378,9.673921,13.12405338311233,LOW,4.505227,4.751367,6.427645203581265,LOW,108.00446,108.357641,110.5344254436635,LOW
LOT_011,LOT_011_CMP_0087,MEDIUM,MEDIUM RISK — high prediction uncertainty present. Engineering review recommended.,"[MEDIUM] Iddq predicted drift from 0h to 168h is 10.29 [uA] (20.6% of spec range), exceeding moderate-drift threshold of 20% of spec range. | [MEDIUM] Module B 168h prediction interval width (30.85 [uA]) is high relative to spec range, indicating insufficient prediction confidence.",UNREVIEWED,PENDING,,,,6.758752,7.14444,17.048610124707054,MEDIUM,4.89419,4.828937,5.433075598969507,LOW,100.625256,100.153648,102.79487621275209,LOW
LOT_011,LOT_011_CMP_0088,LOW,LOW RISK — all evidence signals nominal. No immediate engineering concern.,,UNREVIEWED,PENDING,,,,8.677827,8.847658,15.565690852095646,LOW,3.796537,3.868987,4.969745437317074,LOW,109.64254,111.704903,112.79688171486387,LOW
LOT_011,LOT_011_CMP_0089,MEDIUM,MEDIUM RISK — high prediction uncertainty present. Engineering review recommended.,"[MEDIUM] Module B 168h prediction interval width (17.33 [uA]) is high relative to spec range, indicating insufficient prediction confidence.",UNREVIEWED,PENDING,,,,6.58909,7.010427,11.944490500577142,MEDIUM,4.089994,4.136979,5.143699676514791,LOW,113.552539,114.411435,116.31262069751122,LOW
LOT_011,LOT_011_CMP_0090,LOW,LOW RISK — all evidence signals nominal. No immediate engineering concern.,,UNREVIEWED,PENDING,,,,9.507649,9.602628,12.923678273172696,LOW,4.820808,4.667282,4.9719572164310595,LOW,112.611996,115.425653,116.06094856092253,LOW
LOT_011,LOT_011_CMP_0091,LOW,LOW RISK — all evidence signals nominal. No immediate engineering concern.,,UNREVIEWED,PENDING,,,,10.745675,11.12785,14.864624139441023,LOW,4.431871,4.505172,5.593389689982883,LOW,122.026384,123.399093,125.04568951301356,LOW
LOT_011,LOT_011_CMP_0092,MEDIUM,MEDIUM RISK — high prediction uncertainty present. Engineering review recommended.,"[MEDIUM] Iddq predicted drift from 0h to 168h is 14.1 [uA] (28.2% of spec range), exceeding moderate-drift threshold of 20% of spec range. | [MEDIUM] Module B 168h prediction interval width (21.38 [uA]) is high relative to spec range, indicating insufficient prediction confidence.",UNREVIEWED,PENDING,,,,6.962213,7.44865,21.066400976936198,MEDIUM,3.839454,3.755341,4.3207570748179505,LOW,110.70263,110.257517,112.97200848990309,LOW
LOT_011,LOT_011_CMP_0093,HIGH,HIGH RISK — observed measurement currently breaches reference limits. Immediate engineering review required.,"[HIGH] Observed measurement of leakage_current breaches reference limit (spec_min=0.0, spec_max=30.0). value_0h=37.51, value_24h=37.5 [nA]. | [HIGH] Module B predicts leakage_current at 37.47 [nA] by 168h, crossing spec_max=30. | [HIGH] Module B 168h prediction upper bound (41.02 [nA]) crosses spec_max=30. Also population anomalous. | [MEDIUM] leakage_current population anomaly score 66.121 >= strong threshold 6.0.",UNREVIEWED,PENDING,,,,7.825198,7.797988,10.186119872675981,LOW,37.513825,37.496811,37.47259215061485,HIGH,118.810631,120.034109,121.7478855201107,LOW
LOT_011,LOT_011_CMP_0094,LOW,LOW RISK — all evidence signals nominal. No immediate engineering concern.,,UNREVIEWED,PENDING,,,,7.588828,7.993156,11.151480183893648,LOW,3.845751,3.936971,5.100589007252838,LOW,117.414836,116.886724,119.71475773492926,LOW
LOT_011,LOT_011_CMP_0095,MEDIUM,MEDIUM RISK — high prediction uncertainty present. Engineering review recommended.,"[MEDIUM] Module B 168h prediction interval width (22.36 [uA]) is high relative to spec range, indicating insufficient prediction confidence.",UNREVIEWED,PENDING,,,,7.948492,8.507994,15.196087768385764,MEDIUM,4.481482,4.522267,5.49831202239535,LOW,118.755605,119.388511,121.4816984540379,LOW
LOT_011,LOT_011_CMP_0096,LOW,LOW RISK — all evidence signals nominal. No immediate engineering concern.,,UNREVIEWED,PENDING,,,,9.47187,9.532436,12.219814631174284,LOW,5.509766,5.648735,6.934852835978657,LOW,109.044286,108.656915,111.31940110467023,LOW
LOT_011,LOT_011_CMP_0097,LOW,LOW RISK — all evidence signals nominal. No immediate engineering concern.,,UNREVIEWED,PENDING,,,,8.12464,8.533342,11.837845003529585,LOW,4.386296,4.73344,6.757303504294549,LOW,111.487178,112.771845,114.38063163749928,LOW
LOT_011,LOT_011_CMP_0098,LOW,LOW RISK — all evidence signals nominal. No immediate engineering concern.,,UNREVIEWED,PENDING,,,,9.754079,10.118557,13.12405338311233,LOW,4.283687,4.36193,5.470615488201483,LOW,119.927148,120.643627,122.69355211296558,LOW
LOT_011,LOT_011_CMP_0099,LOW,LOW RISK — all evidence signals nominal. No immediate engineering concern.,,UNREVIEWED,PENDING,,,,10.272563,10.654172,15.584300457568684,LOW,4.595285,4.685057,5.8255123180027795,LOW,116.744428,116.865813,119.2700295602063,LOW
LOT_011,LOT_011_CMP_0100,LOW,LOW RISK — all evidence signals nominal. No immediate engineering concern.,,UNREVIEWED,PENDING,,,,10.658221,10.81092,13.014812875986719,LOW,4.864092,4.901996,5.858907869141309,LOW,118.623473,119.987469,121.60917569927035,LOW
LOT_012,LOT_012_CMP_0001,LOW,LOW RISK — all evidence signals nominal. No immediate engineering concern.,,UNREVIEWED,PENDING,,,,8.655762,8.799907,14.252130869439984,LOW,4.627862,4.939433,6.8360248651767845,LOW,120.715046,121.401788,123.47790301600716,LOW
LOT_012,LOT_012_CMP_0002,HIGH,HIGH RISK — Module B predicts parameter(s) will cross specification boundary by 168h. Elevated engineering attention required.,"[HIGH] Module B predicts Iddq at 52.63 [uA] by 168h, crossing spec_max=50. | [HIGH] Module B 168h prediction upper bound (57.14 [uA]) crosses spec_max=50. Also population anomalous. | [MEDIUM] Iddq population anomaly score 3.808 >= anomaly threshold 3.5 (moderate). | [HIGH] Iddq predicted drift from 0h to 168h is 46.64 [uA] (93.3% of spec range), exceeding high-drift threshold of 60% of spec range. | [MEDIUM] Module B 168h prediction interval width (26.58 [uA]) is high relative to spec range, indicating insufficient prediction confidence.",UNREVIEWED,PENDING,,,,5.982843,7.176038,52.6254114248165,HIGH,4.778204,4.958534,6.403587830303118,LOW,109.937277,111.726314,112.9967595197636,LOW
LOT_012,LOT_012_CMP_0003,MEDIUM,MEDIUM RISK — high prediction uncertainty present. Engineering review recommended.,"[MEDIUM] Module B 168h prediction interval width (22 [uA]) is high relative to spec range, indicating insufficient prediction confidence.",UNREVIEWED,PENDING,,,,8.113637,8.746103,12.733316556742952,MEDIUM,4.252208,4.230746,4.999935714933732,LOW,122.552405,124.246102,125.69092673677778,LOW
LOT_012,LOT_012_CMP_0004,MEDIUM,MEDIUM RISK — high prediction uncertainty present. Engineering review recommended.,"[MEDIUM] Iddq predicted drift from 0h to 168h is 20.11 [uA] (40.2% of spec range), exceeding moderate-drift threshold of 20% of spec range. | [MEDIUM] Module B 168h prediction interval width (22 [uA]) is high relative to spec range, indicating insufficient prediction confidence.",UNREVIEWED,PENDING,,,,8.005904,8.692685,28.11741250770747,MEDIUM,4.639355,4.705791,5.7655367327523495,LOW,121.175153,121.533044,123.82482596701821,LOW
LOT_012,LOT_012_CMP_0005,LOW,LOW RISK — all evidence signals nominal. No immediate engineering concern.,,UNREVIEWED,PENDING,,,,9.031693,8.968456,11.709269426324434,LOW,4.954829,4.812537,5.15229219382455,LOW,123.809194,126.446823,127.29569628819425,LOW
LOT_012,LOT_012_CMP_0006,LOW,LOW RISK — all evidence signals nominal. No immediate engineering concern.,,UNREVIEWED,PENDING,,,,7.251251,7.515678,14.8766696820607,LOW,3.817019,3.824935,4.704961780862779,LOW,106.942851,107.167398,109.41741685103585,LOW
LOT_012,LOT_012_CMP_0007,MEDIUM,MEDIUM RISK — high prediction uncertainty present. Engineering review recommended.,"[MEDIUM] Module B 168h prediction interval width (18.51 [uA]) is high relative to spec range, indicating insufficient prediction confidence.",UNREVIEWED,PENDING,,,,9.884476,10.368242,19.005518753118373,MEDIUM,5.307088,5.408551,6.571600039147855,LOW,123.541832,125.494626,126.78164504587858,LOW
LOT_012,LOT_012_CMP_0008,MEDIUM,MEDIUM RISK — high prediction uncertainty present. Engineering review recommended.,"[MEDIUM] Module B 168h prediction interval width (24.61 [uA]) is high relative to spec range, indicating insufficient prediction confidence.",UNREVIEWED,PENDING,,,,13.196987,13.547981,18.755975771917836,MEDIUM,6.679396,6.940747,8.616081509777008,LOW,128.988284,130.042501,131.95636564721727,LOW
LOT_012,LOT_012_CMP_0009,LOW,LOW RISK — all evidence signals nominal. No immediate engineering concern.,,UNREVIEWED,PENDING,,,,9.019757,9.413897,13.72503776286275,LOW,5.319438,5.541333,7.115077407256679,LOW,109.414262,110.62807,112.26386276567898,LOW
LOT_012,LOT_012_CMP_0010,MEDIUM,MEDIUM RISK — high prediction uncertainty present. Engineering review recommended.,"[MEDIUM] Module B 168h prediction interval width (19 [uA]) is high relative to spec range, indicating insufficient prediction confidence.",UNREVIEWED,PENDING,,,,11.137495,11.658093,18.08626984264085,MEDIUM,5.311725,5.37134,6.391462579203958,LOW,132.245583,131.32724,134.53920584593763,LOW
LOT_012,LOT_012_CMP_0011,MEDIUM,MEDIUM RISK — high prediction uncertainty present. Engineering review recommended.,"[MEDIUM] Module B 168h prediction interval width (24.61 [uA]) is high relative to spec range, indicating insufficient prediction confidence.",UNREVIEWED,PENDING,,,,13.09376,13.411804,20.70398840979228,MEDIUM,5.315402,5.534529,7.098925230440693,LOW,121.383394,122.236805,124.21169424166509,LOW
LOT_012,LOT_012_CMP_0012,LOW,LOW RISK — all evidence signals nominal. No immediate engineering concern.,,UNREVIEWED,PENDING,,,,9.196215,9.172246,12.483616724497093,LOW,5.740615,5.731067,6.504732260926808,LOW,122.793757,123.065002,125.42702663610363,LOW
LOT_012,LOT_012_CMP_0013,MEDIUM,MEDIUM RISK — high prediction uncertainty present. Engineering review recommended.,"[MEDIUM] Module B 168h prediction interval width (23.22 [uA]) is high relative to spec range, indicating insufficient prediction confidence.",UNREVIEWED,PENDING,,,,13.073969,13.308624,18.224785629330466,MEDIUM,6.098706,6.281776,7.704079233134884,LOW,117.759726,118.41184,120.483746868382,LOW
LOT_012,LOT_012_CMP_0014,LOW,LOW RISK — all evidence signals nominal. No immediate engineering concern.,,UNREVIEWED,PENDING,,,,11.009607,11.231261,17.4740049233706,LOW,5.129692,5.332008,6.843548306600145,LOW,123.770561,124.473041,126.56641363507049,LOW
LOT_012,LOT_012_CMP_0015,LOW,LOW RISK — all evidence signals nominal. No immediate engineering concern.,,UNREVIEWED,PENDING,,,,10.349606,10.7455,15.584300457568684,LOW,5.622898,5.627373,6.451755933813771,LOW,106.318886,106.617752,108.8143712355136,LOW
LOT_012,LOT_012_CMP_0016,MEDIUM,MEDIUM RISK — high prediction uncertainty present. Engineering review recommended.,"[MEDIUM] Iddq predicted drift from 0h to 168h is 13.98 [uA] (28.0% of spec range), exceeding moderate-drift threshold of 20% of spec range. | [MEDIUM] Module B 168h prediction interval width (36.21 [uA]) is high relative to spec range, indicating insufficient prediction confidence.",UNREVIEWED,PENDING,,,,10.542483,11.454223,24.51959480722344,MEDIUM,6.025206,6.227818,7.718598561090435,LOW,116.318784,116.90929,119.00791534870397,LOW
LOT_012,LOT_012_CMP_0017,LOW,LOW RISK — all evidence signals nominal. No immediate engineering concern.,,UNREVIEWED,PENDING,,,,11.069217,11.428023,16.377423298882697,LOW,6.2024,6.285485,7.364050861623382,LOW,120.205179,118.245076,122.0192883336562,LOW
LOT_012,LOT_012_CMP_0018,MEDIUM,MEDIUM RISK — high prediction uncertainty present. Engineering review recommended.,"[MEDIUM] Module B 168h prediction interval width (24.61 [uA]) is high relative to spec range, indicating insufficient prediction confidence.",UNREVIEWED,PENDING,,,,13.000615,13.302348,21.65400905851307,MEDIUM,6.15235,6.212568,7.214312874430215,LOW,124.662139,125.43725,127.49189021178921,LOW
LOT_012,LOT_012_CMP_0019,MEDIUM,MEDIUM RISK — high prediction uncertainty present. Engineering review recommended.,"[MEDIUM] Iddq predicted drift from 0h to 168h is 11.21 [uA] (22.4% of spec range), exceeding moderate-drift threshold of 20% of spec range. | [MEDIUM] Module B 168h prediction interval width (25.97 [uA]) is high relative to spec range, indicating insufficient prediction confidence.",UNREVIEWED,PENDING,,,,11.081051,11.806658,22.28743301742808,MEDIUM,5.943562,5.893384,6.523458536734732,LOW,125.367226,126.690212,128.3987329015592,LOW
LOT_012,LOT_012_CMP_0020,HIGH,HIGH RISK — Module B predicts parameter(s) will cross specification boundary by 168h. Elevated engineering attention required.,"[HIGH] Module B predicts Iddq at 91.35 [uA] by 168h, crossing spec_max=50. | [MEDIUM] Module B 168h prediction upper bound (121 [uA]) crosses spec_max=50.  | [HIGH] Iddq predicted drift from 0h to 168h is 80.41 [uA] (160.8% of spec range), exceeding high-drift threshold of 60% of spec range. | [MEDIUM] Module B 168h prediction interval width (109 [uA]) is high relative to spec range, indicating insufficient prediction confidence.",UNREVIEWED,PENDING,,,,10.94743,11.89329,91.35250927909307,HIGH,5.009298,5.366895,7.411286078121757,LOW,113.325594,113.361088,115.78991923425787,LOW
LOT_012,LOT_012_CMP_0021,LOW,LOW RISK — all evidence signals nominal. No immediate engineering concern.,,UNREVIEWED,PENDING,,,,10.04713,10.279527,16.248184740558507,LOW,5.085797,5.392503,7.261359812668948,LOW,120.050711,119.662546,122.42417545521855,LOW
LOT_012,LOT_012_CMP_0022,LOW,LOW RISK — all evidence signals nominal. No immediate engineering concern.,,UNREVIEWED,PENDING,,,,11.42903,11.763078,20.458508486952613,LOW,5.674697,5.62762,6.27481334412461,LOW,125.677136,127.37397,128.84477861581897,LOW
LOT_012,LOT_012_CMP_0023,LOW,LOW RISK — all evidence signals nominal. No immediate engineering concern.,,UNREVIEWED,PENDING,,,,9.044278,9.294721,14.446734296765,LOW,5.284337,5.351163,6.396560198645852,LOW,129.130994,128.494227,131.4971492473706,LOW
LOT_012,LOT_012_CMP_0024,LOW,LOW RISK — all evidence signals nominal. No immediate engineering concern.,,UNREVIEWED,PENDING,,,,10.432299,10.807526,15.584300457568684,LOW,6.120118,6.137843,6.9953565208405495,LOW,121.790403,122.075486,124.41961748590346,LOW
LOT_012,LOT_012_CMP_0025,HIGH,HIGH RISK — observed measurement currently breaches reference limits. Immediate engineering review required.,"[HIGH] Observed measurement of Iddq breaches reference limit (spec_min=0.0, spec_max=50.0). value_0h=58.76, value_24h=59.45 [uA]. | [HIGH] Module B predicts Iddq at 65.59 [uA] by 168h, crossing spec_max=50. | [HIGH] Module B 168h prediction upper bound (93.77 [uA]) crosses spec_max=50. Also population anomalous. | [MEDIUM] Iddq population anomaly score 32.391 >= strong threshold 6.0. | [MEDIUM] Module B 168h prediction interval width (79.86 [uA]) is high relative to spec range, indicating insufficient prediction confidence.",UNREVIEWED,PENDING,,,,58.757201,59.449642,65.5887866868147,HIGH,6.582876,6.624319,7.5515247870148725,LOW,122.259945,122.115243,124.74005496229928,LOW
LOT_012,LOT_012_CMP_0026,MEDIUM,MEDIUM RISK — high prediction uncertainty present. Engineering review recommended.,"[MEDIUM] Module B 168h prediction interval width (23.13 [uA]) is high relative to spec range, indicating insufficient prediction confidence.",UNREVIEWED,PENDING,,,,6.554535,7.421305,9.473653723977051,MEDIUM,4.112182,4.249402,5.5635262560615475,LOW,105.176727,107.837016,108.50434020316656,LOW
LOT_012,LOT_012_CMP_0027,MEDIUM,MEDIUM RISK — high prediction uncertainty present. Engineering review recommended.,"[MEDIUM] Module B 168h prediction interval width (19.58 [uA]) is high relative to spec range, indicating insufficient prediction confidence.",UNREVIEWED,PENDING,,,,10.65583,11.358669,13.308792904453432,MEDIUM,4.966844,5.053026,6.1721972255147595,LOW,125.374047,128.788964,129.1518455156404,LOW
LOT_012,LOT_012_CMP_0028,MEDIUM,MEDIUM RISK — high prediction uncertainty present. Engineering review recommended.,"[MEDIUM] Module B 168h prediction interval width (17.63 [uA]) is high relative to spec range, indicating insufficient prediction confidence.",UNREVIEWED,PENDING,,,,10.789213,11.26307,15.939317197242099,MEDIUM,6.217962,6.245249,7.133015962147886,LOW,123.274274,123.060663,125.73889261895509,LOW
LOT_012,LOT_012_CMP_0029,MEDIUM,MEDIUM RISK — high prediction uncertainty present. Engineering review recommended.,"[MEDIUM] Iddq predicted drift from 0h to 168h is 26.38 [uA] (52.8% of spec range), exceeding moderate-drift threshold of 20% of spec range. | [MEDIUM] Module B 168h prediction interval width (25.37 [uA]) is high relative to spec range, indicating insufficient prediction confidence.",UNREVIEWED,PENDING,,,,9.766878,10.294883,36.14795714894286,MEDIUM,5.514462,5.65184,6.932414106309226,LOW,116.690197,117.680927,119.5254240209161,LOW
LOT_012,LOT_012_CMP_0030,LOW,LOW RISK — all evidence signals nominal. No immediate engineering concern.,,UNREVIEWED,PENDING,,,,9.841629,10.175057,19.722922220092354,LOW,5.556736,5.511988,6.169997096081864,LOW,108.899898,110.663203,111.94090510809148,LOW
LOT_012,LOT_012_CMP_0031,LOW,LOW RISK — all evidence signals nominal. No immediate engineering concern.,,UNREVIEWED,PENDING,,,,10.739817,10.875672,13.014812875986719,LOW,5.218446,5.327823,6.5200348524933185,LOW,113.573501,115.096109,116.57052889476418,LOW
LOT_012,LOT_012_CMP_0032,LOW,LOW RISK — all evidence signals nominal. No immediate engineering concern.,,UNREVIEWED,PENDING,,,,10.155486,10.401953,15.71454410526015,LOW,5.375784,5.547837,6.950116959036112,LOW,120.04808,121.400843,123.04254210279593,LOW
LOT_012,LOT_012_CMP_0033,MEDIUM,MEDIUM RISK — high prediction uncertainty present. Engineering review recommended.,"[MEDIUM] Module B 168h prediction interval width (19.87 [uA]) is high relative to spec range, indicating insufficient prediction confidence.",UNREVIEWED,PENDING,,,,10.497157,11.201176,14.028469222581098,MEDIUM,5.13747,5.117558,5.8705166927889,LOW,121.261592,121.228411,123.77253696112683,LOW
LOT_012,LOT_012_CMP_0034,MEDIUM,MEDIUM RISK — high prediction uncertainty present. Engineering review recommended.,"[MEDIUM] Module B 168h prediction interval width (21.01 [uA]) is high relative to spec range, indicating insufficient prediction confidence.",UNREVIEWED,PENDING,,,,9.369596,10.151828,11.505912742411063,MEDIUM,5.335221,5.416195,6.508637774824884,LOW,107.143752,107.272269,109.58586252053905,LOW
LOT_012,LOT_012_CMP_0035,MEDIUM,MEDIUM RISK — high prediction uncertainty present. Engineering review recommended.,"[MEDIUM] Module B 168h prediction interval width (19.66 [uA]) is high relative to spec range, indicating insufficient prediction confidence.",UNREVIEWED,PENDING,,,,13.269723,13.376763,16.551935055746767,MEDIUM,5.673254,5.688764,6.549581680089153,LOW,124.481605,126.337973,127.69544275608405,LOW
LOT_012,LOT_012_CMP_0036,LOW,LOW RISK — all evidence signals nominal. No immediate engineering concern.,,UNREVIEWED,PENDING,,,,9.992935,10.321009,18.60763732325466,LOW,5.238068,5.258663,6.147413494692329,LOW,109.052413,110.655733,112.03771724134404,LOW
LOT_012,LOT_012_CMP_0037,MEDIUM,MEDIUM RISK — high prediction uncertainty present. Engineering review recommended.,"[MEDIUM] Module B 168h prediction interval width (17.38 [uA]) is high relative to spec range, indicating insufficient prediction confidence.",UNREVIEWED,PENDING,,,,10.996703,11.469621,18.63862597040791,MEDIUM,5.364067,5.345962,6.099578840204786,LOW,125.497529,126.297787,128.34373684610733,LOW
LOT_012,LOT_012_CMP_0038,MEDIUM,MEDIUM RISK — high prediction uncertainty present. Engineering review recommended.,"[MEDIUM] Iddq predicted drift from 0h to 168h is 18.55 [uA] (37.1% of spec range), exceeding moderate-drift threshold of 20% of spec range. | [MEDIUM] Module B 168h prediction interval width (18.04 [uA]) is high relative to spec range, indicating insufficient prediction confidence.",UNREVIEWED,PENDING,,,,9.762966,9.624614,28.314170404079118,MEDIUM,3.845472,3.829156,4.625795084875053,LOW,116.639423,115.979427,118.88535051381879,LOW
LOT_012,LOT_012_CMP_0039,MEDIUM,"MEDIUM RISK — population outlier, high prediction uncertainty present. Engineering review recommended.","[MEDIUM] Iddq population anomaly score 8.070 >= strong threshold 6.0. | [MEDIUM] Module B 168h prediction interval width (29.7 [uA]) is high relative to spec range, indicating insufficient prediction confidence. | [MEDIUM] leakage_current population anomaly score 7.650 >= strong threshold 6.0. | [MEDIUM] propagation_delay population anomaly score 7.328 >= strong threshold 6.0.",UNREVIEWED,PENDING,,,,22.435009,22.787472,25.96411729217798,MEDIUM,9.783858,9.900699,11.007398153676714,MEDIUM,162.059853,160.926186,164.54384232906477,MEDIUM
LOT_012,LOT_012_CMP_0040,LOW,LOW RISK — all evidence signals nominal. No immediate engineering concern.,,UNREVIEWED,PENDING,,,,11.531137,11.803924,18.334367575576884,LOW,5.244957,5.390096,6.703707549961254,LOW,124.604517,125.972626,127.64528519716762,LOW
LOT_012,LOT_012_CMP_0041,LOW,LOW RISK — all evidence signals nominal. No immediate engineering concern.,,UNREVIEWED,PENDING,,,,10.947134,11.180244,17.102237211049967,LOW,5.420676,5.390228,6.100345998042978,LOW,120.640414,121.540051,123.4785457965371,LOW
LOT_012,LOT_012_CMP_0042,MEDIUM,MEDIUM RISK — high prediction uncertainty present. Engineering review recommended.,"[MEDIUM] Iddq predicted drift from 0h to 168h is 11.45 [uA] (22.9% of spec range), exceeding moderate-drift threshold of 20% of spec range. | [MEDIUM] Module B 168h prediction interval width (21.64 [uA]) is high relative to spec range, indicating insufficient prediction confidence.",UNREVIEWED,PENDING,,,,5.938961,6.398319,17.388331809976684,MEDIUM,3.931593,4.0126,5.139277515819163,LOW,123.615112,123.433252,126.09411116156687,LOW
LOT_012,LOT_012_CMP_0043,LOW,LOW RISK — all evidence signals nominal. No immediate engineering concern.,,UNREVIEWED,PENDING,,,,9.201458,9.333082,13.646411703386248,LOW,5.854426,5.941034,7.040081954602404,LOW,118.308171,117.488537,120.51210694480143,LOW
LOT_012,LOT_012_CMP_0044,MEDIUM,MEDIUM RISK — high prediction uncertainty present. Engineering review recommended.,"[MEDIUM] Module B 168h prediction interval width (24.61 [uA]) is high relative to spec range, indicating insufficient prediction confidence.",UNREVIEWED,PENDING,,,,12.905007,13.195604,21.65400905851307,MEDIUM,6.101351,6.168085,7.193306665062759,LOW,121.441655,123.605819,124.738047183866,LOW
LOT_012,LOT_012_CMP_0045,LOW,LOW RISK — all evidence signals nominal. No immediate engineering concern.,,UNREVIEWED,PENDING,,,,9.330405,9.639604,16.81387922791238,LOW,5.279347,5.221812,5.8429264987989,LOW,114.86003,116.621426,117.95376704712912,LOW
LOT_012,LOT_012_CMP_0046,MEDIUM,MEDIUM RISK — high prediction uncertainty present. Engineering review recommended.,"[MEDIUM] Iddq predicted drift from 0h to 168h is 10.08 [uA] (20.2% of spec range), exceeding moderate-drift threshold of 20% of spec range. | [MEDIUM] Module B 168h prediction interval width (17.75 [uA]) is high relative to spec range, indicating insufficient prediction confidence.",UNREVIEWED,PENDING,,,,11.380705,11.873358,21.46076075441023,MEDIUM,5.704566,5.952466,7.605594648444204,LOW,121.683843,120.664232,123.846694076156,LOW
LOT_012,LOT_012_CMP_0047,MEDIUM,MEDIUM RISK — high prediction uncertainty present. Engineering review recommended.,"[MEDIUM] Module B 168h prediction interval width (19.63 [uA]) is high relative to spec range, indicating insufficient prediction confidence.",UNREVIEWED,PENDING,,,,8.891096,9.379302,16.068336640663453,MEDIUM,5.356693,5.52701,6.9238296518210865,LOW,125.347011,124.973464,127.77315204046256,LOW
LOT_012,LOT_012_CMP_0048,LOW,LOW RISK — all evidence signals nominal. No immediate engineering concern.,,UNREVIEWED,PENDING,,,,12.057123,12.281452,16.380868409210418,LOW,5.946432,6.081759,7.344832536517037,LOW,118.086666,116.530059,120.02572505461474,LOW
LOT_012,LOT_012_CMP_0049,LOW,LOW RISK — all evidence signals nominal. No immediate engineering concern.,,UNREVIEWED,PENDING,,,,9.182588,9.155344,12.483616724497093,LOW,5.265586,5.087185,5.296157329921168,LOW,118.842445,120.381746,121.89264452381171,LOW
LOT_012,LOT_012_CMP_0050,LOW,LOW RISK — all evidence signals nominal. No immediate engineering concern.,,UNREVIEWED,PENDING,,,,9.279936,9.442867,14.898171394445335,LOW,5.309591,5.410013,6.569448593905771,LOW,110.940611,113.327487,114.2223449927169,LOW
LOT_012,LOT_012_CMP_0051,HIGH,HIGH RISK — observed measurement currently breaches reference limits. Immediate engineering review required.,"[HIGH] Observed measurement of leakage_current breaches reference limit (spec_min=0.0, spec_max=30.0). value_0h=41.23, value_24h=41.3 [nA]. | [HIGH] Module B predicts leakage_current at 41.5 [nA] by 168h, crossing spec_max=30. | [HIGH] Module B 168h prediction upper bound (45.05 [nA]) crosses spec_max=30. Also population anomalous. | [MEDIUM] leakage_current population anomaly score 62.248 >= strong threshold 6.0.",UNREVIEWED,PENDING,,,,9.324544,9.637861,16.671627980436522,LOW,41.225622,41.300841,41.501150059981995,HIGH,104.123906,105.166371,106.86497673985807,LOW
LOT_012,LOT_012_CMP_0052,LOW,LOW RISK — all evidence signals nominal. No immediate engineering concern.,,UNREVIEWED,PENDING,,,,9.584463,9.936285,13.12405338311233,LOW,5.98339,6.036396,7.017636051832307,LOW,118.018943,118.56822,120.70860294598074,LOW
LOT_012,LOT_012_CMP_0053,MEDIUM,MEDIUM RISK — high prediction uncertainty present. Engineering review recommended.,"[MEDIUM] Module B 168h prediction interval width (18.69 [uA]) is high relative to spec range, indicating insufficient prediction confidence.",UNREVIEWED,PENDING,,,,10.783471,11.31086,15.80967710630998,MEDIUM,6.212896,6.301894,7.400383867421079,LOW,122.588724,121.715365,124.81185483860041,LOW
LOT_012,LOT_012_CMP_0054,LOW,LOW RISK — all evidence signals nominal. No immediate engineering concern.,,UNREVIEWED,PENDING,,,,10.512138,10.804779,17.70866311661078,LOW,5.33143,5.722951,7.8752827431359975,LOW,116.293292,117.22479,119.10383306038615,LOW
LOT_012,LOT_012_CMP_0055,LOW,LOW RISK — all evidence signals nominal. No immediate engineering concern.,,UNREVIEWED,PENDING,,,,8.903618,9.167496,16.877323656286514,LOW,4.274036,4.585745,6.491409306087759,LOW,106.501838,107.593441,109.28174668865813,LOW
LOT_012,LOT_012_CMP_0056,LOW,LOW RISK — all evidence signals nominal. No immediate engineering concern.,,UNREVIEWED,PENDING,,,,10.391988,10.656246,17.086603150370543,LOW,5.832408,6.109592,7.859549668765945,LOW,118.232701,120.285011,121.46043618665752,LOW
LOT_012,LOT_012_CMP_0057,MEDIUM,"MEDIUM RISK — population outlier, high prediction uncertainty present. Engineering review recommended.","[MEDIUM] Iddq population anomaly score 4.432 >= anomaly threshold 3.5 (moderate). | [MEDIUM] Module B 168h prediction interval width (25.79 [uA]) is high relative to spec range, indicating insufficient prediction confidence.",UNREVIEWED,PENDING,,,,3.695839,4.315296,10.11627804507155,MEDIUM,4.62742,4.677212,5.68044726499855,LOW,116.574334,117.367218,119.3379474019849,LOW
LOT_012,LOT_012_CMP_0058,LOW,LOW RISK — all evidence signals nominal. No immediate engineering concern.,,UNREVIEWED,PENDING,,,,11.355908,11.58783,17.05128888653566,LOW,5.858756,5.979555,7.195180554406218,LOW,114.930903,115.436709,117.57738298437766,LOW
LOT_012,LOT_012_CMP_0059,LOW,LOW RISK — all evidence signals nominal. No immediate engineering concern.,,UNREVIEWED,PENDING,,,,11.650083,12.03855,15.133266942639661,LOW,5.031512,5.205352,6.622099648172559,LOW,112.016889,112.702024,114.70122541499397,LOW
LOT_012,LOT_012_CMP_0060,LOW,LOW RISK — all evidence signals nominal. No immediate engineering concern.,,UNREVIEWED,PENDING,,,,10.674163,10.672382,11.56615796121668,LOW,6.354225,6.420256,7.436931199068123,LOW,118.47083,116.522493,120.27359435016281,LOW
LOT_012,LOT_012_CMP_0061,MEDIUM,MEDIUM RISK — high prediction uncertainty present. Engineering review recommended.,"[MEDIUM] Module B 168h prediction interval width (19.81 [uA]) is high relative to spec range, indicating insufficient prediction confidence.",UNREVIEWED,PENDING,,,,10.583752,11.375884,12.507979750911755,MEDIUM,4.868787,5.015069,6.341725913381838,LOW,122.495317,122.147918,124.90523044674507,LOW
LOT_012,LOT_012_CMP_0062,LOW,LOW RISK — all evidence signals nominal. No immediate engineering concern.,,UNREVIEWED,PENDING,,,,12.756448,13.072881,19.484940317019678,LOW,6.003869,6.121454,7.322583519032205,LOW,122.94666,125.416459,126.36556474085262,LOW
LOT_012,LOT_012_CMP_0063,MEDIUM,MEDIUM RISK — high prediction uncertainty present. Engineering review recommended.,"[MEDIUM] Module B 168h prediction interval width (18.18 [uA]) is high relative to spec range, indicating insufficient prediction confidence.",UNREVIEWED,PENDING,,,,10.18114,10.672197,16.077255390420717,MEDIUM,4.454652,4.53181,5.632636582809579,LOW,112.21237,113.550707,115.13146742916265,LOW
LOT_012,LOT_012_CMP_0064,LOW,LOW RISK — all evidence signals nominal. No immediate engineering concern.,,UNREVIEWED,PENDING,,,,9.040549,9.057137,11.709269426324434,LOW,4.947048,5.185912,6.826618915724911,LOW,117.219169,117.5259,119.8151412344153,LOW
LOT_012,LOT_012_CMP_0065,LOW,LOW RISK — all evidence signals nominal. No immediate engineering concern.,,UNREVIEWED,PENDING,,,,11.197524,11.266933,14.036582003943538,LOW,5.451947,5.575026,6.808321964799934,LOW,124.412227,122.863162,126.41066208262379,LOW
LOT_012,LOT_012_CMP_0066,MEDIUM,MEDIUM RISK — high prediction uncertainty present. Engineering review recommended.,"[MEDIUM] Module B 168h prediction interval width (21.59 [uA]) is high relative to spec range, indicating insufficient prediction confidence.",UNREVIEWED,PENDING,,,,8.716721,9.359482,14.56599390528945,MEDIUM,5.426644,5.465659,6.41268674457912,LOW,110.037396,108.927505,112.06367447457185,LOW
LOT_012,LOT_012_CMP_0067,HIGH,HIGH RISK — observed measurement currently breaches reference limits. Immediate engineering review required.,"[HIGH] Observed measurement of propagation_delay breaches reference limit (spec_min=80.0, spec_max=180.0). value_0h=204.5, value_24h=205.9 [ps]. | [HIGH] Module B predicts propagation_delay at 208.3 [ps] by 168h, crossing spec_max=180. | [HIGH] Module B 168h prediction upper bound (211.7 [ps]) crosses spec_max=180. Also population anomalous. | [MEDIUM] propagation_delay population anomaly score 15.413 >= strong threshold 6.0.",UNREVIEWED,PENDING,,,,10.182017,9.957438,11.636018802760693,LOW,5.156594,5.130436,5.861614204693008,LOW,204.484034,205.901921,208.2583883896627,HIGH
LOT_012,LOT_012_CMP_0068,LOW,LOW RISK — all evidence signals nominal. No immediate engineering concern.,,UNREVIEWED,PENDING,,,,9.559747,9.921162,13.12405338311233,LOW,5.631539,5.658076,6.557539366096045,LOW,123.774944,123.135302,126.09207616595094,LOW
LOT_012,LOT_012_CMP_0069,LOW,LOW RISK — all evidence signals nominal. No immediate engineering concern.,,UNREVIEWED,PENDING,,,,9.402665,9.733042,18.491657001633477,LOW,4.683604,4.859237,6.290561204343148,LOW,110.420034,111.197385,113.12295556866813,LOW
LOT_012,LOT_012_CMP_0070,MEDIUM,MEDIUM RISK — high prediction uncertainty present. Engineering review recommended.,"[MEDIUM] Module B 168h prediction interval width (20.47 [uA]) is high relative to spec range, indicating insufficient prediction confidence.",UNREVIEWED,PENDING,,,,9.833092,10.449751,17.33178630549722,MEDIUM,5.096835,5.315055,6.881669284042493,LOW,122.087991,123.068951,124.96810448009714,LOW
LOT_012,LOT_012_CMP_0071,LOW,LOW RISK — all evidence signals nominal. No immediate engineering concern.,,UNREVIEWED,PENDING,,,,11.95561,11.879383,14.269293035927904,LOW,5.576314,5.704899,6.953961812787256,LOW,128.080256,129.235597,131.07627327903776,LOW
LOT_012,LOT_012_CMP_0072,HIGH,HIGH RISK — Module B predicts parameter(s) will cross specification boundary by 168h. Elevated engineering attention required.,"[HIGH] Module B predicts Iddq at 103.5 [uA] by 168h, crossing spec_max=50. | [HIGH] Module B 168h prediction upper bound (183.6 [uA]) crosses spec_max=50. Also population anomalous. | [MEDIUM] Iddq population anomaly score 4.915 >= anomaly threshold 3.5 (moderate). | [HIGH] Iddq predicted drift from 0h to 168h is 91.56 [uA] (183.1% of spec range), exceeding high-drift threshold of 60% of spec range. | [MEDIUM] Module B 168h prediction interval width (170.7 [uA]) is high relative to spec range, indicating insufficient prediction confidence. | [MEDIUM] leakage_current population anomaly score 3.649 >= anomaly threshold 3.5 (moderate).",UNREVIEWED,PENDING,,,,11.954438,13.39749,103.51595802111038,HIGH,5.932022,6.4529,9.032085127373678,MEDIUM,120.24366,119.322918,122.42887347289272,LOW
LOT_012,LOT_012_CMP_0073,MEDIUM,MEDIUM RISK — high prediction uncertainty present. Engineering review recommended.,"[MEDIUM] Module B 168h prediction interval width (19.41 [uA]) is high relative to spec range, indicating insufficient prediction confidence.",UNREVIEWED,PENDING,,,,11.500388,12.307782,14.278400775067194,MEDIUM,5.880599,5.988876,7.161237002569175,LOW,117.724199,118.369712,120.44554679917027,LOW
LOT_012,LOT_012_CMP_0074,LOW,LOW RISK — all evidence signals nominal. No immediate engineering concern.,,UNREVIEWED,PENDING,,,,10.947094,11.085175,14.385148418092891,LOW,5.814465,5.85648,6.804317869508851,LOW,123.304933,124.026826,126.10353794913537,LOW
LOT_012,LOT_012_CMP_0075,MEDIUM,MEDIUM RISK — high prediction uncertainty present. Engineering review recommended.,"[MEDIUM] Module B 168h prediction interval width (18.51 [uA]) is high relative to spec range, indicating insufficient prediction confidence.",UNREVIEWED,PENDING,,,,9.993022,10.485742,15.873862143907758,MEDIUM,5.411421,5.543152,6.806959636836887,LOW,115.806701,116.599581,118.56343393608144,LOW
LOT_012,LOT_012_CMP_0076,MEDIUM,"MEDIUM RISK — population outlier, high prediction uncertainty present. Engineering review recommended.","[MEDIUM] Iddq predicted drift from 0h to 168h is 10.87 [uA] (21.7% of spec range), exceeding moderate-drift threshold of 20% of spec range. | [MEDIUM] Module B 168h prediction interval width (17.25 [uA]) is high relative to spec range, indicating insufficient prediction confidence. | [MEDIUM] propagation_delay population anomaly score 3.553 >= anomaly threshold 3.5 (moderate).",UNREVIEWED,PENDING,,,,7.128271,7.423079,17.996746712500553,MEDIUM,4.849345,4.920841,5.992750035890336,LOW,102.515967,100.392598,104.11331685654659,MEDIUM
LOT_012,LOT_012_CMP_0077,LOW,LOW RISK — all evidence signals nominal. No immediate engineering concern.,,UNREVIEWED,PENDING,,,,10.822249,11.149347,18.883231053488892,LOW,5.024871,5.303905,7.079807304305397,LOW,118.398965,118.333118,120.8726043509481,LOW
LOT_012,LOT_012_CMP_0078,LOW,LOW RISK — all evidence signals nominal. No immediate engineering concern.,,UNREVIEWED,PENDING,,,,7.263438,7.602231,17.20429987201898,LOW,4.690064,4.783226,5.932946222780485,LOW,115.75742,115.880101,118.27463892904025,LOW
LOT_012,LOT_012_CMP_0079,HIGH,HIGH RISK — observed measurement currently breaches reference limits. Immediate engineering review required.,"[HIGH] Observed measurement of Iddq breaches reference limit (spec_min=0.0, spec_max=50.0). value_0h=62.4, value_24h=62.87 [uA]. | [HIGH] Module B predicts Iddq at 65.93 [uA] by 168h, crossing spec_max=50. | [HIGH] Module B 168h prediction upper bound (94.83 [uA]) crosses spec_max=50. Also population anomalous. | [MEDIUM] Iddq population anomaly score 34.666 >= strong threshold 6.0. | [MEDIUM] Module B 168h prediction interval width (80.87 [uA]) is high relative to spec range, indicating insufficient prediction confidence.",UNREVIEWED,PENDING,,,,62.400834,62.866526,65.93490731979904,HIGH,5.40202,5.477642,6.550196243822186,LOW,117.231262,118.001995,119.99286070167425,LOW
LOT_012,LOT_012_CMP_0080,HIGH,HIGH RISK — observed measurement currently breaches reference limits. Immediate engineering review required.,"[HIGH] Observed measurement of propagation_delay breaches reference limit (spec_min=80.0, spec_max=180.0). value_0h=204.5, value_24h=204.2 [ps]. | [HIGH] Module B predicts propagation_delay at 207.6 [ps] by 168h, crossing spec_max=180. | [HIGH] Module B 168h prediction upper bound (211 [ps]) crosses spec_max=180. Also population anomalous. | [MEDIUM] propagation_delay population anomaly score 15.102 >= strong threshold 6.0.",UNREVIEWED,PENDING,,,,10.394118,10.516178,13.346721974913487,LOW,4.580156,4.611618,5.5534478688360895,LOW,204.465205,204.171572,207.6288598088562,HIGH
LOT_012,LOT_012_CMP_0081,LOW,LOW RISK — all evidence signals nominal. No immediate engineering concern.,,UNREVIEWED,PENDING,,,,10.703269,10.995767,16.988986798483115,LOW,5.710953,5.793866,6.883791931709526,LOW,116.398882,117.34322,119.2149495563931,LOW
LOT_012,LOT_012_CMP_0082,MEDIUM,MEDIUM RISK — high prediction uncertainty present. Engineering review recommended.,"[MEDIUM] Module B 168h prediction interval width (20.52 [uA]) is high relative to spec range, indicating insufficient prediction confidence.",UNREVIEWED,PENDING,,,,9.642832,10.236968,14.503535485004942,MEDIUM,5.503864,5.713218,7.2396806303911765,LOW,123.014381,122.623587,125.41346616907843,LOW
LOT_012,LOT_012_CMP_0083,LOW,LOW RISK — all evidence signals nominal. No immediate engineering concern.,,UNREVIEWED,PENDING,,,,12.44016,12.726874,17.543050433662195,LOW,6.566742,6.775589,8.274482894709731,LOW,122.634765,122.758134,125.2138597459373,LOW
LOT_012,LOT_012_CMP_0084,LOW,LOW RISK — all evidence signals nominal. No immediate engineering concern.,,UNREVIEWED,PENDING,,,,10.88135,11.191588,19.43778455930308,LOW,5.974933,5.824958,6.113694916937911,LOW,111.753193,109.752894,113.47722235047581,LOW
LOT_012,LOT_012_CMP_0085,LOW,LOW RISK — all evidence signals nominal. No immediate engineering concern.,,UNREVIEWED,PENDING,,,,10.210422,10.636753,15.584300457568684,LOW,5.254474,5.476052,7.050293859851258,LOW,123.709569,123.548502,126.19683187293529,LOW
LOT_012,LOT_012_CMP_0086,LOW,LOW RISK — all evidence signals nominal. No immediate engineering concern.,,UNREVIEWED,PENDING,,,,12.236942,12.371279,14.197983581535349,LOW,5.911453,6.179692,7.897201687316664,LOW,118.989294,121.126171,122.25397590562137,LOW
LOT_012,LOT_012_CMP_0087,LOW,LOW RISK — all evidence signals nominal. No immediate engineering concern.,,UNREVIEWED,PENDING,,,,12.396324,12.734179,19.903166400992244,LOW,5.581658,5.833716,7.504022449150743,LOW,126.621567,127.671589,129.56694319966846,LOW
LOT_012,LOT_012_CMP_0088,LOW,LOW RISK — all evidence signals nominal. No immediate engineering concern.,,UNREVIEWED,PENDING,,,,11.297867,11.253123,13.308261215643483,LOW,5.233595,5.49066,7.186515119362613,LOW,112.331727,112.838543,114.95527510681745,LOW
LOT_012,LOT_012_CMP_0089,LOW,LOW RISK — all evidence signals nominal. No immediate engineering concern.,,UNREVIEWED,PENDING,,,,9.090816,9.446337,13.720726790176137,LOW,4.535433,4.65733,5.908872586794964,LOW,114.675142,116.197718,117.68203068619826,LOW
LOT_012,LOT_012_CMP_0090,LOW,LOW RISK — all evidence signals nominal. No immediate engineering concern.,,UNREVIEWED,PENDING,,,,9.595502,9.915889,16.350783495311262,LOW,5.681929,6.031705,8.033053902017063,LOW,119.224282,120.032343,122.0170564682988,LOW
LOT_012,LOT_012_CMP_0091,LOW,LOW RISK — all evidence signals nominal. No immediate engineering concern.,,UNREVIEWED,PENDING,,,,8.418428,8.73508,15.946215699145473,LOW,5.119942,5.21055,6.341103932534915,LOW,114.015811,114.156362,116.52379729576597,LOW
LOT_012,LOT_012_CMP_0092,LOW,LOW RISK — all evidence signals nominal. No immediate engineering concern.,,UNREVIEWED,PENDING,,,,10.35183,10.609126,16.81002226694097,LOW,4.879433,4.981004,6.154817878824174,LOW,110.789081,113.336518,114.12673215626431,LOW
LOT_012,LOT_012_CMP_0093,MEDIUM,MEDIUM RISK — high prediction uncertainty present. Engineering review recommended.,"[MEDIUM] Module B 168h prediction interval width (19.63 [uA]) is high relative to spec range, indicating insufficient prediction confidence.",UNREVIEWED,PENDING,,,,8.929459,9.380637,17.52422864991424,MEDIUM,5.235728,5.12016,5.544286951741055,LOW,102.061216,103.375645,104.88081681330684,LOW
LOT_012,LOT_012_CMP_0094,LOW,LOW RISK — all evidence signals nominal. No immediate engineering concern.,,UNREVIEWED,PENDING,,,,10.193009,10.208355,11.898067060143449,LOW,5.93176,5.769123,6.015698125758537,LOW,125.330085,125.936324,128.10558215273946,LOW
LOT_012,LOT_012_CMP_0095,MEDIUM,MEDIUM RISK — high prediction uncertainty present. Engineering review recommended.,"[MEDIUM] Iddq predicted drift from 0h to 168h is 10.24 [uA] (20.5% of spec range), exceeding moderate-drift threshold of 20% of spec range. | [MEDIUM] Module B 168h prediction interval width (19.87 [uA]) is high relative to spec range, indicating insufficient prediction confidence.",UNREVIEWED,PENDING,,,,10.514383,11.122143,20.751897356059445,MEDIUM,5.875451,5.961072,7.056240525111091,LOW,120.995893,120.718904,123.41748611149994,LOW
LOT_012,LOT_012_CMP_0096,MEDIUM,MEDIUM RISK — high prediction uncertainty present. Engineering review recommended.,"[MEDIUM] Iddq predicted drift from 0h to 168h is 15.37 [uA] (30.7% of spec range), exceeding moderate-drift threshold of 20% of spec range. | [MEDIUM] Module B 168h prediction interval width (22.97 [uA]) is high relative to spec range, indicating insufficient prediction confidence.",UNREVIEWED,PENDING,,,,7.385249,7.976279,22.758348524911835,MEDIUM,4.144504,4.235132,5.389467032408811,LOW,119.358744,119.048766,121.7538982361535,LOW
LOT_012,LOT_012_CMP_0097,HIGH,HIGH RISK — Module B predicts parameter(s) will cross specification boundary by 168h. Elevated engineering attention required.,"[HIGH] Module B predicts Iddq at 188.4 [uA] by 168h, crossing spec_max=50. | [MEDIUM] Module B 168h prediction upper bound (203 [uA]) crosses spec_max=50.  | [HIGH] Iddq predicted drift from 0h to 168h is 180 [uA] (359.9% of spec range), exceeding high-drift threshold of 60% of spec range. | [MEDIUM] Module B 168h prediction interval width (193.5 [uA]) is high relative to spec range, indicating insufficient prediction confidence.",UNREVIEWED,PENDING,,,,8.474216,9.447291,188.43839164369092,HIGH,3.636122,3.867929,5.516421191379811,LOW,119.196851,119.541341,121.8240152973064,LOW
LOT_012,LOT_012_CMP_0098,MEDIUM,MEDIUM RISK — high prediction uncertainty present. Engineering review recommended.,"[MEDIUM] Module B 168h prediction interval width (20.34 [uA]) is high relative to spec range, indicating insufficient prediction confidence.",UNREVIEWED,PENDING,,,,9.742039,10.603538,18.043089952457322,MEDIUM,5.336576,5.616583,7.388228307562664,LOW,119.059507,120.763697,122.17047065225012,LOW
LOT_012,LOT_012_CMP_0099,LOW,LOW RISK — all evidence signals nominal. No immediate engineering concern.,,UNREVIEWED,PENDING,,,,10.53885,10.419485,11.898067060143449,LOW,4.985223,5.160808,6.5846360538373965,LOW,116.957307,116.645546,119.33030505505532,LOW
LOT_012,LOT_012_CMP_0100,MEDIUM,MEDIUM RISK — high prediction uncertainty present. Engineering review recommended.,"[MEDIUM] Module B 168h prediction interval width (21.14 [uA]) is high relative to spec range, indicating insufficient prediction confidence.",UNREVIEWED,PENDING,,,,9.233303,9.999812,17.123273764369017,MEDIUM,5.572547,5.528568,6.188817080626567,LOW,118.639959,120.603334,121.83961901418994,LOW
LOT_013,LOT_013_CMP_0001,LOW,LOW RISK — all evidence signals nominal. No immediate engineering concern.,,UNREVIEWED,PENDING,,,,10.250419,10.383659,13.346721974913487,LOW,4.623433,4.565395,5.20073815667309,LOW,123.279228,123.873588,126.03210921679161,LOW
LOT_013,LOT_013_CMP_0002,LOW,LOW RISK — all evidence signals nominal. No immediate engineering concern.,,UNREVIEWED,PENDING,,,,10.716886,10.703509,11.56615796121668,LOW,5.557345,5.611131,6.605390071881127,LOW,121.584612,123.200945,124.6868638210113,LOW
LOT_013,LOT_013_CMP_0003,HIGH,HIGH RISK — observed measurement currently breaches reference limits. Immediate engineering review required.,"[HIGH] Observed measurement of Iddq breaches reference limit (spec_min=0.0, spec_max=50.0). value_0h=62.54, value_24h=62.86 [uA]. | [HIGH] Module B predicts Iddq at 64.96 [uA] by 168h, crossing spec_max=50. | [HIGH] Module B 168h prediction upper bound (92.55 [uA]) crosses spec_max=50. Also population anomalous. | [MEDIUM] Iddq population anomaly score 43.994 >= strong threshold 6.0. | [MEDIUM] Module B 168h prediction interval width (78.59 [uA]) is high relative to spec range, indicating insufficient prediction confidence.",UNREVIEWED,PENDING,,,,62.536342,62.859232,64.95803629644543,HIGH,5.844814,5.853263,6.685813148582073,LOW,122.835024,123.822022,125.72398578132376,LOW
LOT_013,LOT_013_CMP_0004,MEDIUM,MEDIUM RISK — high prediction uncertainty present. Engineering review recommended.,"[MEDIUM] Module B 168h prediction interval width (20.83 [uA]) is high relative to spec range, indicating insufficient prediction confidence.",UNREVIEWED,PENDING,,,,9.498927,10.058198,15.768422502633785,MEDIUM,4.335861,4.510851,5.948434466592512,LOW,117.369013,117.83477,120.02305555729623,LOW
LOT_013,LOT_013_CMP_0005,MEDIUM,MEDIUM RISK — high prediction uncertainty present. Engineering review recommended.,"[MEDIUM] Module B 168h prediction interval width (20.11 [uA]) is high relative to spec range, indicating insufficient prediction confidence.",UNREVIEWED,PENDING,,,,9.295179,9.826443,15.576685662739948,MEDIUM,5.142462,5.288655,6.608355160257837,LOW,107.836239,109.347115,110.77766817794804,LOW
LOT_013,LOT_013_CMP_0006,LOW,LOW RISK — all evidence signals nominal. No immediate engineering concern.,,UNREVIEWED,PENDING,,,,9.056236,9.36455,17.021123906117865,LOW,4.558067,4.475924,5.030593605688766,LOW,115.5957,115.895343,118.17459531640455,LOW
LOT_013,LOT_013_CMP_0007,LOW,LOW RISK — all evidence signals nominal. No immediate engineering concern.,,UNREVIEWED,PENDING,,,,7.221517,7.506158,15.498729648300934,LOW,3.711283,4.014508,5.904899644561665,LOW,99.814069,98.783692,101.7770966308805,LOW
LOT_013,LOT_013_CMP_0008,LOW,LOW RISK — all evidence signals nominal. No immediate engineering concern.,,UNREVIEWED,PENDING,,,,10.887148,11.062612,16.46287450885592,LOW,5.004901,5.304097,7.1492911809341635,LOW,121.335196,123.03767,124.46594080166739,LOW
LOT_013,LOT_013_CMP_0009,LOW,LOW RISK — all evidence signals nominal. No immediate engineering concern.,,UNREVIEWED,PENDING,,,,7.331271,7.577083,14.722655741456842,LOW,4.187361,4.173997,4.972399005773954,LOW,117.743296,119.588754,120.89285751493816,LOW
LOT_013,LOT_013_CMP_0010,MEDIUM,MEDIUM RISK — high prediction uncertainty present. Engineering review recommended.,"[MEDIUM] Module B 168h prediction interval width (23.12 [uA]) is high relative to spec range, indicating insufficient prediction confidence.",UNREVIEWED,PENDING,,,,7.08811,7.703578,12.364146112999473,MEDIUM,4.295242,4.241218,4.898237950696863,LOW,116.683731,116.777009,119.19876234538995,LOW
LOT_013,LOT_013_CMP_0011,LOW,LOW RISK — all evidence signals nominal. No immediate engineering concern.,,UNREVIEWED,PENDING,,,,8.795059,9.175461,14.775213098536463,LOW,5.767807,5.920145,7.245613960519074,LOW,124.983522,123.66964,127.070970792299,LOW
LOT_013,LOT_013_CMP_0012,HIGH,HIGH RISK — observed measurement currently breaches reference limits. Immediate engineering review required.,"[HIGH] Observed measurement of Iddq breaches reference limit (spec_min=0.0, spec_max=50.0). value_0h=55.19, value_24h=55.52 [uA]. | [HIGH] Module B predicts Iddq at 51.02 [uA] by 168h, crossing spec_max=50. | [HIGH] Module B 168h prediction upper bound (76.99 [uA]) crosses spec_max=50. Also population anomalous. | [MEDIUM] Iddq population anomaly score 37.783 >= strong threshold 6.0. | [MEDIUM] Module B 168h prediction interval width (63.03 [uA]) is high relative to spec range, indicating insufficient prediction confidence.",UNREVIEWED,PENDING,,,,55.192325,55.516131,51.01690516539046,HIGH,4.737212,4.893367,6.256915861228435,LOW,116.616399,115.047305,118.53782811236903,LOW
LOT_013,LOT_013_CMP_0013,LOW,LOW RISK — all evidence signals nominal. No immediate engineering concern.,,UNREVIEWED,PENDING,,,,10.07117,10.138946,12.548713563748679,LOW,4.946651,5.217908,6.9691714342165465,LOW,116.186482,116.448469,118.75723893734116,LOW
LOT_013,LOT_013_CMP_0014,LOW,LOW RISK — all evidence signals nominal. No immediate engineering concern.,,UNREVIEWED,PENDING,,,,10.687369,10.90674,15.731901668943802,LOW,5.404636,5.644396,7.277036734768421,LOW,126.078619,125.778392,128.53747084676667,LOW
LOT_013,LOT_013_CMP_0015,LOW,LOW RISK — all evidence signals nominal. No immediate engineering concern.,,UNREVIEWED,PENDING,,,,9.679448,10.11178,13.978364981880341,LOW,4.404554,4.556884,5.915466267609281,LOW,119.019525,119.010452,121.51897775135708,LOW
LOT_013,LOT_013_CMP_0016,LOW,LOW RISK — all evidence signals nominal. No immediate engineering concern.,,UNREVIEWED,PENDING,,,,11.979325,12.273904,17.266185826429105,LOW,4.78667,4.949802,6.335958791891893,LOW,119.790736,121.012218,122.73606158802829,LOW
LOT_013,LOT_013_CMP_0017,LOW,LOW RISK — all evidence signals nominal. No immediate engineering concern.,,UNREVIEWED,PENDING,,,,11.084111,11.019439,12.936493503322856,LOW,4.972943,5.20295,6.8128013236057825,LOW,130.855155,130.842845,133.45951644676725,LOW
LOT_013,LOT_013_CMP_0018,LOW,LOW RISK — all evidence signals nominal. No immediate engineering concern.,,UNREVIEWED,PENDING,,,,10.00952,10.308666,17.505269870097816,LOW,5.2127,5.425082,6.9689563998254815,LOW,122.978078,124.351096,126.00602221575024,LOW
LOT_013,LOT_013_CMP_0019,MEDIUM,MEDIUM RISK — high prediction uncertainty present. Engineering review recommended.,"[MEDIUM] Iddq predicted drift from 0h to 168h is 11.32 [uA] (22.6% of spec range), exceeding moderate-drift threshold of 20% of spec range. | [MEDIUM] Module B 168h prediction interval width (25.77 [uA]) is high relative to spec range, indicating insufficient prediction confidence.",UNREVIEWED,PENDING,,,,11.31563,12.211666,22.632872726240468,MEDIUM,5.363288,5.440301,6.51854385132403,LOW,120.58861,120.32496,123.01131156820051,LOW
LOT_013,LOT_013_CMP_0020,MEDIUM,MEDIUM RISK — high prediction uncertainty present. Engineering review recommended.,"[MEDIUM] Module B 168h prediction interval width (22.97 [uA]) is high relative to spec range, indicating insufficient prediction confidence.",UNREVIEWED,PENDING,,,,7.418158,8.014671,13.94085116639665,MEDIUM,4.251875,4.308448,5.343954111349566,LOW,112.123842,112.436579,114.67629560380236,LOW
LOT_013,LOT_013_CMP_0021,LOW,LOW RISK — all evidence signals nominal. No immediate engineering concern.,,UNREVIEWED,PENDING,,,,9.738851,9.973805,13.918645133434252,LOW,5.244133,5.355726,6.554875896573147,LOW,125.2697,127.28468,128.54717999728814,LOW
LOT_013,LOT_013_CMP_0022,LOW,LOW RISK — all evidence signals nominal. No immediate engineering concern.,,UNREVIEWED,PENDING,,,,10.07123,10.471538,15.380907211055726,LOW,4.767851,4.859612,6.002660063512388,LOW,120.945707,121.925039,123.81500331922007,LOW
LOT_013,LOT_013_CMP_0023,LOW,LOW RISK — all evidence signals nominal. No immediate engineering concern.,,UNREVIEWED,PENDING,,,,10.884638,11.233849,16.211266816963786,LOW,5.145702,5.178771,6.112336648411241,LOW,119.374706,121.254941,122.55129277369254,LOW
LOT_013,LOT_013_CMP_0024,HIGH,HIGH RISK — observed measurement currently breaches reference limits. Immediate engineering review required.,"[HIGH] Observed measurement of Iddq breaches reference limit (spec_min=0.0, spec_max=50.0). value_0h=68.94, value_24h=70.39 [uA]. | [HIGH] Module B predicts Iddq at 158.1 [uA] by 168h, crossing spec_max=50. | [HIGH] Module B 168h prediction upper bound (199.4 [uA]) crosses spec_max=50. Also population anomalous. | [MEDIUM] Iddq population anomaly score 49.408 >= strong threshold 6.0. | [HIGH] Iddq predicted drift from 0h to 168h is 89.13 [uA] (178.3% of spec range), exceeding high-drift threshold of 60% of spec range. | [MEDIUM] Module B 168h prediction interval width (185.4 [uA]) is high relative to spec range, indicating insufficient prediction confidence. | [MEDIUM] leakage_current population anomaly score 3.898 >= anomaly threshold 3.5 (moderate). | [MEDIUM] leakage_current early trajectory ratio: predicted 168h drift (3.811 [nA]) is 5.7x the observed early delta (0.669 [nA], 2.2% of spec range). (Supplementary signal — primary drift fraction 12.7% of spec range is below MEDIUM threshold.) | [HIGH] Combined: population anomaly (score=3.898) co-occurring with elevated predicted drift — escalated to HIGH.",UNREVIEWED,PENDING,,,,68.939108,70.388644,158.06777816515057,HIGH,3.573364,4.242381,7.384455634807297,HIGH,118.771121,117.272319,120.73693381817492,LOW
LOT_013,LOT_013_CMP_0025,LOW,LOW RISK — all evidence signals nominal. No immediate engineering concern.,,UNREVIEWED,PENDING,,,,9.755857,10.129064,13.12405338311233,LOW,4.915845,5.144864,6.752731647445424,LOW,121.863229,124.166944,125.21317948550288,LOW
LOT_013,LOT_013_CMP_0026,LOW,LOW RISK — all evidence signals nominal. No immediate engineering concern.,,UNREVIEWED,PENDING,,,,10.354494,10.530568,15.590604547595436,LOW,5.288853,5.241258,5.896063424381467,LOW,123.372492,121.684691,125.31211994059285,LOW
LOT_013,LOT_013_CMP_0027,MEDIUM,MEDIUM RISK — high prediction uncertainty present. Engineering review recommended.,"[MEDIUM] Module B 168h prediction interval width (20.11 [uA]) is high relative to spec range, indicating insufficient prediction confidence.",UNREVIEWED,PENDING,,,,10.181468,10.839554,17.433992584277895,MEDIUM,5.439543,5.519677,6.6067170632739405,LOW,125.696342,126.486377,128.54068474861904,LOW
LOT_013,LOT_013_CMP_0028,MEDIUM,MEDIUM RISK — high prediction uncertainty present. Engineering review recommended.,"[MEDIUM] Module B 168h prediction interval width (18.7 [uA]) is high relative to spec range, indicating insufficient prediction confidence.",UNREVIEWED,PENDING,,,,11.424248,11.950424,18.476943359878838,MEDIUM,4.932535,5.029518,6.186383606901182,LOW,123.672154,125.665286,126.92752421966509,LOW
LOT_013,LOT_013_CMP_0029,LOW,LOW RISK — all evidence signals nominal. No immediate engineering concern.,,UNREVIEWED,PENDING,,,,11.175014,11.379375,17.56308986356302,LOW,5.194647,5.267426,6.335319227924637,LOW,123.729565,124.856314,126.6763948562913,LOW
LOT_013,LOT_013_CMP_0030,MEDIUM,"MEDIUM RISK — population outlier, high prediction uncertainty present. Engineering review recommended.","[MEDIUM] Module B 168h prediction interval width (18.51 [uA]) is high relative to spec range, indicating insufficient prediction confidence. | [MEDIUM] leakage_current population anomaly score 6.693 >= strong threshold 6.0.",UNREVIEWED,PENDING,,,,9.922581,10.37364,19.612020866422643,MEDIUM,1.577029,1.836873,3.6311028771375264,MEDIUM,114.638898,113.941059,116.85339878212694,LOW
LOT_013,LOT_013_CMP_0031,LOW,LOW RISK — all evidence signals nominal. No immediate engineering concern.,,UNREVIEWED,PENDING,,,,10.982749,11.285535,18.359322340589287,LOW,5.035414,5.248949,6.801068030474801,LOW,130.299762,130.4718,132.9649067097704,LOW
LOT_013,LOT_013_CMP_0032,LOW,LOW RISK — all evidence signals nominal. No immediate engineering concern.,,UNREVIEWED,PENDING,,,,9.862742,9.85784,11.820392775448628,LOW,5.399131,5.651324,7.326528382375628,LOW,111.05063,113.389711,114.31630055235367,LOW
LOT_013,LOT_013_CMP_0033,LOW,LOW RISK — all evidence signals nominal. No immediate engineering concern.,,UNREVIEWED,PENDING,,,,10.070445,10.449916,15.380907211055726,LOW,4.827478,4.99284,6.3856150227466735,LOW,121.885876,121.562765,124.29899200280111,LOW
LOT_013,LOT_013_CMP_0034,LOW,LOW RISK — all evidence signals nominal. No immediate engineering concern.,,UNREVIEWED,PENDING,,,,11.348675,11.714677,15.954707262047762,LOW,4.661459,4.751706,5.892173653442329,LOW,114.17894,114.556658,116.77299001068843,LOW
LOT_013,LOT_013_CMP_0035,MEDIUM,MEDIUM RISK — high prediction uncertainty present. Engineering review recommended.,"[MEDIUM] Iddq predicted drift from 0h to 168h is 11.36 [uA] (22.7% of spec range), exceeding moderate-drift threshold of 20% of spec range. | [MEDIUM] Module B 168h prediction interval width (20.47 [uA]) is high relative to spec range, indicating insufficient prediction confidence.",UNREVIEWED,PENDING,,,,9.645871,10.462415,21.009846544843317,MEDIUM,4.672395,4.788002,6.014749305318578,LOW,117.216755,119.385309,120.47685230967733,LOW
LOT_013,LOT_013_CMP_0036,LOW,LOW RISK — all evidence signals nominal. No immediate engineering concern.,,UNREVIEWED,PENDING,,,,10.58875,10.925592,19.206639148477652,LOW,4.316978,4.45903,5.7846657345590256,LOW,115.8093,117.2196,118.7863013629939,LOW
LOT_013,LOT_013_CMP_0037,LOW,LOW RISK — all evidence signals nominal. No immediate engineering concern.,,UNREVIEWED,PENDING,,,,11.131799,11.500143,16.377423298882697,LOW,4.930783,4.775743,5.072577936005459,LOW,122.608103,120.428363,124.365397230013,LOW
LOT_013,LOT_013_CMP_0038,LOW,LOW RISK — all evidence signals nominal. No immediate engineering concern.,,UNREVIEWED,PENDING,,,,10.641044,11.075645,15.718935738209035,LOW,5.5819,5.633572,6.620019740553142,LOW,122.186315,123.08983,125.03968353304967,LOW
LOT_013,LOT_013_CMP_0039,MEDIUM,MEDIUM RISK — elevated predicted drift present. Engineering review recommended.,"[MEDIUM] Iddq predicted drift from 0h to 168h is 13.04 [uA] (26.1% of spec range), exceeding moderate-drift threshold of 20% of spec range.",UNREVIEWED,PENDING,,,,11.637295,11.866683,24.675714149665424,MEDIUM,4.888593,4.839646,5.499567783669305,LOW,116.316523,116.769281,118.95649682710851,LOW
LOT_013,LOT_013_CMP_0040,LOW,LOW RISK — all evidence signals nominal. No immediate engineering concern.,,UNREVIEWED,PENDING,,,,13.500874,13.447122,15.419419183711708,LOW,5.958656,6.019896,7.029837321920462,LOW,123.90478,126.300369,127.30579872340856,LOW
LOT_013,LOT_013_CMP_0041,MEDIUM,MEDIUM RISK — high prediction uncertainty present. Engineering review recommended.,"[MEDIUM] Module B 168h prediction interval width (21.23 [uA]) is high relative to spec range, indicating insufficient prediction confidence.",UNREVIEWED,PENDING,,,,10.693172,11.543125,9.97307275474325,MEDIUM,5.255206,5.3387,6.441687882957057,LOW,126.175647,128.587453,129.60280069398888,LOW
LOT_013,LOT_013_CMP_0042,LOW,LOW RISK — all evidence signals nominal. No immediate engineering concern.,,UNREVIEWED,PENDING,,,,9.309203,9.593442,15.302179437300218,LOW,4.457282,4.696849,6.3518612137422945,LOW,112.786353,112.847052,115.25483698895857,LOW
LOT_013,LOT_013_CMP_0043,MEDIUM,MEDIUM RISK — high prediction uncertainty present. Engineering review recommended.,"[MEDIUM] Module B 168h prediction interval width (18.73 [uA]) is high relative to spec range, indicating insufficient prediction confidence.",UNREVIEWED,PENDING,,,,10.653683,11.166948,15.80967710630998,MEDIUM,5.193909,5.340329,6.659553164230761,LOW,115.981403,116.076496,118.49078797233952,LOW
LOT_013,LOT_013_CMP_0044,LOW,LOW RISK — all evidence signals nominal. No immediate engineering concern.,,UNREVIEWED,PENDING,,,,10.447762,10.736466,17.70866311661078,LOW,4.830559,4.826141,5.63943671067288,LOW,123.436773,126.651398,127.12576303558613,LOW
LOT_013,LOT_013_CMP_0045,LOW,LOW RISK — all evidence signals nominal. No immediate engineering concern.,,UNREVIEWED,PENDING,,,,10.663147,11.104364,15.718935738209035,LOW,5.562421,5.614309,6.6019674123901035,LOW,121.415597,122.077407,124.17583820314647,LOW
LOT_013,LOT_013_CMP_0046,LOW,LOW RISK — all evidence signals nominal. No immediate engineering concern.,,UNREVIEWED,PENDING,,,,12.013144,12.323729,18.510804527061808,LOW,5.264677,5.386508,6.620097466900724,LOW,124.002955,124.005229,126.55111376831114,LOW
LOT_013,LOT_013_CMP_0047,MEDIUM,MEDIUM RISK — high prediction uncertainty present. Engineering review recommended.,"[MEDIUM] Module B 168h prediction interval width (22.06 [uA]) is high relative to spec range, indicating insufficient prediction confidence.",UNREVIEWED,PENDING,,,,7.444703,7.956148,12.298920979274444,MEDIUM,4.257519,4.379294,5.637176314799061,LOW,119.598865,123.386875,123.45799918068431,LOW
LOT_013,LOT_013_CMP_0048,LOW,LOW RISK — all evidence signals nominal. No immediate engineering concern.,,UNREVIEWED,PENDING,,,,12.056795,12.390034,19.626301793759154,LOW,5.283507,5.339158,6.346438703050808,LOW,118.177967,119.088344,120.99786306837423,LOW
LOT_013,LOT_013_CMP_0049,LOW,LOW RISK — all evidence signals nominal. No immediate engineering concern.,,UNREVIEWED,PENDING,,,,12.451607,12.710247,16.644409583992385,LOW,5.914842,5.909671,6.694038101866283,LOW,121.400934,121.793035,124.0648336127193,LOW
LOT_013,LOT_013_CMP_0050,MEDIUM,MEDIUM RISK — high prediction uncertainty present. Engineering review recommended.,"[MEDIUM] Module B 168h prediction interval width (19.95 [uA]) is high relative to spec range, indicating insufficient prediction confidence.",UNREVIEWED,PENDING,,,,10.405234,11.191172,13.227656069039421,MEDIUM,5.417396,5.550757,6.819982049488008,LOW,117.603406,118.5901,120.44537690366141,LOW
LOT_013,LOT_013_CMP_0051,MEDIUM,MEDIUM RISK — high prediction uncertainty present. Engineering review recommended.,"[MEDIUM] Module B 168h prediction interval width (19.63 [uA]) is high relative to spec range, indicating insufficient prediction confidence.",UNREVIEWED,PENDING,,,,10.668438,11.274723,15.982057983950881,MEDIUM,4.057731,4.237517,5.698228994277432,LOW,118.023981,118.809142,120.79783028001009,LOW
LOT_013,LOT_013_CMP_0052,MEDIUM,MEDIUM RISK — high prediction uncertainty present. Engineering review recommended.,"[MEDIUM] Module B 168h prediction interval width (20.11 [uA]) is high relative to spec range, indicating insufficient prediction confidence.",UNREVIEWED,PENDING,,,,9.317429,9.84071,14.06910634998129,MEDIUM,5.008725,5.117169,6.311295130682625,LOW,126.091125,126.142832,128.67563028620086,LOW
LOT_013,LOT_013_CMP_0053,LOW,LOW RISK — all evidence signals nominal. No immediate engineering concern.,,UNREVIEWED,PENDING,,,,10.253751,10.223323,11.898067060143449,LOW,4.242833,4.34009,5.514657299814757,LOW,111.217485,109.92041,113.18756668639035,LOW
LOT_013,LOT_013_CMP_0054,MEDIUM,MEDIUM RISK — high prediction uncertainty present. Engineering review recommended.,"[MEDIUM] Module B 168h prediction interval width (17.63 [uA]) is high relative to spec range, indicating insufficient prediction confidence.",UNREVIEWED,PENDING,,,,10.792178,11.292359,15.35757907229306,MEDIUM,5.077221,5.166605,6.294020360335243,LOW,113.905369,115.616477,116.97261232210823,LOW
LOT_013,LOT_013_CMP_0055,LOW,LOW RISK — all evidence signals nominal. No immediate engineering concern.,,UNREVIEWED,PENDING,,,,10.731046,11.151016,14.864624139441023,LOW,5.058769,5.306879,6.976423601753749,LOW,112.352731,114.884407,115.69877235341012,LOW
LOT_013,LOT_013_CMP_0056,MEDIUM,MEDIUM RISK — high prediction uncertainty present. Engineering review recommended.,"[MEDIUM] Module B 168h prediction interval width (18.11 [uA]) is high relative to spec range, indicating insufficient prediction confidence.",UNREVIEWED,PENDING,,,,11.063925,11.533865,18.21590993357297,MEDIUM,5.054752,5.198135,6.5103777615058975,LOW,128.566547,129.765311,131.58241189731697,LOW
LOT_013,LOT_013_CMP_0057,LOW,LOW RISK — all evidence signals nominal. No immediate engineering concern.,,UNREVIEWED,PENDING,,,,11.276209,11.359144,14.836972514540419,LOW,5.275311,5.386084,6.58167756535669,LOW,117.998908,117.605096,120.35197111151254,LOW
LOT_013,LOT_013_CMP_0058,LOW,LOW RISK — all evidence signals nominal. No immediate engineering concern.,,UNREVIEWED,PENDING,,,,11.310369,11.405116,15.026305581822834,LOW,5.522019,5.820941,7.652628995955907,LOW,120.439139,120.286989,122.90027521686422,LOW
LOT_013,LOT_013_CMP_0059,MEDIUM,MEDIUM RISK — high prediction uncertainty present. Engineering review recommended.,"[MEDIUM] Module B 168h prediction interval width (19.83 [uA]) is high relative to spec range, indicating insufficient prediction confidence.",UNREVIEWED,PENDING,,,,11.155786,11.706362,16.55248939579309,MEDIUM,4.850833,5.232799,7.364205895810119,LOW,111.484473,112.16448,114.16220898874334,LOW
LOT_013,LOT_013_CMP_0060,MEDIUM,MEDIUM RISK — high prediction uncertainty present. Engineering review recommended.,"[MEDIUM] Module B 168h prediction interval width (22.01 [uA]) is high relative to spec range, indicating insufficient prediction confidence.",UNREVIEWED,PENDING,,,,8.298861,8.846426,12.541591904555657,MEDIUM,4.203832,4.416578,5.98622014235084,LOW,115.499658,116.295439,118.25467425224431,LOW
LOT_013,LOT_013_CMP_0061,HIGH,HIGH RISK — observed measurement currently breaches reference limits. Immediate engineering review required.,"[HIGH] Observed measurement of propagation_delay breaches reference limit (spec_min=80.0, spec_max=180.0). value_0h=205.7, value_24h=204.5 [ps]. | [HIGH] Module B predicts propagation_delay at 208.5 [ps] by 168h, crossing spec_max=180. | [HIGH] Module B 168h prediction upper bound (212 [ps]) crosses spec_max=180. Also population anomalous. | [MEDIUM] propagation_delay population anomaly score 14.820 >= strong threshold 6.0.",UNREVIEWED,PENDING,,,,10.99863,11.191106,17.19132215124239,LOW,5.235513,5.2612,6.167389961252603,LOW,205.700672,204.477273,208.54373354587693,HIGH
LOT_013,LOT_013_CMP_0062,LOW,LOW RISK — all evidence signals nominal. No immediate engineering concern.,,UNREVIEWED,PENDING,,,,12.44067,12.759906,18.64541788681904,LOW,5.070559,5.021183,5.675217161092764,LOW,123.403837,124.459324,126.3223274152383,LOW
LOT_013,LOT_013_CMP_0063,LOW,LOW RISK — all evidence signals nominal. No immediate engineering concern.,,UNREVIEWED,PENDING,,,,10.128209,10.180326,11.898067060143449,LOW,4.841092,4.758619,5.3052820992419525,LOW,117.836513,119.248478,120.83227489368223,LOW
LOT_013,LOT_013_CMP_0064,LOW,LOW RISK — all evidence signals nominal. No immediate engineering concern.,,UNREVIEWED,PENDING,,,,12.016686,12.155102,14.617238832472982,LOW,6.016754,6.350741,8.290067556355972,LOW,116.815015,116.180391,119.07156671949878,LOW
LOT_013,LOT_013_CMP_0065,LOW,LOW RISK — all evidence signals nominal. No immediate engineering concern.,,UNREVIEWED,PENDING,,,,8.751626,8.99967,14.639927986230356,LOW,3.890046,4.051365,5.453131489432721,LOW,114.738563,114.297945,117.04571240582072,LOW
LOT_013,LOT_013_CMP_0066,LOW,LOW RISK — all evidence signals nominal. No immediate engineering concern.,,UNREVIEWED,PENDING,,,,10.028727,10.050833,11.820392775448628,LOW,4.776376,4.855655,5.955898778659155,LOW,120.792589,121.073651,123.41142734596886,LOW
LOT_013,LOT_013_CMP_0067,LOW,LOW RISK — all evidence signals nominal. No immediate engineering concern.,,UNREVIEWED,PENDING,,,,8.996083,9.190638,14.895616804812558,LOW,4.502074,4.478757,5.235541968596005,LOW,113.957461,113.212032,116.14887894344294,LOW
LOT_013,LOT_013_CMP_0068,LOW,LOW RISK — all evidence signals nominal. No immediate engineering concern.,,UNREVIEWED,PENDING,,,,12.074569,12.301364,16.380868409210418,LOW,6.308118,6.463464,7.786063363014708,LOW,126.352853,125.243058,128.52537447488632,LOW
LOT_013,LOT_013_CMP_0069,MEDIUM,MEDIUM RISK — population outlier present. Engineering review recommended.,[MEDIUM] leakage_current population anomaly score 9.373 >= strong threshold 6.0. | [MEDIUM] propagation_delay population anomaly score 8.652 >= strong threshold 6.0.,UNREVIEWED,PENDING,,,,12.234534,12.558492,18.64541788681904,LOW,9.697061,9.60368,9.995069261112945,MEDIUM,169.94739,169.227983,172.64983662809576,MEDIUM
LOT_013,LOT_013_CMP_0070,LOW,LOW RISK — all evidence signals nominal. No immediate engineering concern.,,UNREVIEWED,PENDING,,,,10.008813,10.322422,18.60763732325466,LOW,4.710577,4.738928,5.666970501005986,LOW,116.130749,116.199968,118.63224258179409,LOW
LOT_013,LOT_013_CMP_0071,LOW,LOW RISK — all evidence signals nominal. No immediate engineering concern.,,UNREVIEWED,PENDING,,,,11.623565,11.848386,17.213075102403877,LOW,4.874366,4.958096,6.07114747519359,LOW,124.58564,126.207853,127.71688263123929,LOW
LOT_013,LOT_013_CMP_0072,LOW,LOW RISK — all evidence signals nominal. No immediate engineering concern.,,UNREVIEWED,PENDING,,,,12.302031,12.485333,16.74681795663593,LOW,5.529511,5.572124,6.528929867456799,LOW,121.130674,123.034089,124.33126537762683,LOW
LOT_013,LOT_013_CMP_0073,MEDIUM,MEDIUM RISK — high prediction uncertainty present. Engineering review recommended.,"[MEDIUM] Module B 168h prediction interval width (20.47 [uA]) is high relative to spec range, indicating insufficient prediction confidence.",UNREVIEWED,PENDING,,,,9.833712,10.425541,16.49834105556558,MEDIUM,5.081006,5.211103,6.477366692759264,LOW,124.365516,125.090731,127.1748102387197,LOW
LOT_013,LOT_013_CMP_0074,MEDIUM,MEDIUM RISK — high prediction uncertainty present. Engineering review recommended.,"[MEDIUM] Module B 168h prediction interval width (19.56 [uA]) is high relative to spec range, indicating insufficient prediction confidence.",UNREVIEWED,PENDING,,,,9.952287,10.46885,16.325960177924674,MEDIUM,4.58385,4.843161,6.562476260059781,LOW,129.83803,129.322965,132.25393460950036,LOW
LOT_013,LOT_013_CMP_0075,HIGH,HIGH RISK — observed measurement currently breaches reference limits. Immediate engineering review required.,"[HIGH] Observed measurement of Iddq breaches reference limit (spec_min=0.0, spec_max=50.0). value_0h=62.72, value_24h=62.67 [uA]. | [HIGH] Module B predicts Iddq at 75.96 [uA] by 168h, crossing spec_max=50. | [HIGH] Module B 168h prediction upper bound (76.7 [uA]) crosses spec_max=50. Also population anomalous. | [MEDIUM] Iddq population anomaly score 44.150 >= strong threshold 6.0. | [MEDIUM] Iddq predicted drift from 0h to 168h is 13.24 [uA] (26.5% of spec range), exceeding moderate-drift threshold of 20% of spec range. | [MEDIUM] Module B 168h prediction interval width (62.64 [uA]) is high relative to spec range, indicating insufficient prediction confidence.",UNREVIEWED,PENDING,,,,62.720904,62.674401,75.95914837163025,HIGH,5.733011,5.777016,6.733625240495271,LOW,115.07926,114.266518,117.2567190006557,LOW
LOT_013,LOT_013_CMP_0076,HIGH,HIGH RISK — observed measurement currently breaches reference limits. Immediate engineering review required.,"[HIGH] Observed measurement of leakage_current breaches reference limit (spec_min=0.0, spec_max=30.0). value_0h=41.28, value_24h=41.5 [nA]. | [HIGH] Module B predicts leakage_current at 42.2 [nA] by 168h, crossing spec_max=30. | [HIGH] Module B 168h prediction upper bound (45.75 [nA]) crosses spec_max=30. Also population anomalous. | [MEDIUM] leakage_current population anomaly score 71.866 >= strong threshold 6.0.",UNREVIEWED,PENDING,,,,8.952962,9.33286,13.026033904567859,LOW,41.280057,41.502703,42.20480957739455,HIGH,120.953401,121.131123,123.53681715109941,LOW
LOT_013,LOT_013_CMP_0077,LOW,LOW RISK — all evidence signals nominal. No immediate engineering concern.,,UNREVIEWED,PENDING,,,,10.426366,10.454274,11.898067060143449,LOW,5.235642,5.577126,7.561026192285874,LOW,126.744921,126.936172,129.38506311676923,LOW
LOT_013,LOT_013_CMP_0078,MEDIUM,MEDIUM RISK — high prediction uncertainty present. Engineering review recommended.,"[MEDIUM] Iddq predicted drift from 0h to 168h is 24.22 [uA] (48.4% of spec range), exceeding moderate-drift threshold of 20% of spec range. | [MEDIUM] Module B 168h prediction interval width (32.8 [uA]) is high relative to spec range, indicating insufficient prediction confidence.",UNREVIEWED,PENDING,,,,12.79001,13.400468,37.00564527354581,MEDIUM,5.55134,5.869366,7.765536998010678,LOW,118.869807,119.215532,121.49448108419901,LOW
LOT_013,LOT_013_CMP_0079,LOW,LOW RISK — all evidence signals nominal. No immediate engineering concern.,,UNREVIEWED,PENDING,,,,9.237026,9.654221,18.37626688786886,LOW,4.898231,4.927448,5.853884021019307,LOW,115.184677,116.571739,118.14779146418047,LOW
LOT_013,LOT_013_CMP_0080,LOW,LOW RISK — all evidence signals nominal. No immediate engineering concern.,,UNREVIEWED,PENDING,,,,11.225359,11.640035,15.954707262047762,LOW,5.151294,5.095474,5.725554202660471,LOW,118.173351,117.987341,120.60210417655651,LOW
LOT_013,LOT_013_CMP_0081,LOW,LOW RISK — all evidence signals nominal. No immediate engineering concern.,,UNREVIEWED,PENDING,,,,10.660779,11.004117,17.782838120951713,LOW,5.812481,5.813778,6.62270669148154,LOW,119.332666,121.322001,122.54779402629363,LOW
LOT_013,LOT_013_CMP_0082,LOW,LOW RISK — all evidence signals nominal. No immediate engineering concern.,,UNREVIEWED,PENDING,,,,9.908015,10.096455,16.075221423368173,LOW,5.066281,5.066398,5.889439814476823,LOW,116.773189,116.267292,119.07528520383315,LOW
LOT_013,LOT_013_CMP_0083,LOW,LOW RISK — all evidence signals nominal. No immediate engineering concern.,,UNREVIEWED,PENDING,,,,10.330433,10.429393,13.616111426322796,LOW,4.873522,5.226289,7.257497552420755,LOW,119.607364,118.993464,121.89633161058295,LOW
LOT_013,LOT_013_CMP_0084,LOW,LOW RISK — all evidence signals nominal. No immediate engineering concern.,,UNREVIEWED,PENDING,,,,12.536285,12.768587,16.65773301644351,LOW,5.445964,5.428494,6.182286978769411,LOW,127.321456,128.040699,130.15510917128705,LOW
LOT_013,LOT_013_CMP_0085,MEDIUM,MEDIUM RISK — high prediction uncertainty present. Engineering review recommended.,"[MEDIUM] Module B 168h prediction interval width (19.87 [uA]) is high relative to spec range, indicating insufficient prediction confidence.",UNREVIEWED,PENDING,,,,10.583094,11.145536,17.508993258962473,MEDIUM,4.861305,5.165875,7.032899721863952,LOW,111.754618,111.133044,113.97047683445857,LOW
LOT_013,LOT_013_CMP_0086,MEDIUM,MEDIUM RISK — high prediction uncertainty present. Engineering review recommended.,"[MEDIUM] Module B 168h prediction interval width (25.81 [uA]) is high relative to spec range, indicating insufficient prediction confidence.",UNREVIEWED,PENDING,,,,10.910192,11.31212,16.377423298882697,MEDIUM,5.413066,5.388875,6.120531120860559,LOW,115.4709,115.347524,117.89777823493874,LOW
LOT_013,LOT_013_CMP_0087,MEDIUM,MEDIUM RISK — high prediction uncertainty present. Engineering review recommended.,"[MEDIUM] Module B 168h prediction interval width (19.52 [uA]) is high relative to spec range, indicating insufficient prediction confidence.",UNREVIEWED,PENDING,,,,12.159481,12.778697,22.027941200840733,MEDIUM,6.04795,5.980425,6.54876215059253,LOW,127.511046,128.02078,130.2716624201258,LOW
LOT_013,LOT_013_CMP_0088,LOW,LOW RISK — all evidence signals nominal. No immediate engineering concern.,,UNREVIEWED,PENDING,,,,9.510125,9.725975,14.267911796044677,LOW,4.694947,4.711243,5.598525636289305,LOW,131.414806,132.590723,134.4480452365166,LOW
LOT_013,LOT_013_CMP_0089,MEDIUM,MEDIUM RISK — high prediction uncertainty present. Engineering review recommended.,"[MEDIUM] Module B 168h prediction interval width (21.1 [uA]) is high relative to spec range, indicating insufficient prediction confidence.",UNREVIEWED,PENDING,,,,8.246761,8.77674,14.860396484624436,MEDIUM,4.789173,4.70511,5.247609089913453,LOW,111.27311,111.288336,113.71181220667289,LOW
LOT_013,LOT_013_CMP_0090,LOW,LOW RISK — all evidence signals nominal. No immediate engineering concern.,,UNREVIEWED,PENDING,,,,12.621098,12.896991,19.670612104232767,LOW,5.716566,5.732525,6.5938220599234505,LOW,126.127017,126.960128,128.9905851903369,LOW
LOT_013,LOT_013_CMP_0091,MEDIUM,MEDIUM RISK — high prediction uncertainty present. Engineering review recommended.,"[MEDIUM] Module B 168h prediction interval width (20.38 [uA]) is high relative to spec range, indicating insufficient prediction confidence.",UNREVIEWED,PENDING,,,,9.834354,10.556998,14.21284319526903,MEDIUM,5.102007,5.356185,7.045386616296061,LOW,125.540547,127.002717,128.62325660191308,LOW
LOT_013,LOT_013_CMP_0092,MEDIUM,MEDIUM RISK — high prediction uncertainty present. Engineering review recommended.,"[MEDIUM] Iddq predicted drift from 0h to 168h is 12.39 [uA] (24.8% of spec range), exceeding moderate-drift threshold of 20% of spec range. | [MEDIUM] Module B 168h prediction interval width (23.9 [uA]) is high relative to spec range, indicating insufficient prediction confidence.",UNREVIEWED,PENDING,,,,11.340995,11.804257,23.72601134188799,MEDIUM,4.485553,4.44485,5.142703779436498,LOW,119.790937,120.771839,122.65044505251055,LOW
LOT_013,LOT_013_CMP_0093,LOW,LOW RISK — all evidence signals nominal. No immediate engineering concern.,,UNREVIEWED,PENDING,,,,11.858268,11.781047,14.269293035927904,LOW,4.344102,4.368678,5.292746630755813,LOW,124.006041,123.693038,126.44176228452834,LOW
LOT_013,LOT_013_CMP_0094,MEDIUM,MEDIUM RISK — high prediction uncertainty present. Engineering review recommended.,"[MEDIUM] Module B 168h prediction interval width (17.97 [uA]) is high relative to spec range, indicating insufficient prediction confidence.",UNREVIEWED,PENDING,,,,10.437447,10.933646,16.077255390420717,MEDIUM,4.614391,4.543934,5.137114923355696,LOW,124.200259,125.168508,127.09476703447619,LOW
LOT_013,LOT_013_CMP_0095,LOW,LOW RISK — all evidence signals nominal. No immediate engineering concern.,,UNREVIEWED,PENDING,,,,8.321107,8.656379,16.549418469706676,LOW,4.500241,4.758452,6.476045845012907,LOW,126.272055,125.748819,128.65308886126158,LOW
LOT_013,LOT_013_CMP_0096,LOW,LOW RISK — all evidence signals nominal. No immediate engineering concern.,,UNREVIEWED,PENDING,,,,10.157364,10.239438,13.42677835904038,LOW,4.66072,4.637261,5.389704692477656,LOW,115.62001,115.982083,118.22139310313354,LOW
LOT_013,LOT_013_CMP_0097,LOW,LOW RISK — all evidence signals nominal. No immediate engineering concern.,,UNREVIEWED,PENDING,,,,9.017141,9.438208,13.72503776286275,LOW,4.39523,4.632238,6.280025652456624,LOW,118.465976,117.460455,120.60501676108224,LOW
LOT_013,LOT_013_CMP_0098,LOW,LOW RISK — all evidence signals nominal. No immediate engineering concern.,,UNREVIEWED,PENDING,,,,8.843222,8.931114,15.12088245839924,LOW,4.112981,4.244248,5.538037162303312,LOW,122.692598,122.097827,125.01603718486834,LOW
LOT_013,LOT_013_CMP_0099,LOW,LOW RISK — all evidence signals nominal. No immediate engineering concern.,,UNREVIEWED,PENDING,,,,9.611584,9.74689,12.654288821763387,LOW,4.640072,4.756468,5.986693678417169,LOW,119.176501,118.025256,121.2699265878069,LOW
LOT_013,LOT_013_CMP_0100,HIGH,HIGH RISK — Module B predicts parameter(s) will cross specification boundary by 168h. Elevated engineering attention required.,"[HIGH] Module B predicts Iddq at 119.4 [uA] by 168h, crossing spec_max=50. | [HIGH] Module B 168h prediction upper bound (119.4 [uA]) crosses spec_max=50. Also population anomalous. | [MEDIUM] Iddq population anomaly score 4.011 >= anomaly threshold 3.5 (moderate). | [HIGH] Iddq predicted drift from 0h to 168h is 112.4 [uA] (224.7% of spec range), exceeding high-drift threshold of 60% of spec range. | [MEDIUM] Module B 168h prediction interval width (107.6 [uA]) is high relative to spec range, indicating insufficient prediction confidence.",UNREVIEWED,PENDING,,,,7.0281,8.193743,119.3791670135047,HIGH,3.691667,4.201558,6.7977109497824175,LOW,105.781022,105.217842,107.96417948408848,LOW
LOT_014,LOT_014_CMP_0001,LOW,LOW RISK — all evidence signals nominal. No immediate engineering concern.,,UNREVIEWED,PENDING,,,,10.370646,10.683474,18.811030569767624,LOW,5.486575,5.767997,7.5408247786748674,LOW,121.650546,122.077744,124.3292022260047,LOW
LOT_014,LOT_014_CMP_0002,LOW,LOW RISK — all evidence signals nominal. No immediate engineering concern.,,UNREVIEWED,PENDING,,,,9.050834,9.479494,13.981587947597502,LOW,5.051746,5.083964,6.016909525125867,LOW,119.312659,122.451486,122.93765279838337,LOW
LOT_014,LOT_014_CMP_0003,LOW,LOW RISK — all evidence signals nominal. No immediate engineering concern.,,UNREVIEWED,PENDING,,,,12.249738,12.033416,14.03097701908032,LOW,6.263809,6.455189,7.901837939270069,LOW,122.979622,124.36048,126.01037672513758,LOW
LOT_014,LOT_014_CMP_0004,MEDIUM,MEDIUM RISK — high prediction uncertainty present. Engineering review recommended.,"[MEDIUM] Module B 168h prediction interval width (17.85 [uA]) is high relative to spec range, indicating insufficient prediction confidence.",UNREVIEWED,PENDING,,,,10.606882,11.088636,16.7099210852782,MEDIUM,5.778095,5.979437,7.471890715835786,LOW,120.682236,120.560221,123.15630040966317,LOW
LOT_014,LOT_014_CMP_0005,LOW,LOW RISK — all evidence signals nominal. No immediate engineering concern.,,UNREVIEWED,PENDING,,,,8.765104,8.685433,13.36467071605678,LOW,4.478752,4.5048,5.430618757874907,LOW,117.467227,120.559575,121.0591032906118,LOW
LOT_014,LOT_014_CMP_0006,LOW,LOW RISK — all evidence signals nominal. No immediate engineering concern.,,UNREVIEWED,PENDING,,,,12.358478,12.645753,17.543050433662195,LOW,5.865867,5.961021,7.088955567778915,LOW,135.425607,135.959906,138.2659114751749,LOW
LOT_014,LOT_014_CMP_0007,LOW,LOW RISK — all evidence signals nominal. No immediate engineering concern.,,UNREVIEWED,PENDING,,,,7.691561,7.779474,11.04189243212932,LOW,3.763442,4.061868,5.934614221932648,LOW,122.337708,124.00397,125.46451918667772,LOW
LOT_014,LOT_014_CMP_0008,LOW,LOW RISK — all evidence signals nominal. No immediate engineering concern.,,UNREVIEWED,PENDING,,,,7.309255,7.624873,17.154794103333845,LOW,4.968057,5.251429,7.043516645337543,LOW,117.968829,116.872833,120.07114053936492,LOW
LOT_014,LOT_014_CMP_0009,LOW,LOW RISK — all evidence signals nominal. No immediate engineering concern.,,UNREVIEWED,PENDING,,,,9.041943,9.280356,14.190184112030247,LOW,4.843126,4.904822,5.943437978383586,LOW,124.444178,126.357688,127.6780639676313,LOW
LOT_014,LOT_014_CMP_0010,LOW,LOW RISK — all evidence signals nominal. No immediate engineering concern.,,UNREVIEWED,PENDING,,,,8.179881,8.484032,14.843848245988633,LOW,5.310094,5.341961,6.267428249016351,LOW,110.488796,114.242789,114.25415703955524,LOW
LOT_014,LOT_014_CMP_0011,MEDIUM,MEDIUM RISK — high prediction uncertainty present. Engineering review recommended.,"[MEDIUM] Iddq predicted drift from 0h to 168h is 17.66 [uA] (35.3% of spec range), exceeding moderate-drift threshold of 20% of spec range. | [MEDIUM] Module B 168h prediction interval width (16.76 [uA]) is high relative to spec range, indicating insufficient prediction confidence.",UNREVIEWED,PENDING,,,,8.612299,8.921628,26.269461237291406,MEDIUM,4.748253,4.840032,5.983617918056375,LOW,127.93371,127.167674,130.24302330538202,LOW
LOT_014,LOT_014_CMP_0012,MEDIUM,MEDIUM RISK — high prediction uncertainty present. Engineering review recommended.,"[MEDIUM] Module B 168h prediction interval width (19.91 [uA]) is high relative to spec range, indicating insufficient prediction confidence.",UNREVIEWED,PENDING,,,,10.435531,11.01567,18.777879809275547,MEDIUM,4.453406,4.534434,5.648497935548309,LOW,129.054253,129.603251,131.84270485556695,LOW
LOT_014,LOT_014_CMP_0013,LOW,LOW RISK — all evidence signals nominal. No immediate engineering concern.,,UNREVIEWED,PENDING,,,,9.320548,9.639555,16.671627980436522,LOW,6.133631,6.110601,6.828702342487358,LOW,132.896328,135.566585,136.47590241843446,LOW
LOT_014,LOT_014_CMP_0014,MEDIUM,MEDIUM RISK — high prediction uncertainty present. Engineering review recommended.,"[MEDIUM] Module B 168h prediction interval width (18.89 [uA]) is high relative to spec range, indicating insufficient prediction confidence.",UNREVIEWED,PENDING,,,,9.321646,9.764811,13.978364981880341,MEDIUM,4.948691,5.009313,6.041697482995759,LOW,127.296127,127.095354,129.8013664613084,LOW
LOT_014,LOT_014_CMP_0015,LOW,LOW RISK — all evidence signals nominal. No immediate engineering concern.,,UNREVIEWED,PENDING,,,,9.448901,9.490858,11.491493842874233,LOW,4.533089,4.659676,5.927281027537025,LOW,124.221851,123.84587,126.63704081887822,LOW
LOT_014,LOT_014_CMP_0016,LOW,LOW RISK — all evidence signals nominal. No immediate engineering concern.,,UNREVIEWED,PENDING,,,,6.549804,6.292075,11.22749894200335,LOW,4.637041,4.693688,5.720083284355871,LOW,124.459283,124.849741,127.1500035040392,LOW
LOT_014,LOT_014_CMP_0017,LOW,LOW RISK — all evidence signals nominal. No immediate engineering concern.,,UNREVIEWED,PENDING,,,,7.42045,7.468738,9.118942219401172,LOW,5.116825,5.252195,6.535582984060439,LOW,116.402943,116.649502,118.9701362702186,LOW
LOT_014,LOT_014_CMP_0018,LOW,LOW RISK — all evidence signals nominal. No immediate engineering concern.,,UNREVIEWED,PENDING,,,,8.706273,8.815865,14.796855146355243,LOW,4.677658,4.653155,5.401624095114113,LOW,118.204289,118.241519,120.71295326120836,LOW
LOT_014,LOT_014_CMP_0019,HIGH,HIGH RISK — one or more strong evidence signals present. Engineering review recommended.,"[HIGH] Iddq predicted drift from 0h to 168h is 32.15 [uA] (64.3% of spec range), exceeding high-drift threshold of 60% of spec range. | [MEDIUM] Module B 168h prediction interval width (32.98 [uA]) is high relative to spec range, indicating insufficient prediction confidence.",UNREVIEWED,PENDING,,,,12.734585,13.294834,44.8813216610544,HIGH,4.569256,4.676797,5.8785249509613635,LOW,119.60508,120.650621,122.48598044733684,LOW
LOT_014,LOT_014_CMP_0020,MEDIUM,MEDIUM RISK — high prediction uncertainty present. Engineering review recommended.,"[MEDIUM] Module B 168h prediction interval width (21.44 [uA]) is high relative to spec range, indicating insufficient prediction confidence.",UNREVIEWED,PENDING,,,,8.998112,9.553905,14.428784663888818,MEDIUM,4.818693,4.963983,6.288472319640337,LOW,127.028587,127.497231,129.77022236605563,LOW
LOT_014,LOT_014_CMP_0021,LOW,LOW RISK — all evidence signals nominal. No immediate engineering concern.,,UNREVIEWED,PENDING,,,,11.309022,11.654842,15.954707262047762,LOW,4.995424,5.043437,6.031654953615368,LOW,120.093848,121.720475,123.18641260183028,LOW
LOT_014,LOT_014_CMP_0022,LOW,LOW RISK — all evidence signals nominal. No immediate engineering concern.,,UNREVIEWED,PENDING,,,,9.230169,9.330735,13.915801154795556,LOW,4.634766,4.921043,6.731146760567249,LOW,116.600418,116.094767,118.90105369269745,LOW
LOT_014,LOT_014_CMP_0023,LOW,LOW RISK — all evidence signals nominal. No immediate engineering concern.,,UNREVIEWED,PENDING,,,,7.476518,7.66422,12.79605538031898,LOW,5.176922,5.309264,6.580857441206174,LOW,120.799192,120.711728,123.28662947589322,LOW
LOT_014,LOT_014_CMP_0024,LOW,LOW RISK — all evidence signals nominal. No immediate engineering concern.,,UNREVIEWED,PENDING,,,,7.924052,8.058301,11.716446224520533,LOW,4.447389,4.508773,5.555944568546506,LOW,123.384716,125.611753,126.72094862377192,LOW
LOT_014,LOT_014_CMP_0025,LOW,LOW RISK — all evidence signals nominal. No immediate engineering concern.,,UNREVIEWED,PENDING,,,,11.471418,11.812376,19.034707459426674,LOW,5.266756,5.140293,5.526484539591498,LOW,122.239029,121.651294,124.56091345915074,LOW
LOT_014,LOT_014_CMP_0026,LOW,LOW RISK — all evidence signals nominal. No immediate engineering concern.,,UNREVIEWED,PENDING,,,,11.355155,11.58923,16.702022223925233,LOW,5.226748,5.309291,6.409725238981029,LOW,127.842198,128.993179,130.83452666189382,LOW
LOT_014,LOT_014_CMP_0027,LOW,LOW RISK — all evidence signals nominal. No immediate engineering concern.,,UNREVIEWED,PENDING,,,,10.112908,10.367826,16.422255047740073,LOW,5.337773,5.612058,7.3641468669849015,LOW,132.174816,130.38705,134.15766540855898,LOW
LOT_014,LOT_014_CMP_0028,MEDIUM,MEDIUM RISK — high prediction uncertainty present. Engineering review recommended.,"[MEDIUM] Iddq predicted drift from 0h to 168h is 21.64 [uA] (43.3% of spec range), exceeding moderate-drift threshold of 20% of spec range. | [MEDIUM] Module B 168h prediction interval width (21.53 [uA]) is high relative to spec range, indicating insufficient prediction confidence.",UNREVIEWED,PENDING,,,,7.166721,7.31163,28.80255899240694,MEDIUM,3.622557,3.638604,4.551106623877934,LOW,124.246575,123.182728,126.41661185186749,LOW
LOT_014,LOT_014_CMP_0029,MEDIUM,MEDIUM RISK — high prediction uncertainty present. Engineering review recommended.,"[MEDIUM] Iddq predicted drift from 0h to 168h is 10.89 [uA] (21.8% of spec range), exceeding moderate-drift threshold of 20% of spec range. | [MEDIUM] Module B 168h prediction interval width (20.52 [uA]) is high relative to spec range, indicating insufficient prediction confidence.",UNREVIEWED,PENDING,,,,9.645815,10.255562,20.53246931316205,MEDIUM,5.092555,5.237349,6.5534880607485535,LOW,123.727183,123.580449,126.21971656466944,LOW
LOT_014,LOT_014_CMP_0030,LOW,LOW RISK — all evidence signals nominal. No immediate engineering concern.,,UNREVIEWED,PENDING,,,,9.942554,10.290865,15.380907211055726,LOW,6.080212,6.084259,6.896064028560895,LOW,123.422586,123.493737,125.99011357035327,LOW
LOT_014,LOT_014_CMP_0031,HIGH,HIGH RISK — Module B predicts parameter(s) will cross specification boundary by 168h. Elevated engineering attention required.,"[HIGH] Module B predicts Iddq at 74.38 [uA] by 168h, crossing spec_max=50. | [MEDIUM] Module B 168h prediction upper bound (74.38 [uA]) crosses spec_max=50.  | [HIGH] Iddq predicted drift from 0h to 168h is 65.12 [uA] (130.2% of spec range), exceeding high-drift threshold of 60% of spec range. | [MEDIUM] Module B 168h prediction interval width (64.1 [uA]) is high relative to spec range, indicating insufficient prediction confidence.",UNREVIEWED,PENDING,,,,9.254328,10.140411,74.3790465634208,HIGH,5.804528,5.990664,7.430581954501268,LOW,130.021508,131.806263,133.25944516359579,LOW
LOT_014,LOT_014_CMP_0032,MEDIUM,MEDIUM RISK — high prediction uncertainty present. Engineering review recommended.,"[MEDIUM] Module B 168h prediction interval width (21.98 [uA]) is high relative to spec range, indicating insufficient prediction confidence.",UNREVIEWED,PENDING,,,,8.39055,8.982422,13.100204068390834,MEDIUM,4.966165,5.023631,6.044820280282428,LOW,120.647623,122.941152,123.98304646254236,LOW
LOT_014,LOT_014_CMP_0033,MEDIUM,MEDIUM RISK — high prediction uncertainty present. Engineering review recommended.,"[MEDIUM] Module B 168h prediction interval width (19.83 [uA]) is high relative to spec range, indicating insufficient prediction confidence.",UNREVIEWED,PENDING,,,,8.496766,8.964549,13.461451869778891,MEDIUM,5.377954,5.466766,6.584918505348877,LOW,124.907862,125.776631,127.77322476641234,LOW
LOT_014,LOT_014_CMP_0034,LOW,LOW RISK — all evidence signals nominal. No immediate engineering concern.,,UNREVIEWED,PENDING,,,,8.207423,8.380157,14.43984020313375,LOW,5.318571,5.191522,5.574454090566202,LOW,131.921546,131.382475,134.347558371272,LOW
LOT_014,LOT_014_CMP_0035,MEDIUM,MEDIUM RISK — high prediction uncertainty present. Engineering review recommended.,"[MEDIUM] Module B 168h prediction interval width (22.06 [uA]) is high relative to spec range, indicating insufficient prediction confidence.",UNREVIEWED,PENDING,,,,7.431654,7.955382,12.298920979274444,MEDIUM,4.47802,4.417841,5.0494125961616145,LOW,123.982218,124.165249,126.59467030241885,LOW
LOT_014,LOT_014_CMP_0036,MEDIUM,MEDIUM RISK — high prediction uncertainty present. Engineering review recommended.,"[MEDIUM] Iddq predicted drift from 0h to 168h is 12.31 [uA] (24.6% of spec range), exceeding moderate-drift threshold of 20% of spec range. | [MEDIUM] Module B 168h prediction interval width (33.94 [uA]) is high relative to spec range, indicating insufficient prediction confidence.",UNREVIEWED,PENDING,,,,10.902878,11.581131,23.20830873543571,MEDIUM,5.791052,5.859542,6.898299679353996,LOW,120.557423,119.477471,122.68865506506772,LOW
LOT_014,LOT_014_CMP_0037,MEDIUM,MEDIUM RISK — high prediction uncertainty present. Engineering review recommended.,"[MEDIUM] Module B 168h prediction interval width (18.11 [uA]) is high relative to spec range, indicating insufficient prediction confidence.",UNREVIEWED,PENDING,,,,10.347548,10.840326,16.077255390420717,MEDIUM,5.994127,6.112175,7.3151214162948754,LOW,116.842326,118.844189,120.03960615147204,LOW
LOT_014,LOT_014_CMP_0038,LOW,LOW RISK — all evidence signals nominal. No immediate engineering concern.,,UNREVIEWED,PENDING,,,,8.646181,9.031262,12.970193545454288,LOW,4.273473,4.392195,5.63927056900453,LOW,118.37161,119.885968,121.40869257026218,LOW
LOT_014,LOT_014_CMP_0039,MEDIUM,MEDIUM RISK — high prediction uncertainty present. Engineering review recommended.,"[MEDIUM] Module B 168h prediction interval width (20.47 [uA]) is high relative to spec range, indicating insufficient prediction confidence.",UNREVIEWED,PENDING,,,,9.634913,10.351926,11.830270405507486,MEDIUM,5.282769,5.358025,6.432229189317503,LOW,125.549006,125.821264,128.2073277822137,LOW
LOT_014,LOT_014_CMP_0040,LOW,LOW RISK — all evidence signals nominal. No immediate engineering concern.,,UNREVIEWED,PENDING,,,,9.791568,9.935047,13.269047690218667,LOW,5.152315,5.249913,6.403534563456634,LOW,123.715643,124.691391,126.60848324594399,LOW
LOT_014,LOT_014_CMP_0041,LOW,LOW RISK — all evidence signals nominal. No immediate engineering concern.,,UNREVIEWED,PENDING,,,,12.552439,12.545379,13.334857160909594,LOW,5.887197,5.913594,6.806364558730892,LOW,139.835339,139.224619,142.30671123022543,LOW
LOT_014,LOT_014_CMP_0042,MEDIUM,MEDIUM RISK — high prediction uncertainty present. Engineering review recommended.,"[MEDIUM] Module B 168h prediction interval width (18.98 [uA]) is high relative to spec range, indicating insufficient prediction confidence.",UNREVIEWED,PENDING,,,,10.508815,11.024635,16.529353424437637,MEDIUM,5.174002,5.288073,6.49738439272503,LOW,125.959517,125.932969,128.5149278927318,LOW
LOT_014,LOT_014_CMP_0043,MEDIUM,MEDIUM RISK — high prediction uncertainty present. Engineering review recommended.,"[MEDIUM] Module B 168h prediction interval width (19.16 [uA]) is high relative to spec range, indicating insufficient prediction confidence.",UNREVIEWED,PENDING,,,,10.370525,10.896782,16.529353424437637,MEDIUM,5.344622,5.362669,6.240133669895741,LOW,122.158613,122.30265,124.74081343232098,LOW
LOT_014,LOT_014_CMP_0044,LOW,LOW RISK — all evidence signals nominal. No immediate engineering concern.,,UNREVIEWED,PENDING,,,,9.375956,9.502389,12.654288821763387,LOW,5.137134,5.194835,6.21267001216203,LOW,116.785473,117.113894,119.38529595079254,LOW
LOT_014,LOT_014_CMP_0045,LOW,LOW RISK — all evidence signals nominal. No immediate engineering concern.,,UNREVIEWED,PENDING,,,,8.48264,8.790114,16.08846694662133,LOW,5.346136,5.202286,5.527211589503594,LOW,127.199069,127.755858,129.97367506956982,LOW
LOT_014,LOT_014_CMP_0046,LOW,LOW RISK — all evidence signals nominal. No immediate engineering concern.,,UNREVIEWED,PENDING,,,,11.202532,11.491939,18.359322340589287,LOW,5.511146,5.548145,6.486238547254332,LOW,126.28013,125.791418,128.67355157377617,LOW
LOT_014,LOT_014_CMP_0047,LOW,LOW RISK — all evidence signals nominal. No immediate engineering concern.,,UNREVIEWED,PENDING,,,,10.386503,10.645534,16.81002226694097,LOW,5.0863,5.158284,6.226098059039027,LOW,114.593588,116.324854,117.67418943487101,LOW
LOT_014,LOT_014_CMP_0048,LOW,LOW RISK — all evidence signals nominal. No immediate engineering concern.,,UNREVIEWED,PENDING,,,,7.930756,8.183623,13.034565931337191,LOW,4.175112,4.195058,5.1074340711746204,LOW,118.945234,119.231515,121.5493792385113,LOW
LOT_014,LOT_014_CMP_0049,LOW,LOW RISK — all evidence signals nominal. No immediate engineering concern.,,UNREVIEWED,PENDING,,,,9.839521,10.057313,15.986136483175752,LOW,4.867942,4.974167,6.164142826257915,LOW,116.544785,116.440178,118.98798195926308,LOW
LOT_014,LOT_014_CMP_0050,LOW,LOW RISK — all evidence signals nominal. No immediate engineering concern.,,UNREVIEWED,PENDING,,,,10.438319,10.816857,15.584300457568684,LOW,5.290498,5.382554,6.513903282424388,LOW,121.413936,122.858976,124.4535549491468,LOW
LOT_014,LOT_014_CMP_0051,HIGH,HIGH RISK — observed measurement currently breaches reference limits. Immediate engineering review required.,"[MEDIUM] Module B 168h prediction interval width (18.4 [uA]) is high relative to spec range, indicating insufficient prediction confidence. | [HIGH] Observed measurement of propagation_delay breaches reference limit (spec_min=80.0, spec_max=180.0). value_0h=217.2, value_24h=216.5 [ps]. | [HIGH] Module B predicts propagation_delay at 220.3 [ps] by 168h, crossing spec_max=180. | [HIGH] Module B 168h prediction upper bound (223.7 [ps]) crosses spec_max=180. Also population anomalous. | [MEDIUM] propagation_delay population anomaly score 16.318 >= strong threshold 6.0.",UNREVIEWED,PENDING,,,,6.286014,6.663567,10.52270627479297,MEDIUM,3.829325,3.904271,5.012750406206337,LOW,217.158116,216.511617,220.3096427792221,HIGH
LOT_014,LOT_014_CMP_0052,LOW,LOW RISK — all evidence signals nominal. No immediate engineering concern.,,UNREVIEWED,PENDING,,,,8.012687,8.261859,15.758559852646538,LOW,4.961811,5.091356,6.35863351885277,LOW,114.127146,117.00562,117.61279779519586,LOW
LOT_014,LOT_014_CMP_0053,MEDIUM,MEDIUM RISK — high prediction uncertainty present. Engineering review recommended.,"[MEDIUM] Module B 168h prediction interval width (19.64 [uA]) is high relative to spec range, indicating insufficient prediction confidence.",UNREVIEWED,PENDING,,,,9.643123,10.171237,14.331154607364041,MEDIUM,5.186878,5.441586,7.130533125923275,LOW,120.430781,119.355675,122.5626068378103,LOW
LOT_014,LOT_014_CMP_0054,MEDIUM,MEDIUM RISK — high prediction uncertainty present. Engineering review recommended.,"[MEDIUM] Module B 168h prediction interval width (17.33 [uA]) is high relative to spec range, indicating insufficient prediction confidence.",UNREVIEWED,PENDING,,,,6.616382,7.002928,11.944490500577142,MEDIUM,4.683367,4.90098,6.475574173970295,LOW,114.778248,114.224316,117.04533183744712,LOW
LOT_014,LOT_014_CMP_0055,MEDIUM,MEDIUM RISK — high prediction uncertainty present. Engineering review recommended.,"[MEDIUM] Iddq predicted drift from 0h to 168h is 16.48 [uA] (33.0% of spec range), exceeding moderate-drift threshold of 20% of spec range. | [MEDIUM] Module B 168h prediction interval width (30.83 [uA]) is high relative to spec range, indicating insufficient prediction confidence.",UNREVIEWED,PENDING,,,,6.768994,7.095529,23.252923811953853,MEDIUM,4.008272,4.147445,5.470760262149882,LOW,113.653262,112.576983,115.72393358960215,LOW
LOT_014,LOT_014_CMP_0056,MEDIUM,MEDIUM RISK — high prediction uncertainty present. Engineering review recommended.,"[MEDIUM] Module B 168h prediction interval width (21.59 [uA]) is high relative to spec range, indicating insufficient prediction confidence.",UNREVIEWED,PENDING,,,,8.782293,9.42523,15.264997763584338,MEDIUM,4.509997,4.46002,5.125630374466574,LOW,114.95025,115.179855,117.49837735345073,LOW
LOT_014,LOT_014_CMP_0057,LOW,LOW RISK — all evidence signals nominal. No immediate engineering concern.,,UNREVIEWED,PENDING,,,,10.038903,10.081618,11.820392775448628,LOW,5.476315,5.618126,6.914755857933861,LOW,120.75038,121.204824,123.43068866272223,LOW
LOT_014,LOT_014_CMP_0058,LOW,LOW RISK — all evidence signals nominal. No immediate engineering concern.,,UNREVIEWED,PENDING,,,,9.858728,10.285317,15.380907211055726,LOW,5.17132,5.336111,6.718578602922185,LOW,118.735605,117.913662,120.94254767361068,LOW
LOT_014,LOT_014_CMP_0059,MEDIUM,MEDIUM RISK — high prediction uncertainty present. Engineering review recommended.,"[MEDIUM] Module B 168h prediction interval width (17.65 [uA]) is high relative to spec range, indicating insufficient prediction confidence.",UNREVIEWED,PENDING,,,,11.470646,11.916668,16.50275916548835,MEDIUM,5.29656,5.514122,7.073635437928675,LOW,128.464066,129.499318,131.42068477234616,LOW
LOT_014,LOT_014_CMP_0060,MEDIUM,MEDIUM RISK — elevated predicted drift present. Engineering review recommended.,"[MEDIUM] Iddq predicted drift from 0h to 168h is 11.67 [uA] (23.3% of spec range), exceeding moderate-drift threshold of 20% of spec range.",UNREVIEWED,PENDING,,,,9.254152,9.463549,20.92365903970988,MEDIUM,7.119159,7.201666,8.255972971009554,LOW,124.077447,122.414556,126.03227815706248,LOW
LOT_014,LOT_014_CMP_0061,LOW,LOW RISK — all evidence signals nominal. No immediate engineering concern.,,UNREVIEWED,PENDING,,,,8.71581,9.045023,17.072066348107363,LOW,5.042665,5.03793,5.844987606184308,LOW,126.122349,127.691764,129.24852861717923,LOW
LOT_014,LOT_014_CMP_0062,LOW,LOW RISK — all evidence signals nominal. No immediate engineering concern.,,UNREVIEWED,PENDING,,,,7.397341,7.763927,10.734512647722863,LOW,3.836882,4.093812,5.823160427224803,LOW,127.616631,128.350275,130.4580664451402,LOW
LOT_014,LOT_014_CMP_0063,LOW,LOW RISK — all evidence signals nominal. No immediate engineering concern.,,UNREVIEWED,PENDING,,,,8.652149,9.07612,12.970193545454288,LOW,5.434276,5.346434,5.860354161138515,LOW,125.141664,124.596324,127.50468310988333,LOW
LOT_014,LOT_014_CMP_0064,MEDIUM,MEDIUM RISK — high prediction uncertainty present. Engineering review recommended.,"[MEDIUM] Module B 168h prediction interval width (18.4 [uA]) is high relative to spec range, indicating insufficient prediction confidence.",UNREVIEWED,PENDING,,,,5.447028,5.849418,13.298571733664751,MEDIUM,3.099365,3.106408,4.0009016441456495,LOW,105.266423,106.862084,108.21506749839143,LOW
LOT_014,LOT_014_CMP_0065,MEDIUM,MEDIUM RISK — high prediction uncertainty present. Engineering review recommended.,"[MEDIUM] Module B 168h prediction interval width (20.05 [uA]) is high relative to spec range, indicating insufficient prediction confidence.",UNREVIEWED,PENDING,,,,10.201184,10.995871,13.227656069039421,MEDIUM,5.875053,6.102475,7.681574305345386,LOW,127.508613,127.874373,130.21784942779408,LOW
LOT_014,LOT_014_CMP_0066,MEDIUM,MEDIUM RISK — high prediction uncertainty present. Engineering review recommended.,"[MEDIUM] Module B 168h prediction interval width (20.76 [uA]) is high relative to spec range, indicating insufficient prediction confidence.",UNREVIEWED,PENDING,,,,9.527896,10.085447,15.768422502633785,MEDIUM,4.434044,4.511,5.611638201315069,LOW,121.911534,125.845903,125.84360181325769,LOW
LOT_014,LOT_014_CMP_0067,MEDIUM,"MEDIUM RISK — population outlier, high prediction uncertainty present. Engineering review recommended.","[MEDIUM] Module B 168h prediction interval width (18.51 [uA]) is high relative to spec range, indicating insufficient prediction confidence. | [MEDIUM] leakage_current population anomaly score 4.017 >= anomaly threshold 3.5 (moderate).",UNREVIEWED,PENDING,,,,9.951949,10.441798,15.873862143907758,MEDIUM,5.105448,5.507858,7.702844000674778,MEDIUM,123.224813,124.067805,126.06589821826314,LOW
LOT_014,LOT_014_CMP_0068,MEDIUM,MEDIUM RISK — high prediction uncertainty present. Engineering review recommended.,"[MEDIUM] Module B 168h prediction interval width (22.91 [uA]) is high relative to spec range, indicating insufficient prediction confidence.",UNREVIEWED,PENDING,,,,13.787911,14.042318,18.712518466337208,MEDIUM,6.262971,6.388246,7.60932025428707,LOW,136.027696,137.153612,139.08443674296663,LOW
LOT_014,LOT_014_CMP_0069,LOW,LOW RISK — all evidence signals nominal. No immediate engineering concern.,,UNREVIEWED,PENDING,,,,9.46551,9.78681,16.350783495311262,LOW,4.002147,4.100824,5.2860883660546465,LOW,115.526803,116.877614,118.48005197758637,LOW
LOT_014,LOT_014_CMP_0070,MEDIUM,MEDIUM RISK — high prediction uncertainty present. Engineering review recommended.,"[MEDIUM] Module B 168h prediction interval width (24.85 [uA]) is high relative to spec range, indicating insufficient prediction confidence.",UNREVIEWED,PENDING,,,,11.127877,11.63752,18.08626984264085,MEDIUM,5.673946,5.721488,6.691603748412955,LOW,129.151032,128.458092,131.49732886688457,LOW
LOT_014,LOT_014_CMP_0071,MEDIUM,MEDIUM RISK — high prediction uncertainty present. Engineering review recommended.,"[MEDIUM] Module B 168h prediction interval width (22 [uA]) is high relative to spec range, indicating insufficient prediction confidence.",UNREVIEWED,PENDING,,,,8.150528,8.756957,13.100204068390834,MEDIUM,3.670971,4.026044,6.0943561384742,LOW,118.50011,119.695137,121.42443283023339,LOW
LOT_014,LOT_014_CMP_0072,LOW,LOW RISK — all evidence signals nominal. No immediate engineering concern.,,UNREVIEWED,PENDING,,,,9.133358,9.558704,13.720726790176137,LOW,4.660476,4.82079,6.200397635728446,LOW,128.226896,129.926508,131.41837890827492,LOW
LOT_014,LOT_014_CMP_0073,LOW,LOW RISK — all evidence signals nominal. No immediate engineering concern.,,UNREVIEWED,PENDING,,,,8.577071,8.607646,12.680733883278377,LOW,5.217768,5.280666,6.314276489675252,LOW,125.183809,126.555238,128.23095274928716,LOW
LOT_014,LOT_014_CMP_0074,HIGH,HIGH RISK — observed measurement currently breaches reference limits. Immediate engineering review required.,"[HIGH] Observed measurement of leakage_current breaches reference limit (spec_min=0.0, spec_max=30.0). value_0h=35.25, value_24h=35.45 [nA]. | [HIGH] Module B predicts leakage_current at 36.22 [nA] by 168h, crossing spec_max=30. | [HIGH] Module B 168h prediction upper bound (39.76 [nA]) crosses spec_max=30. Also population anomalous. | [MEDIUM] leakage_current population anomaly score 48.254 >= strong threshold 6.0.",UNREVIEWED,PENDING,,,,10.355904,10.751396,15.584300457568684,LOW,35.247748,35.447472,36.21799829362556,HIGH,118.211257,120.52752,121.5329569374142,LOW
LOT_014,LOT_014_CMP_0075,LOW,LOW RISK — all evidence signals nominal. No immediate engineering concern.,,UNREVIEWED,PENDING,,,,7.86157,8.270532,11.727892054738772,LOW,4.208549,4.251415,5.241196791437348,LOW,125.661936,126.731053,128.60552413635838,LOW
LOT_014,LOT_014_CMP_0076,MEDIUM,MEDIUM RISK — population outlier present. Engineering review recommended.,[MEDIUM] propagation_delay population anomaly score 4.579 >= anomaly threshold 3.5 (moderate).,UNREVIEWED,PENDING,,,,6.190599,6.329723,13.547925028996204,LOW,5.238837,5.331122,6.464508661793164,LOW,96.193094,96.720637,98.67941164012699,MEDIUM
LOT_014,LOT_014_CMP_0077,MEDIUM,MEDIUM RISK — high prediction uncertainty present. Engineering review recommended.,"[MEDIUM] Module B 168h prediction interval width (22.33 [uA]) is high relative to spec range, indicating insufficient prediction confidence.",UNREVIEWED,PENDING,,,,6.487977,7.332962,14.904738514515978,MEDIUM,4.185076,4.295376,5.515858924158049,LOW,127.560778,126.818867,129.87535515965266,LOW
LOT_014,LOT_014_CMP_0078,MEDIUM,MEDIUM RISK — high prediction uncertainty present. Engineering review recommended.,"[MEDIUM] Module B 168h prediction interval width (20.34 [uA]) is high relative to spec range, indicating insufficient prediction confidence.",UNREVIEWED,PENDING,,,,9.962737,10.590218,16.836840782479467,MEDIUM,4.874126,5.131523,6.837249800771939,LOW,116.716505,115.991476,118.93992479949213,LOW
LOT_014,LOT_014_CMP_0079,LOW,LOW RISK — all evidence signals nominal. No immediate engineering concern.,,UNREVIEWED,PENDING,,,,11.08097,11.316515,17.124738260760175,LOW,5.770412,5.994893,7.566499437536782,LOW,127.974793,127.398187,130.3520476505875,LOW
LOT_014,LOT_014_CMP_0080,MEDIUM,MEDIUM RISK — high prediction uncertainty present. Engineering review recommended.,"[MEDIUM] Module B 168h prediction interval width (19.87 [uA]) is high relative to spec range, indicating insufficient prediction confidence.",UNREVIEWED,PENDING,,,,10.467735,11.170054,14.028469222581098,MEDIUM,4.654823,4.711404,5.737141768148396,LOW,125.052253,125.113899,127.63099400082847,LOW
LOT_014,LOT_014_CMP_0081,LOW,LOW RISK — all evidence signals nominal. No immediate engineering concern.,,UNREVIEWED,PENDING,,,,10.379095,10.643777,17.086603150370543,LOW,5.098342,5.222234,6.466900590633109,LOW,128.434796,129.872258,131.53462822113227,LOW
LOT_014,LOT_014_CMP_0082,LOW,LOW RISK — all evidence signals nominal. No immediate engineering concern.,,UNREVIEWED,PENDING,,,,10.297895,10.676187,15.584300457568684,LOW,5.586113,5.689192,6.850972843216511,LOW,122.532051,122.949973,125.21529779271293,LOW
LOT_014,LOT_014_CMP_0083,LOW,LOW RISK — all evidence signals nominal. No immediate engineering concern.,,UNREVIEWED,PENDING,,,,10.220082,10.462701,15.71454410526015,LOW,4.573955,4.800071,6.406342972061815,LOW,112.22796,112.879295,114.90213081383368,LOW
LOT_014,LOT_014_CMP_0084,LOW,LOW RISK — all evidence signals nominal. No immediate engineering concern.,,UNREVIEWED,PENDING,,,,10.224442,10.227634,11.898067060143449,LOW,5.955513,6.048172,7.1654126474863284,LOW,121.642264,122.988482,124.64867744393882,LOW
LOT_014,LOT_014_CMP_0085,LOW,LOW RISK — all evidence signals nominal. No immediate engineering concern.,,UNREVIEWED,PENDING,,,,10.144485,10.302522,13.346721974913487,LOW,5.046875,4.97446,5.550445237273009,LOW,122.050442,122.717206,124.81813946397101,LOW
LOT_014,LOT_014_CMP_0086,LOW,LOW RISK — all evidence signals nominal. No immediate engineering concern.,,UNREVIEWED,PENDING,,,,8.241691,8.556133,15.946215699145473,LOW,5.106632,5.168548,6.201508950510079,LOW,110.650865,111.911137,113.52812198415388,LOW
LOT_014,LOT_014_CMP_0087,MEDIUM,MEDIUM RISK — high prediction uncertainty present. Engineering review recommended.,"[MEDIUM] Module B 168h prediction interval width (21.59 [uA]) is high relative to spec range, indicating insufficient prediction confidence.",UNREVIEWED,PENDING,,,,8.833755,9.454017,17.995015252740078,MEDIUM,5.245866,5.325383,6.415025718810234,LOW,121.964208,121.924456,124.47910536186377,LOW
LOT_014,LOT_014_CMP_0088,LOW,LOW RISK — all evidence signals nominal. No immediate engineering concern.,,UNREVIEWED,PENDING,,,,9.268817,9.69825,13.978364981880341,LOW,4.959177,4.944716,5.720611492138069,LOW,115.800537,116.77995,118.6237544702089,LOW
LOT_014,LOT_014_CMP_0089,MEDIUM,MEDIUM RISK — high prediction uncertainty present. Engineering review recommended.,"[MEDIUM] Module B 168h prediction interval width (21.78 [uA]) is high relative to spec range, indicating insufficient prediction confidence.",UNREVIEWED,PENDING,,,,8.647935,9.218553,16.826867087100226,MEDIUM,4.577487,4.660835,5.779799945155569,LOW,124.448659,123.863015,126.79109065712774,LOW
LOT_014,LOT_014_CMP_0090,LOW,LOW RISK — all evidence signals nominal. No immediate engineering concern.,,UNREVIEWED,PENDING,,,,7.223448,7.627998,10.180815645846785,LOW,4.442081,4.326354,4.7692318526941975,LOW,117.574677,116.005494,119.5046618427658,LOW
LOT_014,LOT_014_CMP_0091,MEDIUM,MEDIUM RISK — high prediction uncertainty present. Engineering review recommended.,"[MEDIUM] Iddq predicted drift from 0h to 168h is 16.54 [uA] (33.1% of spec range), exceeding moderate-drift threshold of 20% of spec range. | [MEDIUM] Module B 168h prediction interval width (23.04 [uA]) is high relative to spec range, indicating insufficient prediction confidence.",UNREVIEWED,PENDING,,,,7.263846,7.91199,23.807243953561464,MEDIUM,4.750966,4.859657,6.06089216975657,LOW,128.940494,129.201305,131.62512478532966,LOW
LOT_014,LOT_014_CMP_0092,LOW,LOW RISK — all evidence signals nominal. No immediate engineering concern.,,UNREVIEWED,PENDING,,,,9.897554,9.875151,11.820392775448628,LOW,4.580036,4.664202,5.78589654942598,LOW,119.049102,120.500493,122.06979432914906,LOW
LOT_014,LOT_014_CMP_0093,MEDIUM,"MEDIUM RISK — population outlier, high prediction uncertainty present. Engineering review recommended.","[MEDIUM] Iddq predicted drift from 0h to 168h is 10.99 [uA] (22.0% of spec range), exceeding moderate-drift threshold of 20% of spec range. | [MEDIUM] Module B 168h prediction interval width (18.39 [uA]) is high relative to spec range, indicating insufficient prediction confidence. | [MEDIUM] leakage_current population anomaly score 3.864 >= anomaly threshold 3.5 (moderate).",UNREVIEWED,PENDING,,,,5.740116,6.0629,16.727019962039755,MEDIUM,2.784853,2.722513,3.387870600185054,MEDIUM,124.256111,126.271473,127.52464412338621,LOW
LOT_014,LOT_014_CMP_0094,LOW,LOW RISK — all evidence signals nominal. No immediate engineering concern.,,UNREVIEWED,PENDING,,,,9.399725,9.618652,14.32167519119047,LOW,5.375866,5.695034,7.599368039581327,LOW,120.898659,121.826064,123.74901038339408,LOW
LOT_014,LOT_014_CMP_0095,MEDIUM,MEDIUM RISK — high prediction uncertainty present. Engineering review recommended.,"[MEDIUM] Module B 168h prediction interval width (23.22 [uA]) is high relative to spec range, indicating insufficient prediction confidence.",UNREVIEWED,PENDING,,,,13.130075,13.36491,18.224785629330466,MEDIUM,5.677007,5.761466,6.857493156841168,LOW,119.539194,119.085612,121.88473911087024,LOW
LOT_014,LOT_014_CMP_0096,LOW,LOW RISK — all evidence signals nominal. No immediate engineering concern.,,UNREVIEWED,PENDING,,,,8.172474,8.040761,10.354261277788503,LOW,4.732388,4.801174,5.8666778979314715,LOW,118.36087,117.809563,120.66099540471735,LOW
LOT_014,LOT_014_CMP_0097,HIGH,HIGH RISK — observed measurement currently breaches reference limits. Immediate engineering review required.,"[HIGH] Observed measurement of leakage_current breaches reference limit (spec_min=0.0, spec_max=30.0). value_0h=37.48, value_24h=37.61 [nA]. | [HIGH] Module B predicts leakage_current at 38.11 [nA] by 168h, crossing spec_max=30. | [HIGH] Module B 168h prediction upper bound (41.66 [nA]) crosses spec_max=30. Also population anomalous. | [MEDIUM] leakage_current population anomaly score 51.820 >= strong threshold 6.0.",UNREVIEWED,PENDING,,,,9.885986,10.253651,15.380907211055726,LOW,37.475435,37.611267,38.109595539120306,HIGH,126.689036,126.942695,129.3509393990741,LOW
LOT_014,LOT_014_CMP_0098,LOW,LOW RISK — all evidence signals nominal. No immediate engineering concern.,,UNREVIEWED,PENDING,,,,11.03571,11.382529,16.377423298882697,LOW,5.153493,5.451798,7.290339221458027,LOW,128.146431,127.808984,130.61053620101174,LOW
LOT_014,LOT_014_CMP_0099,MEDIUM,MEDIUM RISK — high prediction uncertainty present. Engineering review recommended.,"[MEDIUM] Module B 168h prediction interval width (19.89 [uA]) is high relative to spec range, indicating insufficient prediction confidence.",UNREVIEWED,PENDING,,,,10.50395,11.079125,18.777879809275547,MEDIUM,5.845906,6.066709,7.623928353945745,LOW,122.470139,122.016833,124.84204783132331,LOW
LOT_014,LOT_014_CMP_0100,MEDIUM,MEDIUM RISK — high prediction uncertainty present. Engineering review recommended.,"[MEDIUM] Module B 168h prediction interval width (18.51 [uA]) is high relative to spec range, indicating insufficient prediction confidence.",UNREVIEWED,PENDING,,,,9.89781,10.358965,19.262345601313605,MEDIUM,5.159362,5.17892,6.066044886666696,LOW,115.033758,116.293037,117.94993746393118,LOW
LOT_015,LOT_015_CMP_0001,LOW,LOW RISK — all evidence signals nominal. No immediate engineering concern.,,UNREVIEWED,PENDING,,,,11.245124,11.602106,15.954707262047762,LOW,5.101857,5.153863,6.153120394896901,LOW,121.129699,120.610529,123.46610075275265,LOW
LOT_015,LOT_015_CMP_0002,MEDIUM,MEDIUM RISK — high prediction uncertainty present. Engineering review recommended.,"[MEDIUM] Module B 168h prediction interval width (18.11 [uA]) is high relative to spec range, indicating insufficient prediction confidence.",UNREVIEWED,PENDING,,,,10.390832,10.860323,16.658993515369758,MEDIUM,4.456537,4.349981,4.823805094917304,LOW,122.308641,121.039537,124.38809234995976,LOW
LOT_015,LOT_015_CMP_0003,MEDIUM,MEDIUM RISK — high prediction uncertainty present. Engineering review recommended.,"[MEDIUM] Module B 168h prediction interval width (17.93 [uA]) is high relative to spec range, indicating insufficient prediction confidence.",UNREVIEWED,PENDING,,,,10.521404,10.991819,16.658993515369758,MEDIUM,5.518284,5.678914,7.038746774642752,LOW,124.468694,125.949359,127.5483958452686,LOW
LOT_015,LOT_015_CMP_0004,MEDIUM,MEDIUM RISK — high prediction uncertainty present. Engineering review recommended.,"[MEDIUM] Module B 168h prediction interval width (17.5 [uA]) is high relative to spec range, indicating insufficient prediction confidence.",UNREVIEWED,PENDING,,,,12.250421,12.725756,21.125420757084125,MEDIUM,5.848328,6.010267,7.366543617471278,LOW,124.335455,126.260114,127.57234371576844,LOW
LOT_015,LOT_015_CMP_0005,MEDIUM,MEDIUM RISK — high prediction uncertainty present. Engineering review recommended.,"[MEDIUM] Module B 168h prediction interval width (19.86 [uA]) is high relative to spec range, indicating insufficient prediction confidence.",UNREVIEWED,PENDING,,,,11.111911,11.705255,18.258650720281754,MEDIUM,5.621472,5.647924,6.547342016733852,LOW,119.320788,120.619313,122.28938487615929,LOW
LOT_015,LOT_015_CMP_0006,MEDIUM,MEDIUM RISK — high prediction uncertainty present. Engineering review recommended.,"[MEDIUM] Iddq predicted drift from 0h to 168h is 11.58 [uA] (23.2% of spec range), exceeding moderate-drift threshold of 20% of spec range. | [MEDIUM] Module B 168h prediction interval width (18.54 [uA]) is high relative to spec range, indicating insufficient prediction confidence.",UNREVIEWED,PENDING,,,,12.29536,12.821693,23.873007599240896,MEDIUM,6.095272,6.257779,7.60999082276975,LOW,121.405401,122.328449,124.25873926060204,LOW
LOT_015,LOT_015_CMP_0007,LOW,LOW RISK — all evidence signals nominal. No immediate engineering concern.,,UNREVIEWED,PENDING,,,,9.075365,9.478688,13.981587947597502,LOW,4.38091,4.399954,5.304248897402128,LOW,128.468047,130.013432,131.6066753261449,LOW
LOT_015,LOT_015_CMP_0008,LOW,LOW RISK — all evidence signals nominal. No immediate engineering concern.,,UNREVIEWED,PENDING,,,,7.643068,7.786495,10.772502980720011,LOW,4.182466,4.270795,5.416361432251004,LOW,113.736676,114.579554,116.49269389933113,LOW
LOT_015,LOT_015_CMP_0009,HIGH,HIGH RISK — observed measurement currently breaches reference limits. Immediate engineering review required.,"[MEDIUM] Module B 168h prediction interval width (21.01 [uA]) is high relative to spec range, indicating insufficient prediction confidence. | [HIGH] Observed measurement of leakage_current breaches reference limit (spec_min=0.0, spec_max=30.0). value_0h=35.23, value_24h=35.25 [nA]. | [HIGH] Module B predicts leakage_current at 35.42 [nA] by 168h, crossing spec_max=30. | [HIGH] Module B 168h prediction upper bound (38.97 [nA]) crosses spec_max=30. Also population anomalous. | [MEDIUM] leakage_current population anomaly score 48.860 >= strong threshold 6.0.",UNREVIEWED,PENDING,,,,9.450983,10.044918,14.24148722762219,MEDIUM,35.230894,35.254203,35.42309148407555,HIGH,112.422318,112.70521,114.9668000923643,LOW
LOT_015,LOT_015_CMP_0010,LOW,LOW RISK — all evidence signals nominal. No immediate engineering concern.,,UNREVIEWED,PENDING,,,,9.635769,9.875513,13.918645133434252,LOW,5.243278,5.370633,6.623594306856031,LOW,109.922642,112.631948,113.31027034755638,LOW
LOT_015,LOT_015_CMP_0011,LOW,LOW RISK — all evidence signals nominal. No immediate engineering concern.,,UNREVIEWED,PENDING,,,,11.965388,12.247954,17.266185826429105,LOW,4.686289,4.780947,5.935864358610795,LOW,121.354817,120.713605,123.64970147799286,LOW
LOT_015,LOT_015_CMP_0012,MEDIUM,MEDIUM RISK — high prediction uncertainty present. Engineering review recommended.,"[MEDIUM] Module B 168h prediction interval width (21.98 [uA]) is high relative to spec range, indicating insufficient prediction confidence.",UNREVIEWED,PENDING,,,,8.403314,8.97504,15.269524564059699,MEDIUM,4.652311,4.723733,5.8001793838889455,LOW,122.025575,123.495213,125.07944963076514,LOW
LOT_015,LOT_015_CMP_0013,HIGH,HIGH RISK — Module B predicts parameter(s) will cross specification boundary by 168h. Elevated engineering attention required.,"[HIGH] Module B predicts Iddq at 103.3 [uA] by 168h, crossing spec_max=50. | [HIGH] Module B 168h prediction upper bound (173.1 [uA]) crosses spec_max=50. Also population anomalous. | [MEDIUM] Iddq population anomaly score 6.243 >= strong threshold 6.0. | [HIGH] Iddq predicted drift from 0h to 168h is 93.53 [uA] (187.1% of spec range), exceeding high-drift threshold of 60% of spec range. | [MEDIUM] Module B 168h prediction interval width (162.1 [uA]) is high relative to spec range, indicating insufficient prediction confidence. | [MEDIUM] leakage_current population anomaly score 4.201 >= anomaly threshold 3.5 (moderate).",UNREVIEWED,PENDING,,,,9.726962,11.568288,103.2566692962213,HIGH,5.34004,5.892338,8.593140510642955,MEDIUM,117.277701,118.889666,120.33979887574395,LOW
LOT_015,LOT_015_CMP_0014,LOW,LOW RISK — all evidence signals nominal. No immediate engineering concern.,,UNREVIEWED,PENDING,,,,10.960684,10.853726,12.936493503322856,LOW,5.654518,5.666392,6.515256655288726,LOW,129.487868,129.594417,132.12237589393922,LOW
LOT_015,LOT_015_CMP_0015,LOW,LOW RISK — all evidence signals nominal. No immediate engineering concern.,,UNREVIEWED,PENDING,,,,9.965958,10.250205,17.505269870097816,LOW,5.526747,5.515496,6.288548590669086,LOW,119.910399,120.649979,122.68489357314405,LOW
LOT_015,LOT_015_CMP_0016,LOW,LOW RISK — all evidence signals nominal. No immediate engineering concern.,,UNREVIEWED,PENDING,,,,9.721215,9.834392,12.923678273172696,LOW,5.444993,5.333819,5.767854036269183,LOW,125.112191,127.247993,128.43135894436273,LOW
LOT_015,LOT_015_CMP_0017,LOW,LOW RISK — all evidence signals nominal. No immediate engineering concern.,,UNREVIEWED,PENDING,,,,10.603446,10.720296,13.284202327396027,LOW,4.04738,4.195825,5.549831895997174,LOW,117.107463,118.107078,119.94959873746227,LOW
LOT_015,LOT_015_CMP_0018,LOW,LOW RISK — all evidence signals nominal. No immediate engineering concern.,,UNREVIEWED,PENDING,,,,11.481272,11.769934,18.098392519622564,LOW,6.289152,6.327107,7.2495497822811235,LOW,118.43016,118.982634,121.1246454404052,LOW
LOT_015,LOT_015_CMP_0019,LOW,LOW RISK — all evidence signals nominal. No immediate engineering concern.,,UNREVIEWED,PENDING,,,,11.986369,12.305429,18.36855327958595,LOW,5.7977,5.768032,6.471646453067763,LOW,123.206167,123.890828,125.99060552782478,LOW
LOT_015,LOT_015_CMP_0020,LOW,LOW RISK — all evidence signals nominal. No immediate engineering concern.,,UNREVIEWED,PENDING,,,,10.251545,10.445002,16.152895708062996,LOW,5.604147,5.692347,6.802912206723743,LOW,123.512752,122.840981,125.81607355920981,LOW
LOT_015,LOT_015_CMP_0021,MEDIUM,MEDIUM RISK — high prediction uncertainty present. Engineering review recommended.,"[MEDIUM] Module B 168h prediction interval width (21.68 [uA]) is high relative to spec range, indicating insufficient prediction confidence.",UNREVIEWED,PENDING,,,,8.755149,9.324792,17.102201912606176,MEDIUM,4.238797,4.338595,5.521932028696069,LOW,116.494932,116.544534,118.99269141154483,LOW
LOT_015,LOT_015_CMP_0022,LOW,LOW RISK — all evidence signals nominal. No immediate engineering concern.,,UNREVIEWED,PENDING,,,,12.302167,12.555178,16.308466353833083,LOW,4.972182,4.985753,5.856996521441174,LOW,124.952226,124.074761,127.19507235509347,LOW
LOT_015,LOT_015_CMP_0023,LOW,LOW RISK — all evidence signals nominal. No immediate engineering concern.,,UNREVIEWED,PENDING,,,,8.738532,8.889858,13.321808279413698,LOW,5.403633,5.486762,6.584896003071408,LOW,119.916203,121.630703,123.03852158501205,LOW
LOT_015,LOT_015_CMP_0024,MEDIUM,MEDIUM RISK — high prediction uncertainty present. Engineering review recommended.,"[MEDIUM] Module B 168h prediction interval width (17.47 [uA]) is high relative to spec range, indicating insufficient prediction confidence.",UNREVIEWED,PENDING,,,,12.549563,13.049527,21.214920625508384,MEDIUM,5.255689,5.420059,6.799038859688189,LOW,116.708052,117.69892,119.54348825323027,LOW
LOT_015,LOT_015_CMP_0025,LOW,LOW RISK — all evidence signals nominal. No immediate engineering concern.,,UNREVIEWED,PENDING,,,,11.729779,12.002552,17.683979122164086,LOW,5.410686,5.39445,6.153311829320842,LOW,121.294571,120.709839,123.60906305251909,LOW
LOT_015,LOT_015_CMP_0026,LOW,LOW RISK — all evidence signals nominal. No immediate engineering concern.,,UNREVIEWED,PENDING,,,,12.137627,12.306764,15.907662188935278,LOW,5.955429,5.997858,6.943681890656686,LOW,121.041632,120.911684,123.51608724031765,LOW
LOT_015,LOT_015_CMP_0027,HIGH,HIGH RISK — one or more strong evidence signals present. Engineering review recommended.,"[MEDIUM] Iddq population anomaly score 3.556 >= anomaly threshold 3.5 (moderate). | [MEDIUM] Iddq predicted drift from 0h to 168h is 11.26 [uA] (22.5% of spec range), exceeding moderate-drift threshold of 20% of spec range. | [MEDIUM] Module B 168h prediction interval width (31.53 [uA]) is high relative to spec range, indicating insufficient prediction confidence. | [HIGH] Combined: population anomaly (score=3.556) co-occurring with elevated predicted drift — escalated to HIGH.",UNREVIEWED,PENDING,,,,15.684851,16.207536,26.944288733017213,HIGH,5.681624,5.64592,6.331757332147996,LOW,119.022076,120.891308,122.19157775411179,LOW
LOT_015,LOT_015_CMP_0028,MEDIUM,MEDIUM RISK — high prediction uncertainty present. Engineering review recommended.,"[MEDIUM] Module B 168h prediction interval width (24.32 [uA]) is high relative to spec range, indicating insufficient prediction confidence.",UNREVIEWED,PENDING,,,,13.866615,14.26481,18.30505127462347,MEDIUM,4.757903,4.742758,5.521212180940362,LOW,118.825343,118.339153,121.15285915508933,LOW
LOT_015,LOT_015_CMP_0029,MEDIUM,MEDIUM RISK — high prediction uncertainty present. Engineering review recommended.,"[MEDIUM] Module B 168h prediction interval width (19.83 [uA]) is high relative to spec range, indicating insufficient prediction confidence.",UNREVIEWED,PENDING,,,,8.494769,8.984855,13.182551856317614,MEDIUM,4.708413,4.902267,6.395170498506045,LOW,114.69625,115.909069,117.59283179024497,LOW
LOT_015,LOT_015_CMP_0030,LOW,LOW RISK — all evidence signals nominal. No immediate engineering concern.,,UNREVIEWED,PENDING,,,,10.459638,10.737078,17.70866311661078,LOW,4.771582,4.809814,5.770094140633441,LOW,110.555974,110.683683,113.02837445670671,LOW
LOT_015,LOT_015_CMP_0031,LOW,LOW RISK — all evidence signals nominal. No immediate engineering concern.,,UNREVIEWED,PENDING,,,,9.123783,9.344435,15.31379807281333,LOW,5.085444,5.290415,6.8120916323333205,LOW,115.717304,117.178125,118.71150272865874,LOW
LOT_015,LOT_015_CMP_0032,LOW,LOW RISK — all evidence signals nominal. No immediate engineering concern.,,UNREVIEWED,PENDING,,,,9.552776,9.905484,13.12405338311233,LOW,5.30373,5.497136,6.97403849405033,LOW,113.489848,114.593046,116.33651494362569,LOW
LOT_015,LOT_015_CMP_0033,MEDIUM,MEDIUM RISK — high prediction uncertainty present. Engineering review recommended.,"[MEDIUM] Module B 168h prediction interval width (19.68 [uA]) is high relative to spec range, indicating insufficient prediction confidence.",UNREVIEWED,PENDING,,,,10.616434,11.334549,13.308792904453432,MEDIUM,4.524444,4.531039,5.389360169244089,LOW,122.142374,124.057056,125.356050737319,LOW
LOT_015,LOT_015_CMP_0034,LOW,LOW RISK — all evidence signals nominal. No immediate engineering concern.,,UNREVIEWED,PENDING,,,,9.726587,9.881949,12.654288821763387,LOW,5.55826,5.729031,7.122499924342441,LOW,124.672474,125.773572,127.61860342117944,LOW
LOT_015,LOT_015_CMP_0035,MEDIUM,MEDIUM RISK — population outlier present. Engineering review recommended.,[MEDIUM] leakage_current population anomaly score 7.117 >= strong threshold 6.0.,UNREVIEWED,PENDING,,,,8.203802,8.571316,11.837845003529585,LOW,0.721307,0.947806,2.6490426972388836,MEDIUM,105.165568,105.958114,107.82682272178515,LOW
LOT_015,LOT_015_CMP_0036,MEDIUM,MEDIUM RISK — high prediction uncertainty present. Engineering review recommended.,"[MEDIUM] Module B 168h prediction interval width (17.87 [uA]) is high relative to spec range, indicating insufficient prediction confidence.",UNREVIEWED,PENDING,,,,11.218656,11.727369,17.63417180862393,MEDIUM,5.736009,6.061335,7.977929251281396,LOW,119.634617,118.797598,121.84423815962474,LOW
LOT_015,LOT_015_CMP_0037,LOW,LOW RISK — all evidence signals nominal. No immediate engineering concern.,,UNREVIEWED,PENDING,,,,10.763804,10.911194,13.014812875986719,LOW,4.949881,5.036016,6.155439199299851,LOW,123.076977,123.737588,125.85167872923228,LOW
LOT_015,LOT_015_CMP_0038,LOW,LOW RISK — all evidence signals nominal. No immediate engineering concern.,,UNREVIEWED,PENDING,,,,9.899197,10.037551,13.269047690218667,LOW,5.228464,5.167456,5.777955232331146,LOW,112.335102,112.567179,114.86067586742566,LOW
LOT_015,LOT_015_CMP_0039,LOW,LOW RISK — all evidence signals nominal. No immediate engineering concern.,,UNREVIEWED,PENDING,,,,10.810521,11.210704,15.798964558625462,LOW,5.457015,5.650529,7.124073712974175,LOW,126.913149,125.202999,128.87653375638527,LOW
LOT_015,LOT_015_CMP_0040,MEDIUM,MEDIUM RISK — high prediction uncertainty present. Engineering review recommended.,"[MEDIUM] Module B 168h prediction interval width (20.47 [uA]) is high relative to spec range, indicating insufficient prediction confidence.",UNREVIEWED,PENDING,,,,9.862253,10.507137,16.13145354391769,MEDIUM,5.104872,5.244377,6.542166982984238,LOW,124.829582,126.271495,127.89869433882441,LOW
LOT_015,LOT_015_CMP_0041,LOW,LOW RISK — all evidence signals nominal. No immediate engineering concern.,,UNREVIEWED,PENDING,,,,11.865634,11.999752,14.617238832472982,LOW,5.852874,5.928358,6.989481057349934,LOW,122.210247,121.598909,124.52345390640326,LOW
LOT_015,LOT_015_CMP_0042,LOW,LOW RISK — all evidence signals nominal. No immediate engineering concern.,,UNREVIEWED,PENDING,,,,10.27492,10.677022,15.584300457568684,LOW,5.07972,5.099278,5.988338979485177,LOW,116.859367,116.532368,119.22605170252275,LOW
LOT_015,LOT_015_CMP_0043,MEDIUM,MEDIUM RISK — high prediction uncertainty present. Engineering review recommended.,"[MEDIUM] Module B 168h prediction interval width (19.88 [uA]) is high relative to spec range, indicating insufficient prediction confidence.",UNREVIEWED,PENDING,,,,11.71935,12.321684,18.277825720809847,MEDIUM,5.834159,6.01159,7.421080267423566,LOW,111.922088,111.495873,114.20913576361204,LOW
LOT_015,LOT_015_CMP_0044,LOW,LOW RISK — all evidence signals nominal. No immediate engineering concern.,,UNREVIEWED,PENDING,,,,7.490823,7.745357,12.798333630016604,LOW,5.343772,5.328246,6.091157506269436,LOW,120.478386,121.941756,123.5161597948,LOW
LOT_015,LOT_015_CMP_0045,LOW,LOW RISK — all evidence signals nominal. No immediate engineering concern.,,UNREVIEWED,PENDING,,,,10.636294,10.982037,14.864624139441023,LOW,4.568864,4.764559,6.267137666906314,LOW,129.99752,132.308356,133.4229050236334,LOW
LOT_015,LOT_015_CMP_0046,LOW,LOW RISK — all evidence signals nominal. No immediate engineering concern.,,UNREVIEWED,PENDING,,,,9.174126,9.586592,13.720726790176137,LOW,3.531439,3.729491,5.265333095171656,LOW,127.113712,127.411216,129.79506139809354,LOW
LOT_015,LOT_015_CMP_0047,MEDIUM,MEDIUM RISK — high prediction uncertainty present. Engineering review recommended.,"[MEDIUM] Module B 168h prediction interval width (20.77 [uA]) is high relative to spec range, indicating insufficient prediction confidence.",UNREVIEWED,PENDING,,,,8.757093,9.282645,14.76050053929643,MEDIUM,4.662379,4.693535,5.632321752679789,LOW,117.30584,118.882941,120.3557534057893,LOW
LOT_015,LOT_015_CMP_0048,MEDIUM,MEDIUM RISK — high prediction uncertainty present. Engineering review recommended.,"[MEDIUM] Iddq predicted drift from 0h to 168h is 26.14 [uA] (52.3% of spec range), exceeding moderate-drift threshold of 20% of spec range. | [MEDIUM] Module B 168h prediction interval width (25.24 [uA]) is high relative to spec range, indicating insufficient prediction confidence.",UNREVIEWED,PENDING,,,,11.694736,12.233933,37.83245171660098,MEDIUM,5.205692,5.470577,7.193797579122318,LOW,117.61758,116.536504,119.72206610910627,LOW
LOT_015,LOT_015_CMP_0049,MEDIUM,MEDIUM RISK — high prediction uncertainty present. Engineering review recommended.,"[MEDIUM] Iddq predicted drift from 0h to 168h is 12.43 [uA] (24.9% of spec range), exceeding moderate-drift threshold of 20% of spec range. | [MEDIUM] Module B 168h prediction interval width (19.34 [uA]) is high relative to spec range, indicating insufficient prediction confidence.",UNREVIEWED,PENDING,,,,10.992204,11.564304,23.424489416192962,MEDIUM,5.32638,5.374808,6.356396691943902,LOW,124.462196,126.388919,127.70095675503657,LOW
LOT_015,LOT_015_CMP_0050,LOW,LOW RISK — all evidence signals nominal. No immediate engineering concern.,,UNREVIEWED,PENDING,,,,7.537827,7.556665,9.118942219401172,LOW,3.974314,4.028162,5.061116057993129,LOW,114.923093,114.918026,117.38726514582459,LOW
LOT_015,LOT_015_CMP_0051,MEDIUM,MEDIUM RISK — high prediction uncertainty present. Engineering review recommended.,"[MEDIUM] Module B 168h prediction interval width (19.34 [uA]) is high relative to spec range, indicating insufficient prediction confidence.",UNREVIEWED,PENDING,,,,11.000736,11.558093,14.441895482680476,MEDIUM,5.7005,5.786857,6.888790305449351,LOW,122.710769,125.485911,126.23648133261912,LOW
LOT_015,LOT_015_CMP_0052,MEDIUM,MEDIUM RISK — high prediction uncertainty present. Engineering review recommended.,"[MEDIUM] Module B 168h prediction interval width (15.05 [uA]) is high relative to spec range, indicating insufficient prediction confidence.",UNREVIEWED,PENDING,,,,10.890021,10.781433,17.617269479068348,MEDIUM,4.705494,4.558899,4.8900307625495945,LOW,123.18619,123.694931,125.90769558811233,LOW
LOT_015,LOT_015_CMP_0053,LOW,LOW RISK — all evidence signals nominal. No immediate engineering concern.,,UNREVIEWED,PENDING,,,,9.052336,9.199267,13.128614589948342,LOW,4.976452,5.085558,6.282727878221026,LOW,117.40172,119.598708,120.673617782273,LOW
LOT_015,LOT_015_CMP_0054,MEDIUM,MEDIUM RISK — high prediction uncertainty present. Engineering review recommended.,"[MEDIUM] Module B 168h prediction interval width (20.77 [uA]) is high relative to spec range, indicating insufficient prediction confidence.",UNREVIEWED,PENDING,,,,8.753807,9.270515,14.76050053929643,MEDIUM,5.018915,4.988927,5.710381618481682,LOW,123.987178,122.833035,126.122680047145,LOW
LOT_015,LOT_015_CMP_0055,LOW,LOW RISK — all evidence signals nominal. No immediate engineering concern.,,UNREVIEWED,PENDING,,,,7.734597,8.050923,14.89029242236908,LOW,4.710049,4.797068,5.925338309618999,LOW,121.947113,122.608397,124.71192967776962,LOW
LOT_015,LOT_015_CMP_0056,LOW,LOW RISK — all evidence signals nominal. No immediate engineering concern.,,UNREVIEWED,PENDING,,,,9.451187,9.802549,13.12405338311233,LOW,5.14795,5.201913,6.206728486679294,LOW,116.389884,118.201404,119.51521078438257,LOW
LOT_015,LOT_015_CMP_0057,LOW,LOW RISK — all evidence signals nominal. No immediate engineering concern.,,UNREVIEWED,PENDING,,,,9.935954,9.980896,11.820392775448628,LOW,5.413375,5.528929,6.737482248693049,LOW,115.10587,114.15846,117.23552889559177,LOW
LOT_015,LOT_015_CMP_0058,LOW,LOW RISK — all evidence signals nominal. No immediate engineering concern.,,UNREVIEWED,PENDING,,,,11.109647,11.301858,17.56308986356302,LOW,5.268751,5.433161,6.81195983026368,LOW,108.25901,108.589553,110.78318116556346,LOW
LOT_015,LOT_015_CMP_0059,LOW,LOW RISK — all evidence signals nominal. No immediate engineering concern.,,UNREVIEWED,PENDING,,,,10.367868,10.589813,16.45157798707146,LOW,5.026637,5.195457,6.595191517311837,LOW,118.166342,118.305248,120.71093591452922,LOW
LOT_015,LOT_015_CMP_0060,MEDIUM,MEDIUM RISK — elevated predicted drift present. Engineering review recommended.,"[MEDIUM] Iddq predicted drift from 0h to 168h is 10.49 [uA] (21.0% of spec range), exceeding moderate-drift threshold of 20% of spec range.",UNREVIEWED,PENDING,,,,8.517295,8.716976,19.011002359823927,MEDIUM,4.777814,4.876136,6.04133244163569,LOW,111.914382,112.503651,114.56360263668486,LOW
LOT_015,LOT_015_CMP_0061,LOW,LOW RISK — all evidence signals nominal. No immediate engineering concern.,,UNREVIEWED,PENDING,,,,10.199977,10.551949,19.008521551188554,LOW,5.395293,5.492146,6.637318336238205,LOW,122.221097,124.217602,125.46466698064071,LOW
LOT_015,LOT_015_CMP_0062,MEDIUM,MEDIUM RISK — high prediction uncertainty present. Engineering review recommended.,"[MEDIUM] Module B 168h prediction interval width (21.01 [uA]) is high relative to spec range, indicating insufficient prediction confidence.",UNREVIEWED,PENDING,,,,9.312301,9.935649,15.074932477553837,MEDIUM,5.535607,5.465767,6.0386588331107784,LOW,118.744179,118.284886,121.08056247240708,LOW
LOT_015,LOT_015_CMP_0063,LOW,LOW RISK — all evidence signals nominal. No immediate engineering concern.,,UNREVIEWED,PENDING,,,,8.674459,9.054325,13.245528370960239,LOW,3.983194,4.121176,5.441036407913748,LOW,117.135166,116.413252,119.36344875139608,LOW
LOT_015,LOT_015_CMP_0064,LOW,LOW RISK — all evidence signals nominal. No immediate engineering concern.,,UNREVIEWED,PENDING,,,,7.813618,8.074452,13.742276873817126,LOW,4.323584,4.509687,5.985494006651172,LOW,120.367368,120.543069,122.94481156775417,LOW
LOT_015,LOT_015_CMP_0065,MEDIUM,MEDIUM RISK — high prediction uncertainty present. Engineering review recommended.,"[MEDIUM] Module B 168h prediction interval width (19.68 [uA]) is high relative to spec range, indicating insufficient prediction confidence.",UNREVIEWED,PENDING,,,,10.629454,11.217134,19.34696363521792,MEDIUM,4.787888,4.971181,6.426111176680776,LOW,123.4526,122.778837,125.75467193196694,LOW
LOT_015,LOT_015_CMP_0066,MEDIUM,MEDIUM RISK — high prediction uncertainty present. Engineering review recommended.,"[MEDIUM] Module B 168h prediction interval width (17.98 [uA]) is high relative to spec range, indicating insufficient prediction confidence.",UNREVIEWED,PENDING,,,,10.470508,10.917673,16.43861205633669,MEDIUM,5.493637,5.474541,6.221626036779138,LOW,118.629127,120.611848,121.83559102079364,LOW
LOT_015,LOT_015_CMP_0067,LOW,LOW RISK — all evidence signals nominal. No immediate engineering concern.,,UNREVIEWED,PENDING,,,,10.678135,10.937378,16.090345948813304,LOW,5.611242,5.702004,6.821140007813135,LOW,129.612604,131.526948,132.8931036195603,LOW
LOT_015,LOT_015_CMP_0068,MEDIUM,MEDIUM RISK — high prediction uncertainty present. Engineering review recommended.,"[MEDIUM] Iddq predicted drift from 0h to 168h is 11.95 [uA] (23.9% of spec range), exceeding moderate-drift threshold of 20% of spec range. | [MEDIUM] Module B 168h prediction interval width (21.5 [uA]) is high relative to spec range, indicating insufficient prediction confidence.",UNREVIEWED,PENDING,,,,8.930389,9.686108,20.88390068092859,MEDIUM,4.672064,4.687419,5.57204659113399,LOW,122.791209,123.469721,125.56973547592389,LOW
LOT_015,LOT_015_CMP_0069,LOW,LOW RISK — all evidence signals nominal. No immediate engineering concern.,,UNREVIEWED,PENDING,,,,10.165365,10.161539,11.898067060143449,LOW,4.788613,4.864379,5.952336561214901,LOW,117.979278,119.995662,121.19192670197586,LOW
LOT_015,LOT_015_CMP_0070,MEDIUM,MEDIUM RISK — high prediction uncertainty present. Engineering review recommended.,"[MEDIUM] Iddq predicted drift from 0h to 168h is 10.88 [uA] (21.8% of spec range), exceeding moderate-drift threshold of 20% of spec range. | [MEDIUM] Module B 168h prediction interval width (22 [uA]) is high relative to spec range, indicating insufficient prediction confidence.",UNREVIEWED,PENDING,,,,7.986495,8.709252,18.870714707827368,MEDIUM,4.775493,5.035281,6.751565276083775,LOW,114.20246,115.943518,117.28304938189345,LOW
LOT_015,LOT_015_CMP_0071,LOW,LOW RISK — all evidence signals nominal. No immediate engineering concern.,,UNREVIEWED,PENDING,,,,8.368041,8.581687,14.219510030050772,LOW,4.541154,4.488,5.142010872514232,LOW,121.00468,123.940318,124.57235533980193,LOW
LOT_015,LOT_015_CMP_0072,MEDIUM,MEDIUM RISK — high prediction uncertainty present. Engineering review recommended.,"[MEDIUM] Module B 168h prediction interval width (20.47 [uA]) is high relative to spec range, indicating insufficient prediction confidence.",UNREVIEWED,PENDING,,,,9.790108,10.486306,13.825075976068131,MEDIUM,5.57917,5.788471,7.312922073587965,LOW,121.214716,121.717201,123.91632286027972,LOW
LOT_015,LOT_015_CMP_0073,MEDIUM,MEDIUM RISK — high prediction uncertainty present. Engineering review recommended.,"[MEDIUM] Module B 168h prediction interval width (18.11 [uA]) is high relative to spec range, indicating insufficient prediction confidence.",UNREVIEWED,PENDING,,,,10.382195,10.871781,16.077255390420717,MEDIUM,5.987047,5.93418,6.554020728450863,LOW,114.844012,114.670769,117.24748398169604,LOW
LOT_015,LOT_015_CMP_0074,LOW,LOW RISK — all evidence signals nominal. No immediate engineering concern.,,UNREVIEWED,PENDING,,,,7.69608,8.11892,11.151480183893648,LOW,5.967997,5.943953,6.662620441142013,LOW,120.768938,122.662253,123.96268487266755,LOW
LOT_015,LOT_015_CMP_0075,HIGH,HIGH RISK — observed measurement currently breaches reference limits. Immediate engineering review required.,"[HIGH] Observed measurement of leakage_current breaches reference limit (spec_min=0.0, spec_max=30.0). value_0h=37.63, value_24h=37.64 [nA]. | [HIGH] Module B predicts leakage_current at 37.69 [nA] by 168h, crossing spec_max=30. | [HIGH] Module B 168h prediction upper bound (41.23 [nA]) crosses spec_max=30. Also population anomalous. | [MEDIUM] leakage_current population anomaly score 52.747 >= strong threshold 6.0.",UNREVIEWED,PENDING,,,,8.758169,8.848536,13.591197730823007,LOW,37.630264,37.636195,37.68744941357786,HIGH,123.604105,124.146895,126.34150158492028,LOW
LOT_015,LOT_015_CMP_0076,LOW,LOW RISK — all evidence signals nominal. No immediate engineering concern.,,UNREVIEWED,PENDING,,,,9.394217,9.744119,13.12405338311233,LOW,5.703969,5.649743,6.27182751075703,LOW,125.832868,127.544595,129.00721879563974,LOW
LOT_015,LOT_015_CMP_0077,MEDIUM,MEDIUM RISK — high prediction uncertainty present. Engineering review recommended.,"[MEDIUM] Iddq predicted drift from 0h to 168h is 16.08 [uA] (32.2% of spec range), exceeding moderate-drift threshold of 20% of spec range. | [MEDIUM] Module B 168h prediction interval width (25.87 [uA]) is high relative to spec range, indicating insufficient prediction confidence.",UNREVIEWED,PENDING,,,,11.286371,11.830383,27.369706591329834,MEDIUM,5.484439,5.495165,6.344246512852439,LOW,129.783212,131.845261,133.11792960607184,LOW
LOT_015,LOT_015_CMP_0078,LOW,LOW RISK — all evidence signals nominal. No immediate engineering concern.,,UNREVIEWED,PENDING,,,,8.816662,9.12963,18.601751075683595,LOW,4.513506,4.631047,5.868257007120949,LOW,128.540575,128.595517,131.14818468454953,LOW
LOT_015,LOT_015_CMP_0079,LOW,LOW RISK — all evidence signals nominal. No immediate engineering concern.,,UNREVIEWED,PENDING,,,,10.42999,10.333506,11.898067060143449,LOW,4.796505,4.904021,6.100139222818403,LOW,129.552839,128.54148,131.78915065774476,LOW
LOT_015,LOT_015_CMP_0080,MEDIUM,MEDIUM RISK — high prediction uncertainty present. Engineering review recommended.,"[MEDIUM] Module B 168h prediction interval width (20.14 [uA]) is high relative to spec range, indicating insufficient prediction confidence.",UNREVIEWED,PENDING,,,,10.102415,10.680185,18.777879809275547,MEDIUM,4.899211,4.981515,6.089096016211031,LOW,121.132406,122.535215,124.1544374772532,LOW
LOT_015,LOT_015_CMP_0081,LOW,LOW RISK — all evidence signals nominal. No immediate engineering concern.,,UNREVIEWED,PENDING,,,,9.729932,10.07608,13.12405338311233,LOW,4.91817,5.037775,6.272191413319408,LOW,118.853097,117.726661,120.95247427598704,LOW
LOT_015,LOT_015_CMP_0082,MEDIUM,MEDIUM RISK — high prediction uncertainty present. Engineering review recommended.,"[MEDIUM] Module B 168h prediction interval width (20.07 [uA]) is high relative to spec range, indicating insufficient prediction confidence.",UNREVIEWED,PENDING,,,,10.290409,10.831665,15.718128157127529,MEDIUM,5.428052,5.512597,6.614969730036293,LOW,110.775289,111.240758,113.3701400589284,LOW
LOT_015,LOT_015_CMP_0083,MEDIUM,MEDIUM RISK — high prediction uncertainty present. Engineering review recommended.,"[MEDIUM] Module B 168h prediction interval width (24.61 [uA]) is high relative to spec range, indicating insufficient prediction confidence.",UNREVIEWED,PENDING,,,,12.961501,13.353448,19.814361264282336,MEDIUM,3.921433,4.120407,5.649914850408404,LOW,134.927184,136.501272,138.13393389754393,LOW
LOT_015,LOT_015_CMP_0084,LOW,LOW RISK — all evidence signals nominal. No immediate engineering concern.,,UNREVIEWED,PENDING,,,,9.253563,9.562155,17.08970814985093,LOW,4.541852,4.757099,6.327059000810942,LOW,120.581022,120.625639,123.1136201112352,LOW
LOT_015,LOT_015_CMP_0085,LOW,LOW RISK — all evidence signals nominal. No immediate engineering concern.,,UNREVIEWED,PENDING,,,,11.989813,12.344239,15.284286784722516,LOW,5.761839,5.670053,6.162550521197815,LOW,123.400617,125.271169,126.60982732392198,LOW
LOT_015,LOT_015_CMP_0086,LOW,LOW RISK — all evidence signals nominal. No immediate engineering concern.,,UNREVIEWED,PENDING,,,,11.926424,12.320039,15.284286784722516,LOW,5.948548,5.987203,6.920314721914582,LOW,114.077992,114.221099,116.58744729485123,LOW
LOT_015,LOT_015_CMP_0087,LOW,LOW RISK — all evidence signals nominal. No immediate engineering concern.,,UNREVIEWED,PENDING,,,,11.223108,11.412738,17.56308986356302,LOW,5.372553,5.526165,6.865590315746347,LOW,120.246371,122.470728,123.55352376507051,LOW
LOT_015,LOT_015_CMP_0088,LOW,LOW RISK — all evidence signals nominal. No immediate engineering concern.,,UNREVIEWED,PENDING,,,,11.504985,11.932345,15.133266942639661,LOW,5.608433,5.685503,6.757980911933297,LOW,126.39798,125.967948,128.8133899121547,LOW
LOT_015,LOT_015_CMP_0089,LOW,LOW RISK — all evidence signals nominal. No immediate engineering concern.,,UNREVIEWED,PENDING,,,,7.4164,7.70293,13.42039359625684,LOW,3.924667,4.015517,5.175953872721831,LOW,109.677289,109.632823,112.08039723248595,LOW
LOT_015,LOT_015_CMP_0090,LOW,LOW RISK — all evidence signals nominal. No immediate engineering concern.,,UNREVIEWED,PENDING,,,,8.872613,9.010678,14.851493006989932,LOW,4.191614,4.456944,6.206335403363287,LOW,118.196695,118.546821,120.81690700041179,LOW
LOT_015,LOT_015_CMP_0091,LOW,LOW RISK — all evidence signals nominal. No immediate engineering concern.,,UNREVIEWED,PENDING,,,,9.713343,9.446406,11.491493842874233,LOW,4.929587,4.854285,5.423269101960858,LOW,121.716933,121.971166,124.33448432873402,LOW
LOT_015,LOT_015_CMP_0092,MEDIUM,MEDIUM RISK — high prediction uncertainty present. Engineering review recommended.,"[MEDIUM] Iddq predicted drift from 0h to 168h is 11.07 [uA] (22.1% of spec range), exceeding moderate-drift threshold of 20% of spec range. | [MEDIUM] Module B 168h prediction interval width (30.78 [uA]) is high relative to spec range, indicating insufficient prediction confidence.",UNREVIEWED,PENDING,,,,13.271951,13.73418,24.34414391089551,MEDIUM,6.129418,6.272589,7.557983200076048,LOW,131.580667,131.820533,134.28148586864637,LOW
LOT_015,LOT_015_CMP_0093,LOW,LOW RISK — all evidence signals nominal. No immediate engineering concern.,,UNREVIEWED,PENDING,,,,9.498167,9.656449,12.654288821763387,LOW,4.974681,5.134679,6.505569922613774,LOW,129.115387,127.564986,131.1554922372441,LOW
LOT_015,LOT_015_CMP_0094,LOW,LOW RISK — all evidence signals nominal. No immediate engineering concern.,,UNREVIEWED,PENDING,,,,11.106913,11.38563,18.359322340589287,LOW,4.923664,5.149076,6.7444440396480525,LOW,119.599668,120.332631,122.36901759311121,LOW
LOT_015,LOT_015_CMP_0095,HIGH,HIGH RISK — Module B predicts parameter(s) will cross specification boundary by 168h. Elevated engineering attention required.,"[HIGH] Module B predicts Iddq at 115.7 [uA] by 168h, crossing spec_max=50. | [HIGH] Module B 168h prediction upper bound (179.2 [uA]) crosses spec_max=50. Also population anomalous. | [MEDIUM] Iddq population anomaly score 5.904 >= anomaly threshold 3.5 (moderate). | [HIGH] Iddq predicted drift from 0h to 168h is 105.4 [uA] (210.8% of spec range), exceeding high-drift threshold of 60% of spec range. | [MEDIUM] Module B 168h prediction interval width (167.7 [uA]) is high relative to spec range, indicating insufficient prediction confidence. | [MEDIUM] leakage_current population anomaly score 4.064 >= anomaly threshold 3.5 (moderate).",UNREVIEWED,PENDING,,,,10.267037,12.027595,115.6536765596771,HIGH,5.00117,5.538355,8.19581962498924,MEDIUM,122.830543,122.931323,125.40333426973595,LOW
LOT_015,LOT_015_CMP_0096,HIGH,HIGH RISK — one or more strong evidence signals present. Engineering review recommended.,"[MEDIUM] Iddq population anomaly score 4.655 >= anomaly threshold 3.5 (moderate). | [MEDIUM] Iddq predicted drift from 0h to 168h is 11.61 [uA] (23.2% of spec range), exceeding moderate-drift threshold of 20% of spec range. | [MEDIUM] Module B 168h prediction interval width (29.7 [uA]) is high relative to spec range, indicating insufficient prediction confidence. | [HIGH] Combined: population anomaly (score=4.655) co-occurring with elevated predicted drift — escalated to HIGH.",UNREVIEWED,PENDING,,,,17.371748,17.739958,28.98069886663018,HIGH,5.845617,5.798747,6.442491712217139,LOW,122.616869,123.413175,125.4358524506562,LOW
LOT_015,LOT_015_CMP_0097,MEDIUM,MEDIUM RISK — high prediction uncertainty present. Engineering review recommended.,"[MEDIUM] Module B 168h prediction interval width (20.47 [uA]) is high relative to spec range, indicating insufficient prediction confidence.",UNREVIEWED,PENDING,,,,9.922803,10.517528,16.49834105556558,MEDIUM,5.206422,5.586615,7.703326868487943,LOW,123.130598,124.479089,126.151159768395,LOW
LOT_015,LOT_015_CMP_0098,HIGH,HIGH RISK — Module B predicts parameter(s) will cross specification boundary by 168h. Elevated engineering attention required.,"[HIGH] Module B predicts Iddq at 115.5 [uA] by 168h, crossing spec_max=50. | [HIGH] Module B 168h prediction upper bound (115.5 [uA]) crosses spec_max=50. Also population anomalous. | [MEDIUM] Iddq population anomaly score 4.721 >= anomaly threshold 3.5 (moderate). | [HIGH] Iddq predicted drift from 0h to 168h is 112.5 [uA] (225.0% of spec range), exceeding high-drift threshold of 60% of spec range. | [MEDIUM] Module B 168h prediction interval width (82.49 [uA]) is high relative to spec range, indicating insufficient prediction confidence. | [MEDIUM] leakage_current population anomaly score 4.201 >= anomaly threshold 3.5 (moderate).",UNREVIEWED,PENDING,,,,2.977445,4.043107,115.45278279139279,HIGH,2.613918,2.734876,4.029926010752492,MEDIUM,119.987194,121.451701,123.020971633238,LOW
LOT_015,LOT_015_CMP_0099,LOW,LOW RISK — all evidence signals nominal. No immediate engineering concern.,,UNREVIEWED,PENDING,,,,6.365069,6.507642,13.547925028996204,LOW,3.678026,3.744671,4.8284998396583205,LOW,121.358839,121.200447,123.82599034681456,LOW
LOT_015,LOT_015_CMP_0100,MEDIUM,MEDIUM RISK — high prediction uncertainty present. Engineering review recommended.,"[MEDIUM] Module B 168h prediction interval width (19.46 [uA]) is high relative to spec range, indicating insufficient prediction confidence.",UNREVIEWED,PENDING,,,,11.548113,12.191261,19.160180955601792,MEDIUM,5.298784,5.413445,6.6217364287073535,LOW,110.483792,111.139047,113.14373102535164,LOW
LOT_016,LOT_016_CMP_0001,HIGH,HIGH RISK — observed measurement currently breaches reference limits. Immediate engineering review required.,"[HIGH] Observed measurement of propagation_delay breaches reference limit (spec_min=80.0, spec_max=180.0). value_0h=206.1, value_24h=204.8 [ps]. | [HIGH] Module B predicts propagation_delay at 208.9 [ps] by 168h, crossing spec_max=180. | [HIGH] Module B 168h prediction upper bound (212.4 [ps]) crosses spec_max=180. Also population anomalous. | [MEDIUM] propagation_delay population anomaly score 16.430 >= strong threshold 6.0.",UNREVIEWED,PENDING,,,,9.381005,9.706576,16.350783495311262,LOW,4.495953,4.404359,4.928285377186638,LOW,206.120419,204.83761,208.9460494056044,HIGH
LOT_016,LOT_016_CMP_0002,LOW,LOW RISK — all evidence signals nominal. No immediate engineering concern.,,UNREVIEWED,PENDING,,,,8.796579,8.745768,14.894355443633014,LOW,4.999086,4.988708,5.777567269339531,LOW,116.51348,117.10745,119.20559176338924,LOW
LOT_016,LOT_016_CMP_0003,MEDIUM,MEDIUM RISK — high prediction uncertainty present. Engineering review recommended.,"[MEDIUM] Module B 168h prediction interval width (21.27 [uA]) is high relative to spec range, indicating insufficient prediction confidence.",UNREVIEWED,PENDING,,,,9.088348,9.643733,18.81293269891546,MEDIUM,4.882856,5.007236,6.258806430623238,LOW,123.465209,125.918963,126.88303709906084,LOW
LOT_016,LOT_016_CMP_0004,MEDIUM,MEDIUM RISK — high prediction uncertainty present. Engineering review recommended.,"[MEDIUM] Iddq predicted drift from 0h to 168h is 18.33 [uA] (36.7% of spec range), exceeding moderate-drift threshold of 20% of spec range. | [MEDIUM] Module B 168h prediction interval width (17.48 [uA]) is high relative to spec range, indicating insufficient prediction confidence.",UNREVIEWED,PENDING,,,,10.067222,10.406567,28.39712584960312,MEDIUM,3.972775,4.12199,5.480438301409636,LOW,111.219729,110.792641,113.50017125343106,LOW
LOT_016,LOT_016_CMP_0005,HIGH,HIGH RISK — observed measurement currently breaches reference limits. Immediate engineering review required.,"[MEDIUM] Iddq population anomaly score 9.649 >= strong threshold 6.0. | [MEDIUM] Module B 168h prediction interval width (30.65 [uA]) is high relative to spec range, indicating insufficient prediction confidence. | [HIGH] Observed measurement of leakage_current breaches reference limit (spec_min=0.0, spec_max=30.0). value_0h=33.09, value_24h=32.97 [nA]. | [HIGH] Module B predicts leakage_current at 32.71 [nA] by 168h, crossing spec_max=30. | [HIGH] Module B 168h prediction upper bound (36.25 [nA]) crosses spec_max=30. Also population anomalous. | [MEDIUM] leakage_current population anomaly score 45.248 >= strong threshold 6.0.",UNREVIEWED,PENDING,,,,20.931948,21.405407,26.519700243114283,MEDIUM,33.092052,32.973062,32.708325001910765,HIGH,128.292686,127.572319,130.62150719730533,LOW
LOT_016,LOT_016_CMP_0006,LOW,LOW RISK — all evidence signals nominal. No immediate engineering concern.,,UNREVIEWED,PENDING,,,,11.528042,11.880211,15.648447566720337,LOW,5.567034,5.630221,6.656327115484567,LOW,125.323724,128.136291,128.88620216437025,LOW
LOT_016,LOT_016_CMP_0007,LOW,LOW RISK — all evidence signals nominal. No immediate engineering concern.,,UNREVIEWED,PENDING,,,,10.142201,10.517031,15.196533238367795,LOW,5.038634,5.109417,6.174291191114659,LOW,118.320235,119.113637,121.09967883721482,LOW
LOT_016,LOT_016_CMP_0008,LOW,LOW RISK — all evidence signals nominal. No immediate engineering concern.,,UNREVIEWED,PENDING,,,,9.314067,9.735812,13.12405338311233,LOW,4.356204,4.716148,6.784425313275911,LOW,124.195216,124.473817,126.84366864216456,LOW
LOT_016,LOT_016_CMP_0009,LOW,LOW RISK — all evidence signals nominal. No immediate engineering concern.,,UNREVIEWED,PENDING,,,,8.560332,8.940472,12.561591538181835,LOW,4.867929,5.143074,6.909519652625905,LOW,115.184622,116.669624,118.18267298120438,LOW
LOT_016,LOT_016_CMP_0010,MEDIUM,MEDIUM RISK — high prediction uncertainty present. Engineering review recommended.,"[MEDIUM] Module B 168h prediction interval width (19.97 [uA]) is high relative to spec range, indicating insufficient prediction confidence.",UNREVIEWED,PENDING,,,,10.398948,11.012945,17.108650802464282,MEDIUM,4.562408,4.68375,5.932742789866697,LOW,120.718708,122.353211,123.81968171488867,LOW
LOT_016,LOT_016_CMP_0011,MEDIUM,MEDIUM RISK — high prediction uncertainty present. Engineering review recommended.,"[MEDIUM] Iddq predicted drift from 0h to 168h is 15.17 [uA] (30.3% of spec range), exceeding moderate-drift threshold of 20% of spec range. | [MEDIUM] Module B 168h prediction interval width (20.11 [uA]) is high relative to spec range, indicating insufficient prediction confidence.",UNREVIEWED,PENDING,,,,10.095085,10.752776,25.263078081860456,MEDIUM,4.640193,4.959508,6.882227875016872,LOW,117.755816,115.043606,119.27968521834578,LOW
LOT_016,LOT_016_CMP_0012,LOW,LOW RISK — all evidence signals nominal. No immediate engineering concern.,,UNREVIEWED,PENDING,,,,9.892084,10.147804,16.34458076304526,LOW,4.630354,4.695791,5.752346281605096,LOW,125.037179,124.34135,127.34557957136495,LOW
LOT_016,LOT_016_CMP_0013,MEDIUM,MEDIUM RISK — high prediction uncertainty present. Engineering review recommended.,"[MEDIUM] Module B 168h prediction interval width (20.11 [uA]) is high relative to spec range, indicating insufficient prediction confidence.",UNREVIEWED,PENDING,,,,10.149727,10.77584,16.652466809791534,MEDIUM,5.102506,5.438398,7.4064510279471785,LOW,116.34215,117.047411,119.07242597142226,LOW
LOT_016,LOT_016_CMP_0014,LOW,LOW RISK — all evidence signals nominal. No immediate engineering concern.,,UNREVIEWED,PENDING,,,,10.732361,10.90083,15.258695448668666,LOW,4.37222,4.497908,5.766355747223966,LOW,119.653877,119.575512,122.13429667247118,LOW
LOT_016,LOT_016_CMP_0015,LOW,LOW RISK — all evidence signals nominal. No immediate engineering concern.,,UNREVIEWED,PENDING,,,,10.440717,10.795945,15.584300457568684,LOW,4.793977,4.834036,5.800006681449837,LOW,123.423359,122.264042,125.5519627981175,LOW
LOT_016,LOT_016_CMP_0016,LOW,LOW RISK — all evidence signals nominal. No immediate engineering concern.,,UNREVIEWED,PENDING,,,,9.713211,10.03422,16.350783495311262,LOW,4.100483,4.134846,5.09823687205276,LOW,122.090874,124.220001,125.38058572580509,LOW
LOT_016,LOT_016_CMP_0017,LOW,LOW RISK — all evidence signals nominal. No immediate engineering concern.,,UNREVIEWED,PENDING,,,,8.871471,8.748442,14.894355443633014,LOW,4.452128,4.390949,5.0197373516556105,LOW,111.84941,113.54284,114.89192305469723,LOW
LOT_016,LOT_016_CMP_0018,MEDIUM,MEDIUM RISK — high prediction uncertainty present. Engineering review recommended.,"[MEDIUM] Module B 168h prediction interval width (20.51 [uA]) is high relative to spec range, indicating insufficient prediction confidence.",UNREVIEWED,PENDING,,,,9.049897,9.571259,15.496560115933685,MEDIUM,4.963906,5.188863,6.781699990415689,LOW,120.983475,122.891022,124.18422123459263,LOW
LOT_016,LOT_016_CMP_0019,MEDIUM,MEDIUM RISK — high prediction uncertainty present. Engineering review recommended.,"[MEDIUM] Module B 168h prediction interval width (19.9 [uA]) is high relative to spec range, indicating insufficient prediction confidence.",UNREVIEWED,PENDING,,,,11.113704,11.660939,16.55248939579309,MEDIUM,5.535487,5.580397,6.544896511797241,LOW,115.672462,116.582076,118.46963314887698,LOW
LOT_016,LOT_016_CMP_0020,LOW,LOW RISK — all evidence signals nominal. No immediate engineering concern.,,UNREVIEWED,PENDING,,,,9.383009,9.627371,14.239489618559512,LOW,4.47384,4.535082,5.581125945904203,LOW,107.289398,107.874964,109.89585154116502,LOW
LOT_016,LOT_016_CMP_0021,LOW,LOW RISK — all evidence signals nominal. No immediate engineering concern.,,UNREVIEWED,PENDING,,,,8.311398,8.5535,13.51407733726846,LOW,4.641856,4.863661,6.453570248941382,LOW,112.294746,113.40283,115.13244612571397,LOW
LOT_016,LOT_016_CMP_0022,LOW,LOW RISK — all evidence signals nominal. No immediate engineering concern.,,UNREVIEWED,PENDING,,,,11.641632,11.791197,14.753325667495718,LOW,5.315457,5.495938,6.928446552542606,LOW,125.968897,126.011004,128.54888245895353,LOW
LOT_016,LOT_016_CMP_0023,LOW,LOW RISK — all evidence signals nominal. No immediate engineering concern.,,UNREVIEWED,PENDING,,,,8.453013,8.563564,12.465347081861111,LOW,5.036889,5.181515,6.498433968424997,LOW,117.873147,117.937045,120.38835674604253,LOW
LOT_016,LOT_016_CMP_0024,LOW,LOW RISK — all evidence signals nominal. No immediate engineering concern.,,UNREVIEWED,PENDING,,,,10.093392,10.332671,15.898918077948084,LOW,4.830572,4.829006,5.652034351330079,LOW,114.312047,117.047999,117.7485155263626,LOW
LOT_016,LOT_016_CMP_0025,LOW,LOW RISK — all evidence signals nominal. No immediate engineering concern.,,UNREVIEWED,PENDING,,,,10.609362,10.939632,20.232227757962175,LOW,3.741299,3.942914,5.4858137801456595,LOW,119.352803,120.25909,122.18176822320133,LOW
LOT_016,LOT_016_CMP_0026,LOW,LOW RISK — all evidence signals nominal. No immediate engineering concern.,,UNREVIEWED,PENDING,,,,9.866333,10.075451,16.075221423368173,LOW,5.216069,5.408071,6.882313128901028,LOW,118.788334,120.00503,121.72296944370132,LOW
LOT_016,LOT_016_CMP_0027,LOW,LOW RISK — all evidence signals nominal. No immediate engineering concern.,,UNREVIEWED,PENDING,,,,6.4861,6.690744,13.299411316971627,LOW,3.770712,3.928866,5.322732367883134,LOW,116.73089,118.73725,119.92877569596499,LOW
LOT_016,LOT_016_CMP_0028,LOW,LOW RISK — all evidence signals nominal. No immediate engineering concern.,,UNREVIEWED,PENDING,,,,10.382326,10.671061,17.70866311661078,LOW,4.982453,5.051083,6.109975453258704,LOW,110.655573,111.430086,113.35959295237154,LOW
LOT_016,LOT_016_CMP_0029,LOW,LOW RISK — all evidence signals nominal. No immediate engineering concern.,,UNREVIEWED,PENDING,,,,12.065349,11.84597,14.269293035927904,LOW,5.540502,5.58035,6.527452623096544,LOW,122.226726,121.295978,124.42614112461283,LOW
LOT_016,LOT_016_CMP_0030,MEDIUM,MEDIUM RISK — high prediction uncertainty present. Engineering review recommended.,"[MEDIUM] Iddq predicted drift from 0h to 168h is 11.68 [uA] (23.4% of spec range), exceeding moderate-drift threshold of 20% of spec range. | [MEDIUM] Module B 168h prediction interval width (19.39 [uA]) is high relative to spec range, indicating insufficient prediction confidence.",UNREVIEWED,PENDING,,,,10.889431,11.538636,22.57253918437936,MEDIUM,4.528729,4.655385,5.9233314936655574,LOW,121.344062,121.922819,124.07403561035686,LOW
LOT_016,LOT_016_CMP_0031,MEDIUM,MEDIUM RISK — high prediction uncertainty present. Engineering review recommended.,"[MEDIUM] Iddq predicted drift from 0h to 168h is 22.7 [uA] (45.4% of spec range), exceeding moderate-drift threshold of 20% of spec range. | [MEDIUM] Module B 168h prediction interval width (21.66 [uA]) is high relative to spec range, indicating insufficient prediction confidence.",UNREVIEWED,PENDING,,,,7.167199,6.912338,29.872072961686325,MEDIUM,4.185708,4.078889,4.558399399395105,LOW,106.802747,108.46004,109.78714433217154,LOW
LOT_016,LOT_016_CMP_0032,LOW,LOW RISK — all evidence signals nominal. No immediate engineering concern.,,UNREVIEWED,PENDING,,,,12.952593,13.107107,14.714706358319539,LOW,5.924312,6.082012,7.421975109838794,LOW,116.139038,116.920981,118.89484769880264,LOW
LOT_016,LOT_016_CMP_0033,LOW,LOW RISK — all evidence signals nominal. No immediate engineering concern.,,UNREVIEWED,PENDING,,,,8.103679,8.294115,14.219510030050772,LOW,4.571518,4.632752,5.6763940974559315,LOW,114.65645,115.036016,117.25543836758567,LOW
LOT_016,LOT_016_CMP_0034,MEDIUM,MEDIUM RISK — high prediction uncertainty present. Engineering review recommended.,"[MEDIUM] Module B 168h prediction interval width (19.84 [uA]) is high relative to spec range, indicating insufficient prediction confidence.",UNREVIEWED,PENDING,,,,8.463793,8.929715,13.461451869778891,MEDIUM,4.294198,4.420766,5.694113614268774,LOW,115.133323,116.818143,118.2021930494239,LOW
LOT_016,LOT_016_CMP_0035,LOW,LOW RISK — all evidence signals nominal. No immediate engineering concern.,,UNREVIEWED,PENDING,,,,11.1917,11.350365,14.756916130413526,LOW,5.582904,5.750063,7.13060623829437,LOW,121.899366,120.666127,123.98794339655554,LOW
LOT_016,LOT_016_CMP_0036,LOW,LOW RISK — all evidence signals nominal. No immediate engineering concern.,,UNREVIEWED,PENDING,,,,10.629293,10.92739,16.988986798483115,LOW,4.670173,4.696183,5.617218641712253,LOW,117.248267,117.966308,119.99122187846885,LOW
LOT_016,LOT_016_CMP_0037,LOW,LOW RISK — all evidence signals nominal. No immediate engineering concern.,,UNREVIEWED,PENDING,,,,10.004994,10.289751,17.505269870097816,LOW,4.6111,4.7801,6.190550481838961,LOW,115.970471,116.575708,118.66173580921465,LOW
LOT_016,LOT_016_CMP_0038,LOW,LOW RISK — all evidence signals nominal. No immediate engineering concern.,,UNREVIEWED,PENDING,,,,9.134646,9.169093,12.483616724497093,LOW,4.625968,4.766523,6.079538425502693,LOW,114.77617,114.947013,117.30177586663565,LOW
LOT_016,LOT_016_CMP_0039,MEDIUM,MEDIUM RISK — high prediction uncertainty present. Engineering review recommended.,"[MEDIUM] Module B 168h prediction interval width (18.55 [uA]) is high relative to spec range, indicating insufficient prediction confidence.",UNREVIEWED,PENDING,,,,11.615645,12.14001,18.476943359878838,MEDIUM,5.428614,5.56062,6.824948162270425,LOW,123.190249,123.982245,126.01283326103376,LOW
LOT_016,LOT_016_CMP_0040,HIGH,HIGH RISK — observed measurement currently breaches reference limits. Immediate engineering review required.,"[MEDIUM] Module B 168h prediction interval width (20.47 [uA]) is high relative to spec range, indicating insufficient prediction confidence. | [HIGH] Observed measurement of leakage_current breaches reference limit (spec_min=0.0, spec_max=30.0). value_0h=37.64, value_24h=37.63 [nA]. | [HIGH] Module B predicts leakage_current at 37.61 [nA] by 168h, crossing spec_max=30. | [HIGH] Module B 168h prediction upper bound (41.15 [nA]) crosses spec_max=30. Also population anomalous. | [MEDIUM] leakage_current population anomaly score 52.797 >= strong threshold 6.0.",UNREVIEWED,PENDING,,,,9.779722,10.325958,15.51473491061457,MEDIUM,37.644717,37.629369,37.60765369398171,HIGH,124.590507,126.640901,127.87453333028739,LOW
LOT_016,LOT_016_CMP_0041,MEDIUM,MEDIUM RISK — population outlier present. Engineering review recommended.,[MEDIUM] leakage_current population anomaly score 3.911 >= anomaly threshold 3.5 (moderate).,UNREVIEWED,PENDING,,,,12.843131,12.781489,19.741797220323082,LOW,6.922266,6.653171,6.512360138817251,MEDIUM,123.859989,124.935845,126.78983315865513,LOW
LOT_016,LOT_016_CMP_0042,MEDIUM,MEDIUM RISK — high prediction uncertainty present. Engineering review recommended.,"[MEDIUM] Module B 168h prediction interval width (19.46 [uA]) is high relative to spec range, indicating insufficient prediction confidence.",UNREVIEWED,PENDING,,,,11.536593,12.11131,20.725469744716747,MEDIUM,5.48202,5.535154,6.529019152822984,LOW,125.507076,125.395932,128.02825544583285,LOW
LOT_016,LOT_016_CMP_0043,MEDIUM,MEDIUM RISK — high prediction uncertainty present. Engineering review recommended.,"[MEDIUM] Module B 168h prediction interval width (19.16 [uA]) is high relative to spec range, indicating insufficient prediction confidence.",UNREVIEWED,PENDING,,,,10.395,10.918255,16.529353424437637,MEDIUM,5.078672,5.134519,6.147448115916094,LOW,120.33249,120.240798,122.8142369833921,LOW
LOT_016,LOT_016_CMP_0044,LOW,LOW RISK — all evidence signals nominal. No immediate engineering concern.,,UNREVIEWED,PENDING,,,,11.567488,11.580825,13.314034441114668,LOW,5.427989,5.371441,5.992310332471005,LOW,123.947052,124.656101,126.74682951905984,LOW
LOT_016,LOT_016_CMP_0045,HIGH,HIGH RISK — observed measurement currently breaches reference limits. Immediate engineering review required.,"[HIGH] Observed measurement of Iddq breaches reference limit (spec_min=0.0, spec_max=50.0). value_0h=62.25, value_24h=62.71 [uA]. | [HIGH] Module B predicts Iddq at 67.05 [uA] by 168h, crossing spec_max=50. | [HIGH] Module B 168h prediction upper bound (91.97 [uA]) crosses spec_max=50. Also population anomalous. | [MEDIUM] Iddq population anomaly score 45.910 >= strong threshold 6.0. | [MEDIUM] Module B 168h prediction interval width (78.01 [uA]) is high relative to spec range, indicating insufficient prediction confidence.",UNREVIEWED,PENDING,,,,62.249707,62.710805,67.05375069517955,HIGH,5.535671,5.573044,6.511817687243019,LOW,127.331188,126.39644,129.57491919460062,LOW
LOT_016,LOT_016_CMP_0046,MEDIUM,MEDIUM RISK — high prediction uncertainty present. Engineering review recommended.,"[MEDIUM] Module B 168h prediction interval width (22.92 [uA]) is high relative to spec range, indicating insufficient prediction confidence.",UNREVIEWED,PENDING,,,,13.46342,13.654633,18.814926838980753,MEDIUM,6.069894,5.994264,6.534407940675339,LOW,120.812053,121.333851,123.5169407548033,LOW
LOT_016,LOT_016_CMP_0047,MEDIUM,MEDIUM RISK — high prediction uncertainty present. Engineering review recommended.,"[MEDIUM] Module B 168h prediction interval width (21.02 [uA]) is high relative to spec range, indicating insufficient prediction confidence.",UNREVIEWED,PENDING,,,,9.468094,10.011142,13.257881082671172,MEDIUM,4.119905,4.020517,4.5269866745456255,LOW,121.731278,122.833292,124.65137704623216,LOW
LOT_016,LOT_016_CMP_0048,LOW,LOW RISK — all evidence signals nominal. No immediate engineering concern.,,UNREVIEWED,PENDING,,,,9.695314,10.091541,13.12405338311233,LOW,5.462558,5.477076,6.3396303124950855,LOW,112.144318,113.38191,115.0268679851016,LOW
LOT_016,LOT_016_CMP_0049,MEDIUM,MEDIUM RISK — high prediction uncertainty present. Engineering review recommended.,"[MEDIUM] Module B 168h prediction interval width (19.55 [uA]) is high relative to spec range, indicating insufficient prediction confidence.",UNREVIEWED,PENDING,,,,10.786396,11.352896,18.15137847961974,MEDIUM,5.181049,5.553436,7.644125322964896,LOW,120.799464,120.437928,123.1891373606273,LOW
LOT_016,LOT_016_CMP_0050,LOW,LOW RISK — all evidence signals nominal. No immediate engineering concern.,,UNREVIEWED,PENDING,,,,9.557824,9.989502,13.978364981880341,LOW,5.095188,5.124823,6.047897506001696,LOW,117.566585,117.497998,120.03178768176832,LOW
LOT_016,LOT_016_CMP_0051,MEDIUM,MEDIUM RISK — high prediction uncertainty present. Engineering review recommended.,"[MEDIUM] Module B 168h prediction interval width (19.35 [uA]) is high relative to spec range, indicating insufficient prediction confidence.",UNREVIEWED,PENDING,,,,11.004097,11.619225,19.092095970213396,MEDIUM,4.947988,5.152365,6.675356049911737,LOW,122.22085,121.277296,124.41564433052352,LOW
LOT_016,LOT_016_CMP_0052,MEDIUM,MEDIUM RISK — population outlier present. Engineering review recommended.,[MEDIUM] Iddq population anomaly score 3.761 >= anomaly threshold 3.5 (moderate).,UNREVIEWED,PENDING,,,,6.099052,6.130379,11.22749894200335,MEDIUM,3.07926,3.215645,4.5520299495435115,LOW,107.425026,107.175132,109.73467091500792,LOW
LOT_016,LOT_016_CMP_0053,LOW,LOW RISK — all evidence signals nominal. No immediate engineering concern.,,UNREVIEWED,PENDING,,,,9.827799,10.195362,15.380907211055726,LOW,3.941843,4.07118,5.362543050170985,LOW,121.099521,120.578174,123.43487574052344,LOW
LOT_016,LOT_016_CMP_0054,MEDIUM,MEDIUM RISK — high prediction uncertainty present. Engineering review recommended.,"[MEDIUM] Module B 168h prediction interval width (20.47 [uA]) is high relative to spec range, indicating insufficient prediction confidence.",UNREVIEWED,PENDING,,,,9.646042,10.437248,11.505912742411063,MEDIUM,4.459159,4.558528,5.735044001385115,LOW,125.441995,125.805024,128.13173751262093,LOW
LOT_016,LOT_016_CMP_0055,MEDIUM,MEDIUM RISK — high prediction uncertainty present. Engineering review recommended.,"[MEDIUM] Module B 168h prediction interval width (20.52 [uA]) is high relative to spec range, indicating insufficient prediction confidence.",UNREVIEWED,PENDING,,,,9.637739,10.234866,14.503535485004942,MEDIUM,5.17434,5.158357,5.9238277955603875,LOW,112.745597,115.136215,116.044840970606,LOW
LOT_016,LOT_016_CMP_0056,LOW,LOW RISK — all evidence signals nominal. No immediate engineering concern.,,UNREVIEWED,PENDING,,,,8.991206,9.336201,13.395592361708324,LOW,5.122213,5.168507,6.147776326816473,LOW,117.28661,116.920059,119.64301445261248,LOW
LOT_016,LOT_016_CMP_0057,MEDIUM,MEDIUM RISK — high prediction uncertainty present. Engineering review recommended.,"[MEDIUM] Module B 168h prediction interval width (17.91 [uA]) is high relative to spec range, indicating insufficient prediction confidence.",UNREVIEWED,PENDING,,,,11.153263,11.652032,17.63417180862393,MEDIUM,5.350917,5.394028,6.356874991649773,LOW,125.274227,125.567244,127.93749150681184,LOW
LOT_016,LOT_016_CMP_0058,LOW,LOW RISK — all evidence signals nominal. No immediate engineering concern.,,UNREVIEWED,PENDING,,,,9.256476,9.648745,13.12405338311233,LOW,4.244617,4.372945,5.653504238444841,LOW,115.574538,115.990401,118.194701500092,LOW
LOT_016,LOT_016_CMP_0059,MEDIUM,MEDIUM RISK — high prediction uncertainty present. Engineering review recommended.,"[MEDIUM] Module B 168h prediction interval width (20.14 [uA]) is high relative to spec range, indicating insufficient prediction confidence.",UNREVIEWED,PENDING,,,,10.158514,10.707805,15.718128157127529,MEDIUM,4.660734,4.810254,6.153018921099284,LOW,127.432287,127.077232,129.88371139705242,LOW
LOT_016,LOT_016_CMP_0060,LOW,LOW RISK — all evidence signals nominal. No immediate engineering concern.,,UNREVIEWED,PENDING,,,,9.996233,10.143508,13.269047690218667,LOW,5.559965,5.608146,6.583213321534661,LOW,116.843947,118.246296,119.82738394297992,LOW
LOT_016,LOT_016_CMP_0061,LOW,LOW RISK — all evidence signals nominal. No immediate engineering concern.,,UNREVIEWED,PENDING,,,,10.746194,10.640161,11.56615796121668,LOW,4.464289,4.412984,5.075173497602675,LOW,118.563203,119.407629,121.36302536674619,LOW
LOT_016,LOT_016_CMP_0062,MEDIUM,MEDIUM RISK — high prediction uncertainty present. Engineering review recommended.,"[MEDIUM] Module B 168h prediction interval width (20.65 [uA]) is high relative to spec range, indicating insufficient prediction confidence.",UNREVIEWED,PENDING,,,,12.196817,12.382003,16.74681795663593,MEDIUM,6.376013,6.386614,7.213594811239982,LOW,116.975013,116.290703,119.21527460448264,LOW
LOT_016,LOT_016_CMP_0063,LOW,LOW RISK — all evidence signals nominal. No immediate engineering concern.,,UNREVIEWED,PENDING,,,,10.063174,10.423647,15.380907211055726,LOW,5.863074,5.721309,6.040783286915939,LOW,121.152541,121.260053,123.71269651131229,LOW
LOT_016,LOT_016_CMP_0064,MEDIUM,"MEDIUM RISK — population outlier, high prediction uncertainty present. Engineering review recommended.","[MEDIUM] Iddq population anomaly score 7.115 >= strong threshold 6.0. | [MEDIUM] Module B 168h prediction interval width (30.65 [uA]) is high relative to spec range, indicating insufficient prediction confidence. | [MEDIUM] leakage_current population anomaly score 6.438 >= strong threshold 6.0. | [MEDIUM] propagation_delay population anomaly score 5.931 >= anomaly threshold 3.5 (moderate).",UNREVIEWED,PENDING,,,,18.040971,18.519175,24.972030866327735,MEDIUM,8.938481,9.035321,10.094314258069774,MEDIUM,151.010994,149.675546,153.32399146182402,MEDIUM
LOT_016,LOT_016_CMP_0065,LOW,LOW RISK — all evidence signals nominal. No immediate engineering concern.,,UNREVIEWED,PENDING,,,,10.193952,10.163857,11.898067060143449,LOW,5.070655,5.231662,6.603663191495897,LOW,120.757303,121.907335,123.68580281028946,LOW
LOT_016,LOT_016_CMP_0066,HIGH,HIGH RISK — observed measurement currently breaches reference limits. Immediate engineering review required.,"[HIGH] Observed measurement of Iddq breaches reference limit (spec_min=0.0, spec_max=50.0). value_0h=58.77, value_24h=59.05 [uA]. | [HIGH] Module B predicts Iddq at 55.07 [uA] by 168h, crossing spec_max=50. | [HIGH] Module B 168h prediction upper bound (86.16 [uA]) crosses spec_max=50. Also population anomalous. | [MEDIUM] Iddq population anomaly score 42.699 >= strong threshold 6.0. | [MEDIUM] Module B 168h prediction interval width (72.19 [uA]) is high relative to spec range, indicating insufficient prediction confidence.",UNREVIEWED,PENDING,,,,58.765507,59.052387,55.06888713600628,HIGH,4.551881,4.689833,5.995766276615072,LOW,112.430518,114.912728,115.75961099373627,LOW
LOT_016,LOT_016_CMP_0067,LOW,LOW RISK — all evidence signals nominal. No immediate engineering concern.,,UNREVIEWED,PENDING,,,,9.842992,10.117247,17.479196668669385,LOW,5.090153,5.124128,6.062135927630769,LOW,114.198631,115.624873,117.16688537750444,LOW
LOT_016,LOT_016_CMP_0068,MEDIUM,MEDIUM RISK — high prediction uncertainty present. Engineering review recommended.,"[MEDIUM] Module B 168h prediction interval width (19.05 [uA]) is high relative to spec range, indicating insufficient prediction confidence.",UNREVIEWED,PENDING,,,,9.437911,9.933879,13.61700831596437,MEDIUM,5.184845,5.295277,6.4919060659620635,LOW,121.555175,120.470133,123.69353258714341,LOW
LOT_016,LOT_016_CMP_0069,LOW,LOW RISK — all evidence signals nominal. No immediate engineering concern.,,UNREVIEWED,PENDING,,,,10.574573,10.629339,18.339299499618715,LOW,4.838942,4.884396,5.867684980648032,LOW,126.099455,126.998527,128.98630570619616,LOW
LOT_016,LOT_016_CMP_0070,LOW,LOW RISK — all evidence signals nominal. No immediate engineering concern.,,UNREVIEWED,PENDING,,,,10.202951,10.422547,16.063810767870574,LOW,4.476295,4.683659,6.228310550028157,LOW,121.616762,122.995305,124.63447783673963,LOW
LOT_016,LOT_016_CMP_0071,MEDIUM,MEDIUM RISK — high prediction uncertainty present. Engineering review recommended.,"[MEDIUM] Module B 168h prediction interval width (20.68 [uA]) is high relative to spec range, indicating insufficient prediction confidence.",UNREVIEWED,PENDING,,,,8.905023,9.429875,17.21943853297526,MEDIUM,4.540631,4.67448,5.966684547082316,LOW,124.995898,127.152577,128.32147101254034,LOW
LOT_016,LOT_016_CMP_0072,LOW,LOW RISK — all evidence signals nominal. No immediate engineering concern.,,UNREVIEWED,PENDING,,,,9.581125,9.916286,17.46606839214896,LOW,4.522504,4.66436,5.9843305235201925,LOW,121.53297,120.645025,123.74143674625968,LOW
LOT_016,LOT_016_CMP_0073,LOW,LOW RISK — all evidence signals nominal. No immediate engineering concern.,,UNREVIEWED,PENDING,,,,7.808584,7.961818,11.716446224520533,LOW,4.696434,4.963617,6.7070599474992125,LOW,118.775941,119.663165,121.59293662785034,LOW
LOT_016,LOT_016_CMP_0074,LOW,LOW RISK — all evidence signals nominal. No immediate engineering concern.,,UNREVIEWED,PENDING,,,,9.81766,9.968886,13.269047690218667,LOW,4.499728,4.613016,5.83604683148582,LOW,122.035054,122.689484,124.79821380051567,LOW
LOT_016,LOT_016_CMP_0075,MEDIUM,MEDIUM RISK — elevated predicted drift present. Engineering review recommended.,"[MEDIUM] Iddq predicted drift from 0h to 168h is 12.85 [uA] (25.7% of spec range), exceeding moderate-drift threshold of 20% of spec range.",UNREVIEWED,PENDING,,,,9.983903,10.150591,22.832968027635776,MEDIUM,5.078438,5.077487,5.89658853870721,LOW,125.770232,127.202897,128.8444749135474,LOW
LOT_016,LOT_016_CMP_0076,MEDIUM,MEDIUM RISK — high prediction uncertainty present. Engineering review recommended.,"[MEDIUM] Module B 168h prediction interval width (30.87 [uA]) is high relative to spec range, indicating insufficient prediction confidence.",UNREVIEWED,PENDING,,,,12.338639,13.176369,21.970056710180813,MEDIUM,5.926236,6.116294,7.56663776122477,LOW,129.509673,129.990188,132.2777768870949,LOW
LOT_016,LOT_016_CMP_0077,LOW,LOW RISK — all evidence signals nominal. No immediate engineering concern.,,UNREVIEWED,PENDING,,,,11.761915,12.096688,20.32242165192988,LOW,6.111597,6.144012,7.051864900727421,LOW,118.032193,117.360822,120.28654396035934,LOW
LOT_016,LOT_016_CMP_0078,MEDIUM,MEDIUM RISK — high prediction uncertainty present. Engineering review recommended.,"[MEDIUM] Module B 168h prediction interval width (20.02 [uA]) is high relative to spec range, indicating insufficient prediction confidence.",UNREVIEWED,PENDING,,,,8.433533,8.939521,12.900719137848856,MEDIUM,4.60043,4.784124,6.244979754513104,LOW,120.099793,121.392459,123.07328081013256,LOW
LOT_016,LOT_016_CMP_0079,MEDIUM,MEDIUM RISK — high prediction uncertainty present. Engineering review recommended.,"[MEDIUM] Iddq predicted drift from 0h to 168h is 20.99 [uA] (42.0% of spec range), exceeding moderate-drift threshold of 20% of spec range. | [MEDIUM] Module B 168h prediction interval width (20.14 [uA]) is high relative to spec range, indicating insufficient prediction confidence.",UNREVIEWED,PENDING,,,,10.113316,10.699008,31.1008697102141,MEDIUM,5.299057,5.27687,6.01813667966678,LOW,120.495991,120.41777,122.98400853034568,LOW
LOT_016,LOT_016_CMP_0080,LOW,LOW RISK — all evidence signals nominal. No immediate engineering concern.,,UNREVIEWED,PENDING,,,,10.280632,10.633645,15.584300457568684,LOW,4.44495,4.759864,6.672311027664856,LOW,118.486567,118.626001,121.03421891480849,LOW
LOT_016,LOT_016_CMP_0081,HIGH,HIGH RISK — observed measurement currently breaches reference limits. Immediate engineering review required.,"[MEDIUM] Module B 168h prediction interval width (20.76 [uA]) is high relative to spec range, indicating insufficient prediction confidence. | [HIGH] Observed measurement of leakage_current breaches reference limit (spec_min=0.0, spec_max=30.0). value_0h=41.32, value_24h=41.36 [nA]. | [HIGH] Module B predicts leakage_current at 41.43 [nA] by 168h, crossing spec_max=30. | [HIGH] Module B 168h prediction upper bound (44.97 [nA]) crosses spec_max=30. Also population anomalous. | [MEDIUM] leakage_current population anomaly score 58.839 >= strong threshold 6.0.",UNREVIEWED,PENDING,,,,9.609269,10.158561,13.519929340053924,MEDIUM,41.318195,41.356175,41.42714891185243,HIGH,110.026282,109.6857,112.32688763055485,LOW
LOT_016,LOT_016_CMP_0082,LOW,LOW RISK — all evidence signals nominal. No immediate engineering concern.,,UNREVIEWED,PENDING,,,,9.925103,9.882155,11.820392775448628,LOW,5.445713,5.498746,6.493149093633939,LOW,112.190677,112.755106,114.83351272931625,LOW
LOT_016,LOT_016_CMP_0083,LOW,LOW RISK — all evidence signals nominal. No immediate engineering concern.,,UNREVIEWED,PENDING,,,,9.451423,9.785302,17.46606839214896,LOW,3.960338,4.054614,5.225875546257049,LOW,116.492235,115.621083,118.66152025691191,LOW
LOT_016,LOT_016_CMP_0084,LOW,LOW RISK — all evidence signals nominal. No immediate engineering concern.,,UNREVIEWED,PENDING,,,,12.558112,12.882154,20.53700450143529,LOW,6.323755,6.402869,7.464932984987341,LOW,115.600547,118.354352,119.05493073975904,LOW
LOT_016,LOT_016_CMP_0085,LOW,LOW RISK — all evidence signals nominal. No immediate engineering concern.,,UNREVIEWED,PENDING,,,,9.43575,9.65288,14.267911796044677,LOW,4.43195,4.662015,6.28521577019994,LOW,116.403453,117.081128,119.12443789339984,LOW
LOT_016,LOT_016_CMP_0086,MEDIUM,MEDIUM RISK — high prediction uncertainty present. Engineering review recommended.,"[MEDIUM] Module B 168h prediction interval width (20.03 [uA]) is high relative to spec range, indicating insufficient prediction confidence.",UNREVIEWED,PENDING,,,,10.372323,10.926323,15.718128157127529,MEDIUM,5.20077,5.500211,7.341479721903966,LOW,124.533585,124.373104,127.02844121761413,LOW
LOT_016,LOT_016_CMP_0087,LOW,LOW RISK — all evidence signals nominal. No immediate engineering concern.,,UNREVIEWED,PENDING,,,,6.672568,6.582484,11.22749894200335,LOW,3.992938,4.160325,5.5802983183820905,LOW,110.776749,111.266015,113.38010197266708,LOW
LOT_016,LOT_016_CMP_0088,LOW,LOW RISK — all evidence signals nominal. No immediate engineering concern.,,UNREVIEWED,PENDING,,,,11.11778,11.235427,15.026305581822834,LOW,5.116348,5.191705,6.270299555491618,LOW,121.504075,120.952533,123.83228398122192,LOW
LOT_016,LOT_016_CMP_0089,LOW,LOW RISK — all evidence signals nominal. No immediate engineering concern.,,UNREVIEWED,PENDING,,,,11.735584,11.975035,16.213419986380654,LOW,5.261848,5.370645,6.559822399120153,LOW,116.98866,116.934153,119.45370628173549,LOW
LOT_016,LOT_016_CMP_0090,LOW,LOW RISK — all evidence signals nominal. No immediate engineering concern.,,UNREVIEWED,PENDING,,,,8.703474,8.425593,13.36467071605678,LOW,4.218366,4.003787,4.114753340489062,LOW,118.488192,117.635475,120.68193986044145,LOW
LOT_016,LOT_016_CMP_0091,LOW,LOW RISK — all evidence signals nominal. No immediate engineering concern.,,UNREVIEWED,PENDING,,,,9.230653,9.671863,19.230578486636873,LOW,4.828573,5.029011,6.541462484958982,LOW,120.763303,119.971682,122.99923303261784,LOW
LOT_016,LOT_016_CMP_0092,LOW,LOW RISK — all evidence signals nominal. No immediate engineering concern.,,UNREVIEWED,PENDING,,,,10.549927,10.871235,18.811030569767624,LOW,4.862414,5.155758,6.984445042720534,LOW,112.458247,113.541092,115.288409099529,LOW
LOT_016,LOT_016_CMP_0093,MEDIUM,MEDIUM RISK — population outlier present. Engineering review recommended.,[MEDIUM] propagation_delay population anomaly score 6.363 >= strong threshold 6.0.,UNREVIEWED,PENDING,,,,9.873022,10.282261,15.380907211055726,LOW,4.405522,4.532191,5.803177014145343,LOW,88.359103,87.134021,90.15002363093873,MEDIUM
LOT_016,LOT_016_CMP_0094,MEDIUM,MEDIUM RISK — high prediction uncertainty present. Engineering review recommended.,"[MEDIUM] Module B 168h prediction interval width (17.92 [uA]) is high relative to spec range, indicating insufficient prediction confidence.",UNREVIEWED,PENDING,,,,10.608307,11.076836,15.939317197242099,MEDIUM,4.668392,4.645012,5.397538788097544,LOW,113.854669,112.828065,115.94486546261155,LOW
LOT_016,LOT_016_CMP_0095,MEDIUM,MEDIUM RISK — high prediction uncertainty present. Engineering review recommended.,"[MEDIUM] Module B 168h prediction interval width (21.01 [uA]) is high relative to spec range, indicating insufficient prediction confidence.",UNREVIEWED,PENDING,,,,9.308248,10.043877,11.56822214812473,MEDIUM,4.277387,4.331497,5.357977490898704,LOW,120.118088,121.163509,123.00354289273895,LOW
LOT_016,LOT_016_CMP_0096,LOW,LOW RISK — all evidence signals nominal. No immediate engineering concern.,,UNREVIEWED,PENDING,,,,12.593228,12.493924,13.334857160909594,LOW,5.319564,5.388687,6.441066752719433,LOW,122.922162,122.888367,125.44776890883004,LOW
LOT_016,LOT_016_CMP_0097,MEDIUM,MEDIUM RISK — high prediction uncertainty present. Engineering review recommended.,"[MEDIUM] Module B 168h prediction interval width (21.59 [uA]) is high relative to spec range, indicating insufficient prediction confidence.",UNREVIEWED,PENDING,,,,8.931716,9.487097,14.428784663888818,MEDIUM,4.850631,4.968191,6.197270357031545,LOW,116.257942,118.341102,119.47898541740729,LOW
LOT_016,LOT_016_CMP_0098,MEDIUM,MEDIUM RISK — high prediction uncertainty present. Engineering review recommended.,"[MEDIUM] Module B 168h prediction interval width (24.32 [uA]) is high relative to spec range, indicating insufficient prediction confidence.",UNREVIEWED,PENDING,,,,13.617941,13.93753,20.85577801663972,MEDIUM,5.570919,5.599253,6.506322616853174,LOW,121.191465,124.421825,124.86594697803312,LOW
LOT_016,LOT_016_CMP_0099,LOW,LOW RISK — all evidence signals nominal. No immediate engineering concern.,,UNREVIEWED,PENDING,,,,11.828566,12.178681,15.972698511827605,LOW,5.700013,5.892161,7.3551367267299,LOW,123.312734,124.463935,126.26455096257621,LOW
LOT_016,LOT_016_CMP_0100,MEDIUM,MEDIUM RISK — high prediction uncertainty present. Engineering review recommended.,"[MEDIUM] Module B 168h prediction interval width (19.39 [uA]) is high relative to spec range, indicating insufficient prediction confidence.",UNREVIEWED,PENDING,,,,10.811837,11.597441,12.190506354962748,MEDIUM,5.155238,5.291615,6.57750573246061,LOW,122.36578,123.250229,125.21395558938687,LOW
LOT_017,LOT_017_CMP_0001,MEDIUM,MEDIUM RISK — high prediction uncertainty present. Engineering review recommended.,"[MEDIUM] Iddq predicted drift from 0h to 168h is 13.73 [uA] (27.5% of spec range), exceeding moderate-drift threshold of 20% of spec range. | [MEDIUM] Module B 168h prediction interval width (19.87 [uA]) is high relative to spec range, indicating insufficient prediction confidence.",UNREVIEWED,PENDING,,,,10.57443,11.152495,24.30816637660539,MEDIUM,4.606164,5.093232,7.589266033721047,LOW,129.564157,128.957135,131.94480457063833,LOW
LOT_017,LOT_017_CMP_0002,HIGH,HIGH RISK — Module B predicts parameter(s) will cross specification boundary by 168h. Elevated engineering attention required.,"[HIGH] Module B predicts Iddq at 123.9 [uA] by 168h, crossing spec_max=50. | [HIGH] Module B 168h prediction upper bound (186.1 [uA]) crosses spec_max=50. Also population anomalous. | [MEDIUM] Iddq population anomaly score 4.911 >= anomaly threshold 3.5 (moderate). | [HIGH] Iddq predicted drift from 0h to 168h is 111.2 [uA] (222.4% of spec range), exceeding high-drift threshold of 60% of spec range. | [MEDIUM] Module B 168h prediction interval width (172.7 [uA]) is high relative to spec range, indicating insufficient prediction confidence. | [MEDIUM] leakage_current population anomaly score 3.624 >= anomaly threshold 3.5 (moderate).",UNREVIEWED,PENDING,,,,12.734754,14.300654,123.93508381890196,HIGH,5.226112,5.736914,8.298873622130499,MEDIUM,133.965583,132.628246,136.1251564814582,LOW
LOT_017,LOT_017_CMP_0003,LOW,LOW RISK — all evidence signals nominal. No immediate engineering concern.,,UNREVIEWED,PENDING,,,,10.574013,10.747582,15.97837176679633,LOW,5.535473,5.457616,6.003151653842946,LOW,119.358999,120.233058,122.17652342399414,LOW
LOT_017,LOT_017_CMP_0004,MEDIUM,MEDIUM RISK — high prediction uncertainty present. Engineering review recommended.,"[MEDIUM] Module B 168h prediction interval width (18.61 [uA]) is high relative to spec range, indicating insufficient prediction confidence.",UNREVIEWED,PENDING,,,,11.501882,12.026681,18.476943359878838,MEDIUM,5.295113,5.324571,6.242181295852923,LOW,122.325468,123.683766,125.34231304341546,LOW
LOT_017,LOT_017_CMP_0005,MEDIUM,MEDIUM RISK — high prediction uncertainty present. Engineering review recommended.,"[MEDIUM] Module B 168h prediction interval width (20.5 [uA]) is high relative to spec range, indicating insufficient prediction confidence.",UNREVIEWED,PENDING,,,,7.797541,8.248764,16.22608680008517,MEDIUM,4.56054,4.710977,6.059307057367826,LOW,115.306624,118.045711,118.75312360576959,LOW
LOT_017,LOT_017_CMP_0006,LOW,LOW RISK — all evidence signals nominal. No immediate engineering concern.,,UNREVIEWED,PENDING,,,,8.789308,9.085987,17.49938362252675,LOW,5.612105,5.855442,7.495246322313527,LOW,115.885557,115.583027,118.25224358124652,LOW
LOT_017,LOT_017_CMP_0007,MEDIUM,MEDIUM RISK — high prediction uncertainty present. Engineering review recommended.,"[MEDIUM] Module B 168h prediction interval width (30.65 [uA]) is high relative to spec range, indicating insufficient prediction confidence.",UNREVIEWED,PENDING,,,,13.7475,14.226481,23.225300535515014,MEDIUM,5.729174,5.826154,6.963643116804947,LOW,123.153191,122.649593,125.51328082238487,LOW
LOT_017,LOT_017_CMP_0008,LOW,LOW RISK — all evidence signals nominal. No immediate engineering concern.,,UNREVIEWED,PENDING,,,,11.075728,11.354297,18.359322340589287,LOW,5.584853,5.86143,7.615334222416504,LOW,128.95665,128.270326,131.30356498854866,LOW
LOT_017,LOT_017_CMP_0009,LOW,LOW RISK — all evidence signals nominal. No immediate engineering concern.,,UNREVIEWED,PENDING,,,,9.91453,9.787575,11.820392775448628,LOW,4.335917,4.404259,5.477885858144544,LOW,120.318943,123.693291,124.03696917384549,LOW
LOT_017,LOT_017_CMP_0010,LOW,LOW RISK — all evidence signals nominal. No immediate engineering concern.,,UNREVIEWED,PENDING,,,,11.379812,11.790179,18.63945723442671,LOW,5.637666,5.733773,6.870507403860199,LOW,120.72473,120.27695,123.08296881169922,LOW
LOT_017,LOT_017_CMP_0011,LOW,LOW RISK — all evidence signals nominal. No immediate engineering concern.,,UNREVIEWED,PENDING,,,,9.486114,9.852095,13.12405338311233,LOW,4.305149,4.18079,4.597538428828631,LOW,113.574444,114.614512,116.39934940029671,LOW
LOT_017,LOT_017_CMP_0012,LOW,LOW RISK — all evidence signals nominal. No immediate engineering concern.,,UNREVIEWED,PENDING,,,,10.62416,10.970879,14.864624139441023,LOW,4.911713,4.963486,5.966570631611042,LOW,115.81096,117.655939,118.94303427976001,LOW
LOT_017,LOT_017_CMP_0013,HIGH,HIGH RISK — observed measurement currently breaches reference limits. Immediate engineering review required.,"[HIGH] Observed measurement of leakage_current breaches reference limit (spec_min=0.0, spec_max=30.0). value_0h=41.18, value_24h=41.33 [nA]. | [HIGH] Module B predicts leakage_current at 41.79 [nA] by 168h, crossing spec_max=30. | [HIGH] Module B 168h prediction upper bound (45.34 [nA]) crosses spec_max=30. Also population anomalous. | [MEDIUM] leakage_current population anomaly score 61.653 >= strong threshold 6.0.",UNREVIEWED,PENDING,,,,9.033309,9.412043,13.72503776286275,LOW,41.18049,41.331919,41.79340538099485,HIGH,116.974776,118.724482,120.08329401735773,LOW
LOT_017,LOT_017_CMP_0014,MEDIUM,MEDIUM RISK — high prediction uncertainty present. Engineering review recommended.,"[MEDIUM] Iddq predicted drift from 0h to 168h is 15.24 [uA] (30.5% of spec range), exceeding moderate-drift threshold of 20% of spec range. | [MEDIUM] Module B 168h prediction interval width (20.69 [uA]) is high relative to spec range, indicating insufficient prediction confidence.",UNREVIEWED,PENDING,,,,9.530262,10.432572,24.77066371945105,MEDIUM,4.937516,5.132084,6.621854668511681,LOW,124.403176,124.949089,127.14884738319918,LOW
LOT_017,LOT_017_CMP_0015,LOW,LOW RISK — all evidence signals nominal. No immediate engineering concern.,,UNREVIEWED,PENDING,,,,10.415832,10.802362,15.584300457568684,LOW,4.202037,4.471188,6.233365862122274,LOW,115.783231,115.615444,118.19706592153194,LOW
LOT_017,LOT_017_CMP_0016,LOW,LOW RISK — all evidence signals nominal. No immediate engineering concern.,,UNREVIEWED,PENDING,,,,12.77924,12.749356,13.334857160909594,LOW,5.04373,5.103719,6.131632864960727,LOW,126.76619,128.66206,130.01459184893568,LOW
LOT_017,LOT_017_CMP_0017,MEDIUM,MEDIUM RISK — high prediction uncertainty present. Engineering review recommended.,"[MEDIUM] Module B 168h prediction interval width (17.65 [uA]) is high relative to spec range, indicating insufficient prediction confidence.",UNREVIEWED,PENDING,,,,11.462132,11.955121,18.024845325861918,MEDIUM,5.210528,5.499906,7.306595730145488,LOW,123.774542,123.604318,126.25912064835836,LOW
LOT_017,LOT_017_CMP_0018,LOW,LOW RISK — all evidence signals nominal. No immediate engineering concern.,,UNREVIEWED,PENDING,,,,11.878209,12.048894,16.603782047106005,LOW,5.058949,5.062543,5.897628935234076,LOW,123.032153,123.691354,125.8059500719498,LOW
LOT_017,LOT_017_CMP_0019,MEDIUM,MEDIUM RISK — high prediction uncertainty present. Engineering review recommended.,"[MEDIUM] Module B 168h prediction interval width (18.59 [uA]) is high relative to spec range, indicating insufficient prediction confidence.",UNREVIEWED,PENDING,,,,10.811691,11.339074,17.093692790603455,MEDIUM,4.262518,4.424438,5.8192007340362135,LOW,124.556086,126.469766,127.79103545814229,LOW
LOT_017,LOT_017_CMP_0020,MEDIUM,MEDIUM RISK — high prediction uncertainty present. Engineering review recommended.,"[MEDIUM] Module B 168h prediction interval width (19.67 [uA]) is high relative to spec range, indicating insufficient prediction confidence.",UNREVIEWED,PENDING,,,,11.91311,12.605731,18.616995039975055,MEDIUM,5.057618,5.211778,6.560729516339645,LOW,127.640832,127.809473,130.28093729641262,LOW
LOT_017,LOT_017_CMP_0021,LOW,LOW RISK — all evidence signals nominal. No immediate engineering concern.,,UNREVIEWED,PENDING,,,,9.827533,10.237711,15.380907211055726,LOW,4.514725,4.687643,6.113807224076835,LOW,113.062351,111.540204,114.96867785661136,LOW
LOT_017,LOT_017_CMP_0022,MEDIUM,MEDIUM RISK — high prediction uncertainty present. Engineering review recommended.,"[MEDIUM] Module B 168h prediction interval width (19.56 [uA]) is high relative to spec range, indicating insufficient prediction confidence.",UNREVIEWED,PENDING,,,,9.879716,10.399787,16.325960177924674,MEDIUM,4.809433,4.708552,5.1931641574952465,LOW,112.870789,113.646854,115.59521393725845,LOW
LOT_017,LOT_017_CMP_0023,HIGH,HIGH RISK — Module B predicts parameter(s) will cross specification boundary by 168h. Elevated engineering attention required.,"[HIGH] Module B predicts Iddq at 117 [uA] by 168h, crossing spec_max=50. | [HIGH] Module B 168h prediction upper bound (174.5 [uA]) crosses spec_max=50. Also population anomalous. | [MEDIUM] Iddq population anomaly score 3.914 >= anomaly threshold 3.5 (moderate). | [HIGH] Iddq predicted drift from 0h to 168h is 105.3 [uA] (210.5% of spec range), exceeding high-drift threshold of 60% of spec range. | [MEDIUM] Module B 168h prediction interval width (161.7 [uA]) is high relative to spec range, indicating insufficient prediction confidence. | [MEDIUM] leakage_current population anomaly score 3.709 >= anomaly threshold 3.5 (moderate).",UNREVIEWED,PENDING,,,,11.74638,13.066198,117.0028995410158,HIGH,5.334916,5.855736,8.449238807429024,MEDIUM,121.959881,121.981045,124.49646945019163,LOW
LOT_017,LOT_017_CMP_0024,LOW,LOW RISK — all evidence signals nominal. No immediate engineering concern.,,UNREVIEWED,PENDING,,,,10.693162,10.689977,11.56615796121668,LOW,5.052066,5.145117,6.285658166037659,LOW,122.255289,123.945347,125.38985007341438,LOW
LOT_017,LOT_017_CMP_0025,MEDIUM,MEDIUM RISK — high prediction uncertainty present. Engineering review recommended.,"[MEDIUM] Module B 168h prediction interval width (33.96 [uA]) is high relative to spec range, indicating insufficient prediction confidence.",UNREVIEWED,PENDING,,,,10.899445,11.611338,19.08738857312225,MEDIUM,4.438719,4.637029,6.151695637071581,LOW,127.289071,127.820067,130.05528277001466,LOW
LOT_017,LOT_017_CMP_0026,LOW,LOW RISK — all evidence signals nominal. No immediate engineering concern.,,UNREVIEWED,PENDING,,,,10.951638,11.013064,13.664814291622903,LOW,4.679179,4.633072,5.307776631516247,LOW,120.097143,120.60207,122.78960598797343,LOW
LOT_017,LOT_017_CMP_0027,MEDIUM,MEDIUM RISK — high prediction uncertainty present. Engineering review recommended.,"[MEDIUM] Module B 168h prediction interval width (17.47 [uA]) is high relative to spec range, indicating insufficient prediction confidence.",UNREVIEWED,PENDING,,,,12.548825,13.017015,21.964943187284764,MEDIUM,5.789533,5.939135,7.25473871652729,LOW,133.676847,133.734618,136.33149384617568,LOW
LOT_017,LOT_017_CMP_0028,LOW,LOW RISK — all evidence signals nominal. No immediate engineering concern.,,UNREVIEWED,PENDING,,,,12.914834,12.994113,15.380291236590717,LOW,5.073145,5.306618,6.92586175904174,LOW,120.336284,120.183334,122.79621312092999,LOW
LOT_017,LOT_017_CMP_0029,MEDIUM,MEDIUM RISK — high prediction uncertainty present. Engineering review recommended.,"[MEDIUM] Iddq predicted drift from 0h to 168h is 10.97 [uA] (21.9% of spec range), exceeding moderate-drift threshold of 20% of spec range. | [MEDIUM] Module B 168h prediction interval width (20.34 [uA]) is high relative to spec range, indicating insufficient prediction confidence.",UNREVIEWED,PENDING,,,,9.971141,10.580098,20.936271328747377,MEDIUM,4.525276,4.490666,5.208347560384884,LOW,117.270592,118.976491,120.3661341649921,LOW
LOT_017,LOT_017_CMP_0030,HIGH,HIGH RISK — observed measurement currently breaches reference limits. Immediate engineering review required.,"[MEDIUM] Iddq predicted drift from 0h to 168h is 12.15 [uA] (24.3% of spec range), exceeding moderate-drift threshold of 20% of spec range. | [MEDIUM] Module B 168h prediction interval width (21.77 [uA]) is high relative to spec range, indicating insufficient prediction confidence. | [HIGH] Observed measurement of propagation_delay breaches reference limit (spec_min=80.0, spec_max=180.0). value_0h=217.8, value_24h=218.8 [ps]. | [HIGH] Module B predicts propagation_delay at 221.6 [ps] by 168h, crossing spec_max=180. | [HIGH] Module B 168h prediction upper bound (225 [ps]) crosses spec_max=180. Also population anomalous. | [MEDIUM] propagation_delay population anomaly score 17.303 >= strong threshold 6.0.",UNREVIEWED,PENDING,,,,8.602042,9.294869,20.75224991870352,MEDIUM,3.57966,3.870958,5.723846386296252,LOW,217.844239,218.843365,221.58893925915316,HIGH
LOT_017,LOT_017_CMP_0031,MEDIUM,MEDIUM RISK — high prediction uncertainty present. Engineering review recommended.,"[MEDIUM] Module B 168h prediction interval width (20.11 [uA]) is high relative to spec range, indicating insufficient prediction confidence.",UNREVIEWED,PENDING,,,,10.225564,10.7791,15.718128157127529,MEDIUM,4.639598,5.108446,7.541488267978417,LOW,114.084988,115.878494,117.18323384438882,LOW
LOT_017,LOT_017_CMP_0032,LOW,LOW RISK — all evidence signals nominal. No immediate engineering concern.,,UNREVIEWED,PENDING,,,,9.85848,9.965767,13.538437141627975,LOW,4.682802,4.692185,5.556171039934549,LOW,125.3151,125.167229,127.8214578785902,LOW
LOT_017,LOT_017_CMP_0033,LOW,LOW RISK — all evidence signals nominal. No immediate engineering concern.,,UNREVIEWED,PENDING,,,,12.084839,12.358416,17.502160882383425,LOW,4.376951,4.512062,5.812552398454374,LOW,108.469639,108.8507,111.01371839397083,LOW
LOT_017,LOT_017_CMP_0034,LOW,LOW RISK — all evidence signals nominal. No immediate engineering concern.,,UNREVIEWED,PENDING,,,,12.350846,12.759987,15.561151391955606,LOW,4.856351,4.874449,5.76395755870763,LOW,119.915219,121.034446,122.8251838753246,LOW
LOT_017,LOT_017_CMP_0035,LOW,LOW RISK — all evidence signals nominal. No immediate engineering concern.,,UNREVIEWED,PENDING,,,,9.728683,9.63651,11.491493842874233,LOW,4.006158,4.032981,4.972933318269727,LOW,122.628564,125.078874,126.03766607983789,LOW
LOT_017,LOT_017_CMP_0036,LOW,LOW RISK — all evidence signals nominal. No immediate engineering concern.,,UNREVIEWED,PENDING,,,,10.046067,10.2301,16.33726968075093,LOW,5.067445,4.967463,5.448870896603092,LOW,119.242261,117.831483,121.24369566464486,LOW
LOT_017,LOT_017_CMP_0037,MEDIUM,MEDIUM RISK — high prediction uncertainty present. Engineering review recommended.,"[MEDIUM] Module B 168h prediction interval width (21.68 [uA]) is high relative to spec range, indicating insufficient prediction confidence.",UNREVIEWED,PENDING,,,,8.669253,9.291385,15.766326666868979,MEDIUM,3.678764,3.75454,4.869512058631335,LOW,122.770451,122.614957,125.2512860865347,LOW
LOT_017,LOT_017_CMP_0038,LOW,LOW RISK — all evidence signals nominal. No immediate engineering concern.,,UNREVIEWED,PENDING,,,,11.40949,11.466433,14.042355229414722,LOW,5.105089,5.005898,5.489090200978115,LOW,133.01945,133.310716,135.75149765828976,LOW
LOT_017,LOT_017_CMP_0039,LOW,LOW RISK — all evidence signals nominal. No immediate engineering concern.,,UNREVIEWED,PENDING,,,,10.958362,11.21209,17.460681490919477,LOW,5.045641,5.182345,6.472015975343652,LOW,123.369825,120.45284,124.8709563678177,LOW
LOT_017,LOT_017_CMP_0040,LOW,LOW RISK — all evidence signals nominal. No immediate engineering concern.,,UNREVIEWED,PENDING,,,,12.345558,12.342115,13.334857160909594,LOW,5.513656,5.420618,5.914876164404498,LOW,128.556254,130.134458,131.707379925668,LOW
LOT_017,LOT_017_CMP_0041,MEDIUM,MEDIUM RISK — high prediction uncertainty present. Engineering review recommended.,"[MEDIUM] Module B 168h prediction interval width (17.83 [uA]) is high relative to spec range, indicating insufficient prediction confidence.",UNREVIEWED,PENDING,,,,11.682416,12.173853,18.902589555591856,MEDIUM,4.833982,5.120623,6.92712604478517,LOW,134.589941,133.826655,136.95988419270088,LOW
LOT_017,LOT_017_CMP_0042,LOW,LOW RISK — all evidence signals nominal. No immediate engineering concern.,,UNREVIEWED,PENDING,,,,11.940306,11.947902,13.754112411847228,LOW,5.421134,5.300377,5.702288357284068,LOW,124.503626,125.226881,127.31345872449519,LOW
LOT_017,LOT_017_CMP_0043,LOW,LOW RISK — all evidence signals nominal. No immediate engineering concern.,,UNREVIEWED,PENDING,,,,11.773936,11.928671,14.617238832472982,LOW,4.917421,5.059766,6.371804911459838,LOW,118.014262,118.894375,120.82189531953028,LOW
LOT_017,LOT_017_CMP_0044,LOW,LOW RISK — all evidence signals nominal. No immediate engineering concern.,,UNREVIEWED,PENDING,,,,10.255532,10.302466,11.898067060143449,LOW,4.660152,4.883413,6.477846332819649,LOW,124.823069,125.578302,127.6471715138154,LOW
LOT_017,LOT_017_CMP_0045,LOW,LOW RISK — all evidence signals nominal. No immediate engineering concern.,,UNREVIEWED,PENDING,,,,12.259157,12.686469,15.561151391955606,LOW,4.355967,4.348029,5.160849391792308,LOW,129.385919,129.455207,132.00622160376932,LOW
LOT_017,LOT_017_CMP_0046,LOW,LOW RISK — all evidence signals nominal. No immediate engineering concern.,,UNREVIEWED,PENDING,,,,10.30132,10.452415,13.346721974913487,LOW,5.201882,5.369236,6.759707335157238,LOW,119.90188,121.502325,122.98338470286201,LOW
LOT_017,LOT_017_CMP_0047,LOW,LOW RISK — all evidence signals nominal. No immediate engineering concern.,,UNREVIEWED,PENDING,,,,8.671693,8.734028,14.092991504356831,LOW,4.527883,4.633064,5.827743807130969,LOW,133.767312,133.55766,136.32737480455512,LOW
LOT_017,LOT_017_CMP_0048,MEDIUM,MEDIUM RISK — population outlier present. Engineering review recommended.,[MEDIUM] propagation_delay population anomaly score 3.569 >= anomaly threshold 3.5 (moderate).,UNREVIEWED,PENDING,,,,15.102122,14.959423,15.57120879055915,LOW,6.323317,6.441697,7.637773833744459,LOW,142.548671,142.555398,145.26461315470976,MEDIUM
LOT_017,LOT_017_CMP_0049,LOW,LOW RISK — all evidence signals nominal. No immediate engineering concern.,,UNREVIEWED,PENDING,,,,10.325625,10.488594,15.590604547595436,LOW,3.999485,4.008908,4.8896419472625094,LOW,117.693402,120.216038,121.08407831707827,LOW
LOT_017,LOT_017_CMP_0050,MEDIUM,MEDIUM RISK — high prediction uncertainty present. Engineering review recommended.,"[MEDIUM] Module B 168h prediction interval width (17.47 [uA]) is high relative to spec range, indicating insufficient prediction confidence.",UNREVIEWED,PENDING,,,,12.581869,13.074198,21.214920625508384,MEDIUM,5.279365,5.320117,6.276652910394941,LOW,129.558448,129.631482,132.1816329665072,LOW
LOT_017,LOT_017_CMP_0051,LOW,LOW RISK — all evidence signals nominal. No immediate engineering concern.,,UNREVIEWED,PENDING,,,,10.851455,11.277284,16.211266816963786,LOW,4.498466,4.559672,5.604994432747588,LOW,121.738761,122.810722,124.64820664303862,LOW
LOT_017,LOT_017_CMP_0052,LOW,LOW RISK — all evidence signals nominal. No immediate engineering concern.,,UNREVIEWED,PENDING,,,,10.688446,11.078503,14.864624139441023,LOW,5.483792,5.560286,6.63382822573565,LOW,140.277159,140.906736,143.19492742574732,LOW
LOT_017,LOT_017_CMP_0053,MEDIUM,MEDIUM RISK — high prediction uncertainty present. Engineering review recommended.,"[MEDIUM] Iddq predicted drift from 0h to 168h is 28.32 [uA] (56.6% of spec range), exceeding moderate-drift threshold of 20% of spec range. | [MEDIUM] Module B 168h prediction interval width (32.63 [uA]) is high relative to spec range, indicating insufficient prediction confidence.",UNREVIEWED,PENDING,,,,12.98779,13.62023,41.3102541121456,MEDIUM,5.286614,5.619655,7.5735028281709535,LOW,119.411903,120.428627,122.28079276083128,LOW
LOT_017,LOT_017_CMP_0054,MEDIUM,MEDIUM RISK — high prediction uncertainty present. Engineering review recommended.,"[MEDIUM] Module B 168h prediction interval width (21.5 [uA]) is high relative to spec range, indicating insufficient prediction confidence.",UNREVIEWED,PENDING,,,,8.966198,9.608014,15.045503297191951,MEDIUM,4.261194,4.345699,5.476301479352207,LOW,114.583864,113.785878,116.76214731477056,LOW
LOT_017,LOT_017_CMP_0055,MEDIUM,MEDIUM RISK — high prediction uncertainty present. Engineering review recommended.,"[MEDIUM] Module B 168h prediction interval width (23.22 [uA]) is high relative to spec range, indicating insufficient prediction confidence.",UNREVIEWED,PENDING,,,,13.169935,13.375119,18.663137232133312,MEDIUM,5.24063,5.475291,7.0945174685875845,LOW,128.926767,130.443289,132.05921011714898,LOW
LOT_017,LOT_017_CMP_0056,LOW,LOW RISK — all evidence signals nominal. No immediate engineering concern.,,UNREVIEWED,PENDING,,,,10.073554,10.455834,15.380907211055726,LOW,4.992416,5.050667,6.073897071820453,LOW,113.427662,113.652089,115.96029779917603,LOW
LOT_017,LOT_017_CMP_0057,LOW,LOW RISK — all evidence signals nominal. No immediate engineering concern.,,UNREVIEWED,PENDING,,,,11.368805,11.465074,15.026305581822834,LOW,5.091177,5.226477,6.510249598151172,LOW,121.396629,122.080646,124.16462187171828,LOW
LOT_017,LOT_017_CMP_0058,MEDIUM,MEDIUM RISK — high prediction uncertainty present. Engineering review recommended.,"[MEDIUM] Iddq predicted drift from 0h to 168h is 21.98 [uA] (44.0% of spec range), exceeding moderate-drift threshold of 20% of spec range. | [MEDIUM] Module B 168h prediction interval width (25.82 [uA]) is high relative to spec range, indicating insufficient prediction confidence.",UNREVIEWED,PENDING,,,,11.297885,12.017319,33.27784086121951,MEDIUM,4.887266,5.186616,7.035195433937972,LOW,128.695195,128.470752,131.20452849256324,LOW
LOT_017,LOT_017_CMP_0059,MEDIUM,MEDIUM RISK — high prediction uncertainty present. Engineering review recommended.,"[MEDIUM] Module B 168h prediction interval width (18.18 [uA]) is high relative to spec range, indicating insufficient prediction confidence.",UNREVIEWED,PENDING,,,,10.132781,10.618599,18.906073888143577,MEDIUM,4.535788,4.559537,5.476123469783346,LOW,110.448526,110.264392,112.80872340880192,LOW
LOT_017,LOT_017_CMP_0060,LOW,LOW RISK — all evidence signals nominal. No immediate engineering concern.,,UNREVIEWED,PENDING,,,,10.04556,10.284649,15.898918077948084,LOW,4.497595,4.541452,5.527589061987118,LOW,121.242025,122.027381,124.04478190501915,LOW
LOT_017,LOT_017_CMP_0061,LOW,LOW RISK — all evidence signals nominal. No immediate engineering concern.,,UNREVIEWED,PENDING,,,,10.413795,10.673057,16.81002226694097,LOW,4.688209,4.84598,6.216235008671952,LOW,125.580383,127.097288,128.68297457392737,LOW
LOT_017,LOT_017_CMP_0062,LOW,LOW RISK — all evidence signals nominal. No immediate engineering concern.,,UNREVIEWED,PENDING,,,,9.565315,9.929474,13.12405338311233,LOW,4.759467,4.982225,6.572527413546005,LOW,117.928,118.810194,120.7356026255141,LOW
LOT_017,LOT_017_CMP_0063,MEDIUM,MEDIUM RISK — high prediction uncertainty present. Engineering review recommended.,"[MEDIUM] Module B 168h prediction interval width (24.32 [uA]) is high relative to spec range, indicating insufficient prediction confidence.",UNREVIEWED,PENDING,,,,13.93324,14.315512,18.30505127462347,MEDIUM,5.215151,5.120688,5.617339739541249,LOW,121.381075,120.202215,123.48440579736183,LOW
LOT_017,LOT_017_CMP_0064,LOW,LOW RISK — all evidence signals nominal. No immediate engineering concern.,,UNREVIEWED,PENDING,,,,10.118507,10.25255,13.346721974913487,LOW,5.455908,5.451523,6.249729127835997,LOW,118.160471,120.729817,121.57199521372101,LOW
LOT_017,LOT_017_CMP_0065,LOW,LOW RISK — all evidence signals nominal. No immediate engineering concern.,,UNREVIEWED,PENDING,,,,12.756582,12.710033,13.334857160909594,LOW,5.81026,5.777879,6.471929525638603,LOW,120.282964,121.171245,123.11384166154947,LOW
LOT_017,LOT_017_CMP_0066,MEDIUM,MEDIUM RISK — high prediction uncertainty present. Engineering review recommended.,"[MEDIUM] Iddq predicted drift from 0h to 168h is 16.82 [uA] (33.6% of spec range), exceeding moderate-drift threshold of 20% of spec range. | [MEDIUM] Module B 168h prediction interval width (19.52 [uA]) is high relative to spec range, indicating insufficient prediction confidence.",UNREVIEWED,PENDING,,,,12.322496,12.893351,29.142692560648314,MEDIUM,4.114898,4.153538,5.131174466515335,LOW,121.867457,124.308943,125.26659083862761,LOW
LOT_017,LOT_017_CMP_0067,LOW,LOW RISK — all evidence signals nominal. No immediate engineering concern.,,UNREVIEWED,PENDING,,,,11.581816,12.009259,15.133266942639661,LOW,5.074975,5.296833,6.876394020816593,LOW,120.808367,122.447212,123.91169305358576,LOW
LOT_017,LOT_017_CMP_0068,LOW,LOW RISK — all evidence signals nominal. No immediate engineering concern.,,UNREVIEWED,PENDING,,,,11.11046,11.365054,17.460681490919477,LOW,5.283438,5.288664,6.123862109428241,LOW,117.007558,119.896304,120.5226864291492,LOW
LOT_017,LOT_017_CMP_0069,MEDIUM,MEDIUM RISK — high prediction uncertainty present. Engineering review recommended.,"[MEDIUM] Module B 168h prediction interval width (19.9 [uA]) is high relative to spec range, indicating insufficient prediction confidence.",UNREVIEWED,PENDING,,,,11.05331,11.700659,17.891763208633865,MEDIUM,5.140409,5.487957,7.494866778822503,LOW,124.579171,123.687572,126.81363241402131,LOW
LOT_017,LOT_017_CMP_0070,MEDIUM,MEDIUM RISK — high prediction uncertainty present. Engineering review recommended.,"[MEDIUM] Iddq predicted drift from 0h to 168h is 16.49 [uA] (33.0% of spec range), exceeding moderate-drift threshold of 20% of spec range. | [MEDIUM] Module B 168h prediction interval width (15.64 [uA]) is high relative to spec range, indicating insufficient prediction confidence.",UNREVIEWED,PENDING,,,,11.900778,12.229193,28.390165721159924,MEDIUM,4.950491,5.068351,6.296026568997685,LOW,129.584626,131.445092,132.84565561915952,LOW
LOT_017,LOT_017_CMP_0071,LOW,LOW RISK — all evidence signals nominal. No immediate engineering concern.,,UNREVIEWED,PENDING,,,,10.97831,11.367625,16.377423298882697,LOW,4.882949,5.093289,6.6382109414575865,LOW,124.105813,123.972434,126.6065035816365,LOW
LOT_017,LOT_017_CMP_0072,LOW,LOW RISK — all evidence signals nominal. No immediate engineering concern.,,UNREVIEWED,PENDING,,,,8.895104,9.257335,15.37502096348466,LOW,4.472429,4.540096,5.608100701205702,LOW,124.736814,123.325152,126.78717201707455,LOW
LOT_017,LOT_017_CMP_0073,HIGH,HIGH RISK — observed measurement currently breaches reference limits. Immediate engineering review required.,"[HIGH] Observed measurement of Iddq breaches reference limit (spec_min=0.0, spec_max=50.0). value_0h=68.72, value_24h=69.28 [uA]. | [HIGH] Module B predicts Iddq at 84.07 [uA] by 168h, crossing spec_max=50. | [HIGH] Module B 168h prediction upper bound (96.63 [uA]) crosses spec_max=50. Also population anomalous. | [MEDIUM] Iddq population anomaly score 38.924 >= strong threshold 6.0. | [MEDIUM] Iddq predicted drift from 0h to 168h is 15.35 [uA] (30.7% of spec range), exceeding moderate-drift threshold of 20% of spec range. | [MEDIUM] Module B 168h prediction interval width (82.66 [uA]) is high relative to spec range, indicating insufficient prediction confidence.",UNREVIEWED,PENDING,,,,68.71983,69.277165,84.06687486861297,HIGH,4.627908,4.713094,5.837105714844738,LOW,125.438952,125.516532,128.02684230405652,LOW
LOT_017,LOT_017_CMP_0074,MEDIUM,MEDIUM RISK — high prediction uncertainty present. Engineering review recommended.,"[MEDIUM] Module B 168h prediction interval width (24.61 [uA]) is high relative to spec range, indicating insufficient prediction confidence.",UNREVIEWED,PENDING,,,,13.190765,13.496413,20.062083813301385,MEDIUM,4.913733,5.049941,6.341125963745442,LOW,121.177723,119.989435,123.27586834397188,LOW
LOT_017,LOT_017_CMP_0075,MEDIUM,MEDIUM RISK — elevated predicted drift present. Engineering review recommended.,"[MEDIUM] Iddq predicted drift from 0h to 168h is 15.53 [uA] (31.1% of spec range), exceeding moderate-drift threshold of 20% of spec range.",UNREVIEWED,PENDING,,,,7.230293,7.50646,22.764926331262537,MEDIUM,3.731842,3.730873,4.582648788229557,LOW,115.271171,117.13378,118.40469698099483,LOW
LOT_017,LOT_017_CMP_0076,LOW,LOW RISK — all evidence signals nominal. No immediate engineering concern.,,UNREVIEWED,PENDING,,,,11.294341,11.56515,18.172581359708666,LOW,5.653396,5.74576,6.869338355908401,LOW,120.672869,120.871666,123.26128904401428,LOW
LOT_017,LOT_017_CMP_0077,MEDIUM,MEDIUM RISK — high prediction uncertainty present. Engineering review recommended.,"[MEDIUM] Iddq predicted drift from 0h to 168h is 26.97 [uA] (53.9% of spec range), exceeding moderate-drift threshold of 20% of spec range. | [MEDIUM] Module B 168h prediction interval width (26.12 [uA]) is high relative to spec range, indicating insufficient prediction confidence.",UNREVIEWED,PENDING,,,,10.807613,11.234597,37.7745023112565,MEDIUM,4.906272,5.239346,7.202552540488766,LOW,112.231559,113.478496,115.11822431787556,LOW
LOT_017,LOT_017_CMP_0078,LOW,LOW RISK — all evidence signals nominal. No immediate engineering concern.,,UNREVIEWED,PENDING,,,,11.162962,11.507049,19.295637280393397,LOW,5.554519,5.598852,6.560919729871417,LOW,123.040403,123.856773,125.87033909314687,LOW
LOT_017,LOT_017_CMP_0079,LOW,LOW RISK — all evidence signals nominal. No immediate engineering concern.,,UNREVIEWED,PENDING,,,,12.541688,12.370416,13.334857160909594,LOW,5.740921,5.944501,7.445495986417901,LOW,126.642507,123.941649,128.25006256301594,LOW
LOT_017,LOT_017_CMP_0080,LOW,LOW RISK — all evidence signals nominal. No immediate engineering concern.,,UNREVIEWED,PENDING,,,,11.711113,11.786719,15.751748627630406,LOW,4.666784,4.843845,6.280451401354384,LOW,124.6357,124.321008,127.07646139072105,LOW
LOT_017,LOT_017_CMP_0081,LOW,LOW RISK — all evidence signals nominal. No immediate engineering concern.,,UNREVIEWED,PENDING,,,,11.425171,11.340515,13.314034441114668,LOW,4.476871,4.495,5.393839490495596,LOW,111.999502,115.225466,115.59004331362007,LOW
LOT_017,LOT_017_CMP_0082,MEDIUM,"MEDIUM RISK — population outlier, high prediction uncertainty present. Engineering review recommended.","[MEDIUM] Iddq population anomaly score 5.875 >= anomaly threshold 3.5 (moderate). | [MEDIUM] Module B 168h prediction interval width (29.7 [uA]) is high relative to spec range, indicating insufficient prediction confidence. | [MEDIUM] leakage_current population anomaly score 4.790 >= anomaly threshold 3.5 (moderate). | [MEDIUM] propagation_delay population anomaly score 4.599 >= anomaly threshold 3.5 (moderate).",UNREVIEWED,PENDING,,,,19.817135,20.110774,22.034425244038676,MEDIUM,7.760324,7.920711,9.225210619850348,MEDIUM,147.875502,148.276192,150.77971371878712,MEDIUM
LOT_017,LOT_017_CMP_0083,MEDIUM,MEDIUM RISK — high prediction uncertainty present. Engineering review recommended.,"[MEDIUM] Module B 168h prediction interval width (19 [uA]) is high relative to spec range, indicating insufficient prediction confidence.",UNREVIEWED,PENDING,,,,11.136949,11.658159,18.08626984264085,MEDIUM,5.645275,5.499879,5.812256536532232,LOW,113.995262,114.186023,116.52097498457874,LOW
LOT_017,LOT_017_CMP_0084,LOW,LOW RISK — all evidence signals nominal. No immediate engineering concern.,,UNREVIEWED,PENDING,,,,13.206352,13.23508,15.419419183711708,LOW,5.993604,6.098747,7.25766552519411,LOW,128.80041,129.949642,131.8007016481304,LOW
LOT_017,LOT_017_CMP_0085,MEDIUM,MEDIUM RISK — high prediction uncertainty present. Engineering review recommended.,"[MEDIUM] Module B 168h prediction interval width (21.34 [uA]) is high relative to spec range, indicating insufficient prediction confidence.",UNREVIEWED,PENDING,,,,9.04074,9.590178,14.428784663888818,MEDIUM,5.426653,5.428546,6.248888105692553,LOW,117.027934,116.834118,119.44363813283125,LOW
LOT_017,LOT_017_CMP_0086,LOW,LOW RISK — all evidence signals nominal. No immediate engineering concern.,,UNREVIEWED,PENDING,,,,12.545762,12.896178,17.452738006571856,LOW,5.240352,5.434429,6.915162116596722,LOW,120.299658,121.205455,123.13693354381415,LOW
LOT_017,LOT_017_CMP_0087,LOW,LOW RISK — all evidence signals nominal. No immediate engineering concern.,,UNREVIEWED,PENDING,,,,11.337966,11.529467,17.56308986356302,LOW,5.214846,5.230472,6.102829424994373,LOW,126.546361,126.7486,129.18864337113527,LOW
LOT_017,LOT_017_CMP_0088,LOW,LOW RISK — all evidence signals nominal. No immediate engineering concern.,,UNREVIEWED,PENDING,,,,11.276089,11.658188,15.954707262047762,LOW,4.739677,4.905012,6.299829318127903,LOW,119.780309,119.809622,122.30027241034637,LOW
LOT_017,LOT_017_CMP_0089,LOW,LOW RISK — all evidence signals nominal. No immediate engineering concern.,,UNREVIEWED,PENDING,,,,11.446917,11.736499,17.779567071916194,LOW,3.992314,4.058486,5.1330603184253984,LOW,119.979332,122.409051,123.35734815590139,LOW
LOT_017,LOT_017_CMP_0090,MEDIUM,MEDIUM RISK — high prediction uncertainty present. Engineering review recommended.,"[MEDIUM] Iddq predicted drift from 0h to 168h is 13.48 [uA] (27.0% of spec range), exceeding moderate-drift threshold of 20% of spec range. | [MEDIUM] Module B 168h prediction interval width (30.78 [uA]) is high relative to spec range, indicating insufficient prediction confidence.",UNREVIEWED,PENDING,,,,13.251643,13.739001,26.733899799784247,MEDIUM,5.606786,5.52238,6.043832412579285,LOW,124.043308,124.756681,126.84549055494479,LOW
LOT_017,LOT_017_CMP_0091,LOW,LOW RISK — all evidence signals nominal. No immediate engineering concern.,,UNREVIEWED,PENDING,,,,11.571015,11.670725,14.446550313149734,LOW,4.664877,4.594891,5.188451982536981,LOW,123.999152,124.869602,126.85697112877772,LOW
LOT_017,LOT_017_CMP_0092,LOW,LOW RISK — all evidence signals nominal. No immediate engineering concern.,,UNREVIEWED,PENDING,,,,9.871309,10.284471,15.380907211055726,LOW,5.027364,5.085827,6.108930975448073,LOW,126.19366,125.56995,128.53815040052217,LOW
LOT_017,LOT_017_CMP_0093,LOW,LOW RISK — all evidence signals nominal. No immediate engineering concern.,,UNREVIEWED,PENDING,,,,10.285038,10.58766,17.70866311661078,LOW,4.024525,4.055235,5.008005895533362,LOW,122.882703,123.306014,125.57101446905543,LOW
LOT_017,LOT_017_CMP_0094,MEDIUM,"MEDIUM RISK — population outlier, high prediction uncertainty present. Engineering review recommended.","[MEDIUM] Iddq population anomaly score 3.918 >= anomaly threshold 3.5 (moderate). | [MEDIUM] Module B 168h prediction interval width (29.7 [uA]) is high relative to spec range, indicating insufficient prediction confidence.",UNREVIEWED,PENDING,,,,16.921497,17.278921,23.58237663976308,MEDIUM,6.873445,6.956613,8.019149045320194,LOW,139.512578,138.792032,141.94188088530308,LOW
LOT_017,LOT_017_CMP_0095,MEDIUM,MEDIUM RISK — high prediction uncertainty present. Engineering review recommended.,"[MEDIUM] Module B 168h prediction interval width (17.95 [uA]) is high relative to spec range, indicating insufficient prediction confidence.",UNREVIEWED,PENDING,,,,11.676697,12.121475,15.987578541407675,MEDIUM,5.264322,5.269467,6.10485339148931,LOW,129.713264,129.480258,132.22866619932836,LOW
LOT_017,LOT_017_CMP_0096,LOW,LOW RISK — all evidence signals nominal. No immediate engineering concern.,,UNREVIEWED,PENDING,,,,8.7764,9.092856,17.072066348107363,LOW,4.510739,4.585468,5.676641716762147,LOW,114.044887,114.571493,116.6908468169497,LOW
LOT_017,LOT_017_CMP_0097,MEDIUM,MEDIUM RISK — high prediction uncertainty present. Engineering review recommended.,"[MEDIUM] Module B 168h prediction interval width (19.01 [uA]) is high relative to spec range, indicating insufficient prediction confidence.",UNREVIEWED,PENDING,,,,11.742988,12.268371,18.9991139443672,MEDIUM,5.241921,5.123057,5.5357852146701845,LOW,118.475859,119.815792,121.45165515915984,LOW
LOT_017,LOT_017_CMP_0098,LOW,LOW RISK — all evidence signals nominal. No immediate engineering concern.,,UNREVIEWED,PENDING,,,,9.702191,9.700954,11.491493842874233,LOW,5.494048,5.34043,5.628424821203159,LOW,118.879717,120.052289,121.79943151296517,LOW
LOT_017,LOT_017_CMP_0099,LOW,LOW RISK — all evidence signals nominal. No immediate engineering concern.,,UNREVIEWED,PENDING,,,,11.79082,11.719752,13.693128230172608,LOW,5.846822,5.81376,6.504597671860927,LOW,129.450819,128.492045,131.70497446167715,LOW
LOT_017,LOT_017_CMP_0100,LOW,LOW RISK — all evidence signals nominal. No immediate engineering concern.,,UNREVIEWED,PENDING,,,,9.982806,10.333847,15.380907211055726,LOW,4.406875,4.468632,5.518061390516395,LOW,113.743451,114.014048,116.29538639262405,LOW
LOT_018,LOT_018_CMP_0001,LOW,LOW RISK — all evidence signals nominal. No immediate engineering concern.,,UNREVIEWED,PENDING,,,,10.986969,10.939621,12.936493503322856,LOW,4.887848,5.024714,6.318773768630203,LOW,124.751571,126.322802,127.86611437682194,LOW
LOT_018,LOT_018_CMP_0002,MEDIUM,MEDIUM RISK — high prediction uncertainty present. Engineering review recommended.,"[MEDIUM] Module B 168h prediction interval width (21.01 [uA]) is high relative to spec range, indicating insufficient prediction confidence.",UNREVIEWED,PENDING,,,,9.303602,9.93672,13.87459971597431,MEDIUM,4.723204,4.752828,5.684907877963393,LOW,125.963158,125.221369,128.26346182433568,LOW
LOT_018,LOT_018_CMP_0003,MEDIUM,MEDIUM RISK — population outlier present. Engineering review recommended.,[MEDIUM] Iddq population anomaly score 3.846 >= anomaly threshold 3.5 (moderate). | [MEDIUM] propagation_delay population anomaly score 3.679 >= anomaly threshold 3.5 (moderate).,UNREVIEWED,PENDING,,,,15.947492,15.925382,15.57120879055915,MEDIUM,7.247384,7.512303,9.186006185352378,LOW,146.382342,146.397783,149.1357475224954,MEDIUM
LOT_018,LOT_018_CMP_0004,LOW,LOW RISK — all evidence signals nominal. No immediate engineering concern.,,UNREVIEWED,PENDING,,,,10.056596,10.214626,13.531095947601422,LOW,5.396929,5.332125,5.9255743326709105,LOW,119.517368,118.857508,121.78913434136926,LOW
LOT_018,LOT_018_CMP_0005,HIGH,HIGH RISK — Module B predicts parameter(s) will cross specification boundary by 168h. Elevated engineering attention required.,"[HIGH] Module B predicts Iddq at 50.76 [uA] by 168h, crossing spec_max=50. | [MEDIUM] Module B 168h prediction upper bound (50.76 [uA]) crosses spec_max=50.  | [HIGH] Iddq predicted drift from 0h to 168h is 40.99 [uA] (82.0% of spec range), exceeding high-drift threshold of 60% of spec range. | [MEDIUM] Module B 168h prediction interval width (39.99 [uA]) is high relative to spec range, indicating insufficient prediction confidence.",UNREVIEWED,PENDING,,,,9.772139,10.253741,50.76473246237551,HIGH,4.709964,4.974443,6.708329153520163,LOW,123.554535,123.878363,126.21337957387054,LOW
LOT_018,LOT_018_CMP_0006,LOW,LOW RISK — all evidence signals nominal. No immediate engineering concern.,,UNREVIEWED,PENDING,,,,11.62489,11.903879,17.630346608426926,LOW,4.761873,4.752994,5.552735508667785,LOW,122.333815,123.006795,125.10626923487837,LOW
LOT_018,LOT_018_CMP_0007,LOW,LOW RISK — all evidence signals nominal. No immediate engineering concern.,,UNREVIEWED,PENDING,,,,9.327311,9.363902,11.940706712579077,LOW,5.070451,5.138935,6.1951899755826725,LOW,122.407913,122.838141,125.09443712472263,LOW
LOT_018,LOT_018_CMP_0008,LOW,LOW RISK — all evidence signals nominal. No immediate engineering concern.,,UNREVIEWED,PENDING,,,,9.547716,9.754882,14.356996736237097,LOW,4.719821,4.707065,5.494597839281245,LOW,117.816279,118.034672,120.38609035584412,LOW
LOT_018,LOT_018_CMP_0009,MEDIUM,MEDIUM RISK — high prediction uncertainty present. Engineering review recommended.,"[MEDIUM] Module B 168h prediction interval width (20.81 [uA]) is high relative to spec range, indicating insufficient prediction confidence.",UNREVIEWED,PENDING,,,,13.10092,13.201423,16.551935055746767,MEDIUM,5.950698,6.02968,7.1003625075255625,LOW,131.248054,129.437945,133.21462819512823,LOW
LOT_018,LOT_018_CMP_0010,MEDIUM,MEDIUM RISK — high prediction uncertainty present. Engineering review recommended.,"[MEDIUM] Iddq predicted drift from 0h to 168h is 13.37 [uA] (26.7% of spec range), exceeding moderate-drift threshold of 20% of spec range. | [MEDIUM] Module B 168h prediction interval width (19.52 [uA]) is high relative to spec range, indicating insufficient prediction confidence.",UNREVIEWED,PENDING,,,,12.223009,12.821082,25.589946664736775,MEDIUM,6.248388,6.300444,7.27199992065523,LOW,118.667376,121.645897,122.22940306641115,LOW
LOT_018,LOT_018_CMP_0011,LOW,LOW RISK — all evidence signals nominal. No immediate engineering concern.,,UNREVIEWED,PENDING,,,,8.880431,9.293003,15.005462506344193,LOW,5.027559,4.941073,5.469508020859179,LOW,118.595485,119.059245,121.25980605295558,LOW
LOT_018,LOT_018_CMP_0012,MEDIUM,MEDIUM RISK — high prediction uncertainty present. Engineering review recommended.,"[MEDIUM] Module B 168h prediction interval width (19.7 [uA]) is high relative to spec range, indicating insufficient prediction confidence.",UNREVIEWED,PENDING,,,,11.980123,12.526857,18.92682443947368,MEDIUM,6.312275,6.49526,7.912081304410629,LOW,131.711851,132.72675,134.69031406555362,LOW
LOT_018,LOT_018_CMP_0013,HIGH,HIGH RISK — Module B predicts parameter(s) will cross specification boundary by 168h. Elevated engineering attention required.,"[HIGH] Module B predicts Iddq at 118.5 [uA] by 168h, crossing spec_max=50. | [HIGH] Module B 168h prediction upper bound (182.9 [uA]) crosses spec_max=50. Also population anomalous. | [MEDIUM] Iddq population anomaly score 4.853 >= anomaly threshold 3.5 (moderate). | [HIGH] Iddq predicted drift from 0h to 168h is 110.1 [uA] (220.2% of spec range), exceeding high-drift threshold of 60% of spec range. | [MEDIUM] Module B 168h prediction interval width (173.2 [uA]) is high relative to spec range, indicating insufficient prediction confidence.",UNREVIEWED,PENDING,,,,8.449861,9.926696,118.54438965437787,HIGH,4.716798,5.214538,7.744302623005795,LOW,114.835646,115.045146,117.37557451980204,LOW
LOT_018,LOT_018_CMP_0014,LOW,LOW RISK — all evidence signals nominal. No immediate engineering concern.,,UNREVIEWED,PENDING,,,,9.375688,9.69084,16.350783495311262,LOW,5.432426,5.438355,6.27233033140314,LOW,127.773765,126.479438,129.89319380682315,LOW
LOT_018,LOT_018_CMP_0015,LOW,LOW RISK — all evidence signals nominal. No immediate engineering concern.,,UNREVIEWED,PENDING,,,,9.529837,9.856109,16.350783495311262,LOW,4.922089,5.031738,6.232082523852521,LOW,112.621799,114.950512,115.8978509128693,LOW
LOT_018,LOT_018_CMP_0016,MEDIUM,MEDIUM RISK — high prediction uncertainty present. Engineering review recommended.,"[MEDIUM] Module B 168h prediction interval width (18.76 [uA]) is high relative to spec range, indicating insufficient prediction confidence.",UNREVIEWED,PENDING,,,,9.669317,10.120651,17.35516703847924,MEDIUM,5.21284,5.352875,6.649849005759935,LOW,113.241008,115.797675,116.60392427932064,LOW
LOT_018,LOT_018_CMP_0017,MEDIUM,"MEDIUM RISK — population outlier, high prediction uncertainty present. Engineering review recommended.","[MEDIUM] Iddq population anomaly score 4.190 >= anomaly threshold 3.5 (moderate). | [MEDIUM] Module B 168h prediction interval width (25.79 [uA]) is high relative to spec range, indicating insufficient prediction confidence. | [MEDIUM] leakage_current population anomaly score 4.767 >= anomaly threshold 3.5 (moderate).",UNREVIEWED,PENDING,,,,3.727852,4.318519,12.028526225181363,MEDIUM,2.17486,2.253832,3.416270803334344,MEDIUM,116.962712,116.119037,119.14601492697223,LOW
LOT_018,LOT_018_CMP_0018,LOW,LOW RISK — all evidence signals nominal. No immediate engineering concern.,,UNREVIEWED,PENDING,,,,10.230917,10.432081,16.152895708062996,LOW,4.795067,5.031109,6.665879989460426,LOW,124.2927,123.01991,126.3886163612353,LOW
LOT_018,LOT_018_CMP_0019,LOW,LOW RISK — all evidence signals nominal. No immediate engineering concern.,,UNREVIEWED,PENDING,,,,10.877428,11.308217,17.0655784157318,LOW,5.26109,5.32998,6.382986098679834,LOW,127.989604,126.865269,130.1716063100189,LOW
LOT_018,LOT_018_CMP_0020,LOW,LOW RISK — all evidence signals nominal. No immediate engineering concern.,,UNREVIEWED,PENDING,,,,9.59495,9.732296,12.654288821763387,LOW,4.515354,4.592591,5.69221152192706,LOW,127.728049,128.448628,130.56582237523392,LOW
LOT_018,LOT_018_CMP_0021,LOW,LOW RISK — all evidence signals nominal. No immediate engineering concern.,,UNREVIEWED,PENDING,,,,10.655603,10.963599,18.233605499115818,LOW,5.446064,5.570678,6.809355440427778,LOW,129.429881,131.885312,132.90175891523413,LOW
LOT_018,LOT_018_CMP_0022,LOW,LOW RISK — all evidence signals nominal. No immediate engineering concern.,,UNREVIEWED,PENDING,,,,10.100479,10.423072,18.423263350566728,LOW,5.036474,5.200591,6.584036557325489,LOW,128.278894,127.746873,130.6747781047859,LOW
LOT_018,LOT_018_CMP_0023,LOW,LOW RISK — all evidence signals nominal. No immediate engineering concern.,,UNREVIEWED,PENDING,,,,7.897178,8.192343,14.364336840057362,LOW,3.733074,3.691736,4.405715453915271,LOW,115.147877,115.82521,117.85748822161962,LOW
LOT_018,LOT_018_CMP_0024,MEDIUM,MEDIUM RISK — high prediction uncertainty present. Engineering review recommended.,"[MEDIUM] Module B 168h prediction interval width (17.68 [uA]) is high relative to spec range, indicating insufficient prediction confidence.",UNREVIEWED,PENDING,,,,10.664376,11.118371,19.095737794807942,MEDIUM,4.822038,4.969302,6.300446628567776,LOW,119.518315,120.140235,122.24732446682849,LOW
LOT_018,LOT_018_CMP_0025,LOW,LOW RISK — all evidence signals nominal. No immediate engineering concern.,,UNREVIEWED,PENDING,,,,10.354359,10.392968,11.898067060143449,LOW,5.713839,5.654288,6.257960063037861,LOW,126.933644,127.854706,129.83581441761086,LOW
LOT_018,LOT_018_CMP_0026,HIGH,HIGH RISK — observed measurement currently breaches reference limits. Immediate engineering review required.,"[HIGH] Observed measurement of leakage_current breaches reference limit (spec_min=0.0, spec_max=30.0). value_0h=37.44, value_24h=37.66 [nA]. | [HIGH] Module B predicts leakage_current at 38.44 [nA] by 168h, crossing spec_max=30. | [HIGH] Module B 168h prediction upper bound (41.99 [nA]) crosses spec_max=30. Also population anomalous. | [MEDIUM] leakage_current population anomaly score 50.082 >= strong threshold 6.0.",UNREVIEWED,PENDING,,,,9.094013,9.301336,15.669964102985217,LOW,37.439253,37.659088,38.44497128311019,HIGH,129.24367,129.649448,131.9827300667422,LOW
LOT_018,LOT_018_CMP_0027,LOW,LOW RISK — all evidence signals nominal. No immediate engineering concern.,,UNREVIEWED,PENDING,,,,9.419043,9.544129,12.654288821763387,LOW,5.663544,5.52255,5.849506025165633,LOW,117.227084,118.525611,120.17691914513108,LOW
LOT_018,LOT_018_CMP_0028,LOW,LOW RISK — all evidence signals nominal. No immediate engineering concern.,,UNREVIEWED,PENDING,,,,9.490382,9.910876,13.12405338311233,LOW,5.773597,6.077202,7.918755717530021,LOW,129.08976,130.037682,132.02083361766273,LOW
LOT_018,LOT_018_CMP_0029,MEDIUM,MEDIUM RISK — high prediction uncertainty present. Engineering review recommended.,"[MEDIUM] Module B 168h prediction interval width (30.65 [uA]) is high relative to spec range, indicating insufficient prediction confidence.",UNREVIEWED,PENDING,,,,14.678851,15.143503,23.225300535515014,MEDIUM,7.017496,7.078704,8.062795771694525,LOW,129.378746,131.645646,132.7829131803254,LOW
LOT_018,LOT_018_CMP_0030,LOW,LOW RISK — all evidence signals nominal. No immediate engineering concern.,,UNREVIEWED,PENDING,,,,12.469662,12.265163,13.334857160909594,LOW,5.670765,5.495598,5.705757049359077,LOW,128.286898,128.949861,131.1091267316597,LOW
LOT_018,LOT_018_CMP_0031,MEDIUM,MEDIUM RISK — high prediction uncertainty present. Engineering review recommended.,"[MEDIUM] Module B 168h prediction interval width (19.66 [uA]) is high relative to spec range, indicating insufficient prediction confidence.",UNREVIEWED,PENDING,,,,13.069722,13.192312,16.282545604337457,MEDIUM,6.20442,6.295317,7.4004935934103955,LOW,126.938328,127.559537,129.73357728023376,LOW
LOT_018,LOT_018_CMP_0032,HIGH,HIGH RISK — Module B predicts parameter(s) will cross specification boundary by 168h. Elevated engineering attention required.,"[HIGH] Module B predicts Iddq at 121.6 [uA] by 168h, crossing spec_max=50. | [MEDIUM] Module B 168h prediction upper bound (121.6 [uA]) crosses spec_max=50.  | [HIGH] Iddq predicted drift from 0h to 168h is 115.5 [uA] (231.0% of spec range), exceeding high-drift threshold of 60% of spec range. | [MEDIUM] Module B 168h prediction interval width (103.5 [uA]) is high relative to spec range, indicating insufficient prediction confidence.",UNREVIEWED,PENDING,,,,6.09134,7.059933,121.57129052797744,HIGH,3.992234,4.216293,5.829686700936321,LOW,116.031206,115.400354,118.2820792636213,LOW
LOT_018,LOT_018_CMP_0033,LOW,LOW RISK — all evidence signals nominal. No immediate engineering concern.,,UNREVIEWED,PENDING,,,,10.733954,11.00399,17.224961854437435,LOW,4.553344,4.752498,6.267258409313729,LOW,124.339908,123.832241,126.70918093827076,LOW
LOT_018,LOT_018_CMP_0034,MEDIUM,MEDIUM RISK — high prediction uncertainty present. Engineering review recommended.,"[MEDIUM] Iddq predicted drift from 0h to 168h is 13.36 [uA] (26.7% of spec range), exceeding moderate-drift threshold of 20% of spec range. | [MEDIUM] Module B 168h prediction interval width (25.87 [uA]) is high relative to spec range, indicating insufficient prediction confidence.",UNREVIEWED,PENDING,,,,11.313,11.860225,24.6778894641609,MEDIUM,5.800742,6.09134,7.887845125687554,LOW,119.918564,120.362812,122.58778135461529,LOW
LOT_018,LOT_018_CMP_0035,LOW,LOW RISK — all evidence signals nominal. No immediate engineering concern.,,UNREVIEWED,PENDING,,,,9.508222,9.933989,13.12405338311233,LOW,4.942072,5.056507,6.2726988134578106,LOW,124.153123,125.138112,127.05318009929591,LOW
LOT_018,LOT_018_CMP_0036,LOW,LOW RISK — all evidence signals nominal. No immediate engineering concern.,,UNREVIEWED,PENDING,,,,11.171883,11.591506,15.954707262047762,LOW,4.874697,5.023802,6.35994923062799,LOW,124.518742,125.743304,127.50753566560459,LOW
LOT_018,LOT_018_CMP_0037,MEDIUM,MEDIUM RISK — high prediction uncertainty present. Engineering review recommended.,"[MEDIUM] Iddq predicted drift from 0h to 168h is 12.88 [uA] (25.8% of spec range), exceeding moderate-drift threshold of 20% of spec range. | [MEDIUM] Module B 168h prediction interval width (30.41 [uA]) is high relative to spec range, indicating insufficient prediction confidence.",UNREVIEWED,PENDING,,,,12.179457,12.742306,25.06103105678359,MEDIUM,5.566902,5.635753,6.68119173066423,LOW,129.567555,130.808165,132.6073175371154,LOW
LOT_018,LOT_018_CMP_0038,LOW,LOW RISK — all evidence signals nominal. No immediate engineering concern.,,UNREVIEWED,PENDING,,,,8.198938,8.386863,14.219510030050772,LOW,4.583808,4.578786,5.396018957158832,LOW,126.951855,128.367346,130.03056058429942,LOW
LOT_018,LOT_018_CMP_0039,LOW,LOW RISK — all evidence signals nominal. No immediate engineering concern.,,UNREVIEWED,PENDING,,,,10.168943,10.449986,17.320895897409883,LOW,5.357821,5.256367,5.7256924098462765,LOW,124.164765,124.389044,126.79356709729561,LOW
LOT_018,LOT_018_CMP_0040,LOW,LOW RISK — all evidence signals nominal. No immediate engineering concern.,,UNREVIEWED,PENDING,,,,12.924763,12.992131,14.579900725993838,LOW,5.844523,6.081845,7.695471996869449,LOW,123.931354,123.148764,126.19889561680385,LOW
LOT_018,LOT_018_CMP_0041,MEDIUM,MEDIUM RISK — high prediction uncertainty present. Engineering review recommended.,"[MEDIUM] Iddq predicted drift from 0h to 168h is 18.87 [uA] (37.7% of spec range), exceeding moderate-drift threshold of 20% of spec range. | [MEDIUM] Module B 168h prediction interval width (17.93 [uA]) is high relative to spec range, indicating insufficient prediction confidence.",UNREVIEWED,PENDING,,,,8.480416,8.812554,27.349305006363956,MEDIUM,5.390498,5.499007,6.684074073240994,LOW,114.646321,113.404037,116.66667469855255,LOW
LOT_018,LOT_018_CMP_0042,MEDIUM,MEDIUM RISK — high prediction uncertainty present. Engineering review recommended.,"[MEDIUM] Module B 168h prediction interval width (20.52 [uA]) is high relative to spec range, indicating insufficient prediction confidence.",UNREVIEWED,PENDING,,,,9.633199,10.286146,15.235793767204306,MEDIUM,4.605714,4.757431,6.1090311072158725,LOW,129.830363,131.184877,132.91311231940196,LOW
LOT_018,LOT_018_CMP_0043,LOW,LOW RISK — all evidence signals nominal. No immediate engineering concern.,,UNREVIEWED,PENDING,,,,9.45653,9.672626,14.267911796044677,LOW,4.817965,5.114235,6.953988090398983,LOW,131.04972,130.710284,133.53913311856857,LOW
LOT_018,LOT_018_CMP_0044,LOW,LOW RISK — all evidence signals nominal. No immediate engineering concern.,,UNREVIEWED,PENDING,,,,11.578964,11.96739,15.133266942639661,LOW,5.093973,5.309116,6.865299049951479,LOW,127.174224,130.272589,130.8552346030599,LOW
LOT_018,LOT_018_CMP_0045,LOW,LOW RISK — all evidence signals nominal. No immediate engineering concern.,,UNREVIEWED,PENDING,,,,11.988378,12.26234,17.502160882383425,LOW,6.121717,6.298641,7.699410520040053,LOW,126.318875,126.123807,128.81739202908025,LOW
LOT_018,LOT_018_CMP_0046,LOW,LOW RISK — all evidence signals nominal. No immediate engineering concern.,,UNREVIEWED,PENDING,,,,10.276373,10.473118,16.152895708062996,LOW,4.929599,5.140619,6.6867275032274565,LOW,127.297771,126.892253,129.72998886449025,LOW
LOT_018,LOT_018_CMP_0047,MEDIUM,MEDIUM RISK — high prediction uncertainty present. Engineering review recommended.,"[MEDIUM] Module B 168h prediction interval width (20.11 [uA]) is high relative to spec range, indicating insufficient prediction confidence.",UNREVIEWED,PENDING,,,,10.126197,10.860252,14.028469222581098,MEDIUM,5.031705,5.127005,6.275716252931005,LOW,130.315355,131.353673,133.28965754658446,LOW
LOT_018,LOT_018_CMP_0048,LOW,LOW RISK — all evidence signals nominal. No immediate engineering concern.,,UNREVIEWED,PENDING,,,,7.80284,7.852632,10.186119872675981,LOW,5.104598,5.053503,5.700843281900839,LOW,115.963069,115.232109,118.17762128752884,LOW
LOT_018,LOT_018_CMP_0049,MEDIUM,MEDIUM RISK — high prediction uncertainty present. Engineering review recommended.,"[MEDIUM] Module B 168h prediction upper bound (61.9 [uA]) crosses spec_max=50.  | [MEDIUM] Module B 168h prediction interval width (48.75 [uA]) is high relative to spec range, indicating insufficient prediction confidence.",UNREVIEWED,PENDING,,,,12.293547,12.555223,16.92099046742196,MEDIUM,6.290722,6.233466,6.830946162971223,LOW,125.550378,126.638215,128.49964419479167,LOW
LOT_018,LOT_018_CMP_0050,LOW,LOW RISK — all evidence signals nominal. No immediate engineering concern.,,UNREVIEWED,PENDING,,,,9.426346,9.713945,15.248416042154425,LOW,5.676733,5.846432,7.233362461510901,LOW,115.784963,117.549386,118.88806849567665,LOW
LOT_018,LOT_018_CMP_0051,LOW,LOW RISK — all evidence signals nominal. No immediate engineering concern.,,UNREVIEWED,PENDING,,,,10.098258,9.974925,11.636018802760693,LOW,6.348313,6.445756,7.569773950134287,LOW,121.143016,122.260395,124.06332439584828,LOW
LOT_018,LOT_018_CMP_0052,LOW,LOW RISK — all evidence signals nominal. No immediate engineering concern.,,UNREVIEWED,PENDING,,,,11.317384,11.572523,17.037965454084535,LOW,5.809487,5.96144,7.28458184101878,LOW,133.802188,132.570325,135.9979217664026,LOW
LOT_018,LOT_018_CMP_0053,LOW,LOW RISK — all evidence signals nominal. No immediate engineering concern.,,UNREVIEWED,PENDING,,,,10.451012,10.745733,17.70866311661078,LOW,5.316609,5.391343,6.462943122964182,LOW,128.600605,128.76204,131.24674065848401,LOW
LOT_018,LOT_018_CMP_0054,MEDIUM,MEDIUM RISK — high prediction uncertainty present. Engineering review recommended.,"[MEDIUM] Module B 168h prediction interval width (17.91 [uA]) is high relative to spec range, indicating insufficient prediction confidence.",UNREVIEWED,PENDING,,,,11.186964,11.68872,17.63417180862393,MEDIUM,5.541224,5.727849,7.175836660226422,LOW,124.001605,125.403069,127.0488686286121,LOW
LOT_018,LOT_018_CMP_0055,MEDIUM,MEDIUM RISK — high prediction uncertainty present. Engineering review recommended.,"[MEDIUM] Module B 168h prediction interval width (19.85 [uA]) is high relative to spec range, indicating insufficient prediction confidence.",UNREVIEWED,PENDING,,,,10.572904,11.319845,14.028469222581098,MEDIUM,5.434846,5.583591,6.904892474031069,LOW,109.96587,109.95307,112.38286016000637,LOW
LOT_018,LOT_018_CMP_0056,LOW,LOW RISK — all evidence signals nominal. No immediate engineering concern.,,UNREVIEWED,PENDING,,,,10.482936,10.674828,16.54066292726388,LOW,5.945463,5.824679,6.213751804658262,LOW,119.38264,120.530697,122.29811643519768,LOW
LOT_018,LOT_018_CMP_0057,LOW,LOW RISK — all evidence signals nominal. No immediate engineering concern.,,UNREVIEWED,PENDING,,,,10.753807,11.059091,16.988986798483115,LOW,5.732219,5.930211,7.412347488814369,LOW,123.633118,124.210541,126.38312881279894,LOW
LOT_018,LOT_018_CMP_0058,MEDIUM,MEDIUM RISK — high prediction uncertainty present. Engineering review recommended.,"[MEDIUM] Module B 168h prediction interval width (20.02 [uA]) is high relative to spec range, indicating insufficient prediction confidence.",UNREVIEWED,PENDING,,,,8.415803,8.893694,13.179619151310133,MEDIUM,5.27595,5.264657,6.043663120046549,LOW,120.829169,119.556179,122.89397605417415,LOW
LOT_018,LOT_018_CMP_0059,LOW,LOW RISK — all evidence signals nominal. No immediate engineering concern.,,UNREVIEWED,PENDING,,,,9.746722,10.040962,15.248416042154425,LOW,5.066502,5.393586,7.332455418457905,LOW,122.680816,122.538412,125.16551727980395,LOW
LOT_018,LOT_018_CMP_0060,MEDIUM,MEDIUM RISK — high prediction uncertainty present. Engineering review recommended.,"[MEDIUM] Iddq predicted drift from 0h to 168h is 24.69 [uA] (49.4% of spec range), exceeding moderate-drift threshold of 20% of spec range. | [MEDIUM] Module B 168h prediction interval width (23.77 [uA]) is high relative to spec range, indicating insufficient prediction confidence.",UNREVIEWED,PENDING,,,,11.543812,12.078331,36.23491549885128,MEDIUM,4.681682,4.582644,5.076651342493237,LOW,107.312022,109.73265,110.57327884728764,LOW
LOT_018,LOT_018_CMP_0061,LOW,LOW RISK — all evidence signals nominal. No immediate engineering concern.,,UNREVIEWED,PENDING,,,,8.878218,8.81931,14.894355443633014,LOW,4.649155,4.700914,5.710333625252534,LOW,118.522088,117.644128,120.70713496975095,LOW
LOT_018,LOT_018_CMP_0062,LOW,LOW RISK — all evidence signals nominal. No immediate engineering concern.,,UNREVIEWED,PENDING,,,,8.934992,9.235253,15.51995502075042,LOW,4.235497,4.294462,5.338529384628427,LOW,119.81718,119.951175,122.3748158308393,LOW
LOT_018,LOT_018_CMP_0063,LOW,LOW RISK — all evidence signals nominal. No immediate engineering concern.,,UNREVIEWED,PENDING,,,,8.586732,8.953906,12.561591538181835,LOW,4.789236,4.86411,5.94900830764499,LOW,119.847439,120.658443,122.6468476277927,LOW
LOT_018,LOT_018_CMP_0064,MEDIUM,MEDIUM RISK — high prediction uncertainty present. Engineering review recommended.,"[MEDIUM] Module B 168h prediction interval width (18.41 [uA]) is high relative to spec range, indicating insufficient prediction confidence.",UNREVIEWED,PENDING,,,,10.010706,10.48228,16.455600268856795,MEDIUM,5.249512,5.432371,6.874598019489316,LOW,117.993551,118.748144,120.75622341458096,LOW
LOT_018,LOT_018_CMP_0065,HIGH,HIGH RISK — Module B predicts parameter(s) will cross specification boundary by 168h. Elevated engineering attention required.,"[HIGH] Module B predicts Iddq at 163.1 [uA] by 168h, crossing spec_max=50. | [MEDIUM] Module B 168h prediction upper bound (196.3 [uA]) crosses spec_max=50.  | [HIGH] Iddq predicted drift from 0h to 168h is 151.2 [uA] (302.4% of spec range), exceeding high-drift threshold of 60% of spec range. | [MEDIUM] Module B 168h prediction interval width (183.3 [uA]) is high relative to spec range, indicating insufficient prediction confidence.",UNREVIEWED,PENDING,,,,11.946571,12.911107,163.14903276065547,HIGH,6.222093,6.608938,8.723660091854516,LOW,136.223334,137.425311,139.30896029220827,LOW
LOT_018,LOT_018_CMP_0066,MEDIUM,MEDIUM RISK — high prediction uncertainty present. Engineering review recommended.,"[MEDIUM] Module B 168h prediction interval width (18.51 [uA]) is high relative to spec range, indicating insufficient prediction confidence.",UNREVIEWED,PENDING,,,,10.941577,11.453152,18.50898587947579,MEDIUM,5.223564,5.299498,6.377455255197667,LOW,121.45988,122.647724,124.40816409872275,LOW
LOT_018,LOT_018_CMP_0067,MEDIUM,MEDIUM RISK — high prediction uncertainty present. Engineering review recommended.,"[MEDIUM] Module B 168h prediction interval width (22.88 [uA]) is high relative to spec range, indicating insufficient prediction confidence.",UNREVIEWED,PENDING,,,,6.863903,7.38189,7.505213785901363,MEDIUM,4.488592,4.778522,6.604645754288056,LOW,105.547531,106.720869,108.3480441824978,LOW
LOT_018,LOT_018_CMP_0068,HIGH,HIGH RISK — observed measurement currently breaches reference limits. Immediate engineering review required.,"[HIGH] Observed measurement of Iddq breaches reference limit (spec_min=0.0, spec_max=50.0). value_0h=68.48, value_24h=69.52 [uA]. | [HIGH] Module B predicts Iddq at 181 [uA] by 168h, crossing spec_max=50. | [HIGH] Module B 168h prediction upper bound (181 [uA]) crosses spec_max=50. Also population anomalous. | [MEDIUM] Iddq population anomaly score 39.888 >= strong threshold 6.0. | [HIGH] Iddq predicted drift from 0h to 168h is 112.5 [uA] (225.1% of spec range), exceeding high-drift threshold of 60% of spec range. | [MEDIUM] Module B 168h prediction interval width (167.1 [uA]) is high relative to spec range, indicating insufficient prediction confidence.",UNREVIEWED,PENDING,,,,68.481688,69.519963,181.0196839915449,HIGH,4.814052,4.927219,6.142195697631138,LOW,132.459444,131.739414,134.82572524819568,LOW
LOT_018,LOT_018_CMP_0069,LOW,LOW RISK — all evidence signals nominal. No immediate engineering concern.,,UNREVIEWED,PENDING,,,,9.609275,9.663648,12.014672495818765,LOW,5.441405,5.520662,6.604663879844291,LOW,118.082533,117.478113,120.36121773574226,LOW
LOT_018,LOT_018_CMP_0070,LOW,LOW RISK — all evidence signals nominal. No immediate engineering concern.,,UNREVIEWED,PENDING,,,,10.782123,10.966993,15.820986609136222,LOW,5.439478,5.49864,6.514110967533566,LOW,127.616176,129.075899,130.71661317954727,LOW
LOT_018,LOT_018_CMP_0071,LOW,LOW RISK — all evidence signals nominal. No immediate engineering concern.,,UNREVIEWED,PENDING,,,,9.846763,9.977143,13.269047690218667,LOW,5.093498,5.17352,6.268590179070381,LOW,118.498965,119.743988,121.44111206760172,LOW
LOT_018,LOT_018_CMP_0072,LOW,LOW RISK — all evidence signals nominal. No immediate engineering concern.,,UNREVIEWED,PENDING,,,,8.812498,9.016541,16.875045406588885,LOW,5.863904,5.991956,7.232208557866272,LOW,123.388505,125.683669,126.74907373963731,LOW
LOT_018,LOT_018_CMP_0073,MEDIUM,MEDIUM RISK — high prediction uncertainty present. Engineering review recommended.,"[MEDIUM] Module B 168h prediction interval width (20.47 [uA]) is high relative to spec range, indicating insufficient prediction confidence.",UNREVIEWED,PENDING,,,,9.827709,10.504363,16.767223094974042,MEDIUM,5.801578,5.674362,6.044982298708044,LOW,121.582695,122.60682,124.47367809257364,LOW
LOT_018,LOT_018_CMP_0074,MEDIUM,MEDIUM RISK — high prediction uncertainty present. Engineering review recommended.,"[MEDIUM] Module B 168h prediction interval width (20.57 [uA]) is high relative to spec range, indicating insufficient prediction confidence.",UNREVIEWED,PENDING,,,,6.596284,7.041898,12.798802099345155,MEDIUM,4.690784,4.568673,4.98371836170267,LOW,126.46659,127.815756,129.51728759329097,LOW
LOT_018,LOT_018_CMP_0075,LOW,LOW RISK — all evidence signals nominal. No immediate engineering concern.,,UNREVIEWED,PENDING,,,,10.372539,10.705867,19.926315466605317,LOW,5.21628,5.376794,6.743572605341943,LOW,122.058685,122.264334,124.66196808132801,LOW
LOT_018,LOT_018_CMP_0076,LOW,LOW RISK — all evidence signals nominal. No immediate engineering concern.,,UNREVIEWED,PENDING,,,,8.794484,9.037898,16.16961271380658,LOW,5.746299,5.95926,7.492138576650716,LOW,118.642624,117.598694,120.76954656730868,LOW
LOT_018,LOT_018_CMP_0077,LOW,LOW RISK — all evidence signals nominal. No immediate engineering concern.,,UNREVIEWED,PENDING,,,,8.674815,8.756942,14.607522079072828,LOW,5.675464,5.886056,7.412571938387111,LOW,123.775816,122.667471,125.92576094911236,LOW
LOT_018,LOT_018_CMP_0078,LOW,LOW RISK — all evidence signals nominal. No immediate engineering concern.,,UNREVIEWED,PENDING,,,,11.220818,11.406846,17.56308986356302,LOW,5.726,5.885917,7.2382669704691995,LOW,122.936991,124.887032,126.17040179924986,LOW
LOT_018,LOT_018_CMP_0079,HIGH,HIGH RISK — Module B predicts parameter(s) will cross specification boundary by 168h. Elevated engineering attention required.,"[HIGH] Module B predicts Iddq at 172 [uA] by 168h, crossing spec_max=50. | [MEDIUM] Module B 168h prediction upper bound (193.9 [uA]) crosses spec_max=50.  | [HIGH] Iddq predicted drift from 0h to 168h is 160.5 [uA] (321.0% of spec range), exceeding high-drift threshold of 60% of spec range. | [MEDIUM] Module B 168h prediction interval width (181.4 [uA]) is high relative to spec range, indicating insufficient prediction confidence.",UNREVIEWED,PENDING,,,,11.491691,12.480198,171.98327123378118,HIGH,4.964318,4.982347,5.868995411874893,LOW,113.440546,115.478474,116.62020661402904,LOW
LOT_018,LOT_018_CMP_0080,MEDIUM,MEDIUM RISK — high prediction uncertainty present. Engineering review recommended.,"[MEDIUM] Module B 168h prediction interval width (19.63 [uA]) is high relative to spec range, indicating insufficient prediction confidence.",UNREVIEWED,PENDING,,,,10.692754,11.289689,15.982057983950881,MEDIUM,6.030749,6.067976,6.994216116242523,LOW,120.192656,121.402665,123.13749070825169,LOW
LOT_018,LOT_018_CMP_0081,HIGH,HIGH RISK — one or more strong evidence signals present. Engineering review recommended.,"[MEDIUM] Iddq population anomaly score 6.934 >= strong threshold 6.0. | [MEDIUM] Iddq predicted drift from 0h to 168h is 10.35 [uA] (20.7% of spec range), exceeding moderate-drift threshold of 20% of spec range. | [MEDIUM] Module B 168h prediction interval width (17.75 [uA]) is high relative to spec range, indicating insufficient prediction confidence. | [HIGH] Combined: population anomaly (score=6.934) co-occurring with elevated predicted drift — escalated to HIGH. | [MEDIUM] leakage_current population anomaly score 7.694 >= strong threshold 6.0. | [MEDIUM] propagation_delay population anomaly score 4.958 >= anomaly threshold 3.5 (moderate).",UNREVIEWED,PENDING,,,,0.0,0.155033,10.348414370094837,HIGH,0.503852,0.364379,0.8219575482066546,MEDIUM,92.593284,93.676283,95.24548386217513,MEDIUM
LOT_018,LOT_018_CMP_0082,LOW,LOW RISK — all evidence signals nominal. No immediate engineering concern.,,UNREVIEWED,PENDING,,,,9.021644,9.408379,13.72503776286275,LOW,5.507639,5.559151,6.546857993119886,LOW,110.526256,112.050417,113.49653040576945,LOW
LOT_018,LOT_018_CMP_0083,MEDIUM,MEDIUM RISK — high prediction uncertainty present. Engineering review recommended.,"[MEDIUM] Iddq predicted drift from 0h to 168h is 10.84 [uA] (21.7% of spec range), exceeding moderate-drift threshold of 20% of spec range. | [MEDIUM] Module B 168h prediction interval width (20.36 [uA]) is high relative to spec range, indicating insufficient prediction confidence.",UNREVIEWED,PENDING,,,,9.100379,9.621652,19.945002451350838,MEDIUM,4.684517,4.731513,5.723818393203156,LOW,121.646687,122.070386,124.3240604860677,LOW
LOT_018,LOT_018_CMP_0084,LOW,LOW RISK — all evidence signals nominal. No immediate engineering concern.,,UNREVIEWED,PENDING,,,,11.548387,11.677556,14.177160861740425,LOW,5.883197,5.817103,6.394328829062532,LOW,123.329375,123.111026,125.79279726684082,LOW
LOT_018,LOT_018_CMP_0085,LOW,LOW RISK — all evidence signals nominal. No immediate engineering concern.,,UNREVIEWED,PENDING,,,,8.783732,9.192509,13.245528370960239,LOW,4.589097,4.749446,6.130908299170945,LOW,130.223117,129.345234,132.5130486216624,LOW
LOT_018,LOT_018_CMP_0086,LOW,LOW RISK — all evidence signals nominal. No immediate engineering concern.,,UNREVIEWED,PENDING,,,,11.323857,11.66618,18.872921243558455,LOW,5.367975,5.593229,7.177256659607419,LOW,118.296181,118.495298,120.86341682672902,LOW
LOT_018,LOT_018_CMP_0087,LOW,LOW RISK — all evidence signals nominal. No immediate engineering concern.,,UNREVIEWED,PENDING,,,,11.104835,11.042078,12.936493503322856,LOW,5.589528,5.82685,7.446675911867168,LOW,125.832855,125.501923,128.2785514244638,LOW
LOT_018,LOT_018_CMP_0088,LOW,LOW RISK — all evidence signals nominal. No immediate engineering concern.,,UNREVIEWED,PENDING,,,,11.914024,12.204264,17.954597553534196,LOW,5.039306,5.195946,6.553806120690564,LOW,128.696912,129.026072,131.40374131103198,LOW
LOT_018,LOT_018_CMP_0089,LOW,LOW RISK — all evidence signals nominal. No immediate engineering concern.,,UNREVIEWED,PENDING,,,,11.492032,11.630311,14.177160861740425,LOW,6.586066,6.624891,7.543084848169103,LOW,124.452468,126.281816,127.6564061149374,LOW
LOT_018,LOT_018_CMP_0090,MEDIUM,MEDIUM RISK — high prediction uncertainty present. Engineering review recommended.,"[MEDIUM] Module B 168h prediction interval width (19.64 [uA]) is high relative to spec range, indicating insufficient prediction confidence.",UNREVIEWED,PENDING,,,,10.632877,11.17861,14.998451838999866,MEDIUM,4.921915,5.112104,6.587309812525211,LOW,119.869543,121.029264,122.79354351498749,LOW
LOT_018,LOT_018_CMP_0091,MEDIUM,MEDIUM RISK — high prediction uncertainty present. Engineering review recommended.,"[MEDIUM] Module B 168h prediction interval width (22.15 [uA]) is high relative to spec range, indicating insufficient prediction confidence.",UNREVIEWED,PENDING,,,,8.067659,8.62359,12.116597923439814,MEDIUM,4.098208,4.20813,5.429434688499814,LOW,118.733827,119.437199,121.48486181927169,LOW
LOT_018,LOT_018_CMP_0092,LOW,LOW RISK — all evidence signals nominal. No immediate engineering concern.,,UNREVIEWED,PENDING,,,,11.049179,11.326836,18.359322340589287,LOW,5.641635,5.878009,7.4933329750243285,LOW,123.016992,122.82775,125.48799789433127,LOW
LOT_018,LOT_018_CMP_0093,LOW,LOW RISK — all evidence signals nominal. No immediate engineering concern.,,UNREVIEWED,PENDING,,,,10.079635,10.155873,13.611152331728315,LOW,5.860158,5.926991,6.9584139092569535,LOW,121.370892,121.221344,123.84130617655434,LOW
LOT_018,LOT_018_CMP_0094,MEDIUM,MEDIUM RISK — elevated predicted drift present. Engineering review recommended.,"[MEDIUM] Iddq predicted drift from 0h to 168h is 10.71 [uA] (21.4% of spec range), exceeding moderate-drift threshold of 20% of spec range.",UNREVIEWED,PENDING,,,,9.72957,10.148525,20.444091147847484,MEDIUM,4.796418,4.998938,6.519276366200903,LOW,126.864085,127.767249,129.75924752635075,LOW
LOT_018,LOT_018_CMP_0095,MEDIUM,MEDIUM RISK — high prediction uncertainty present. Engineering review recommended.,"[MEDIUM] Iddq predicted drift from 0h to 168h is 11.27 [uA] (22.5% of spec range), exceeding moderate-drift threshold of 20% of spec range. | [MEDIUM] Module B 168h prediction interval width (19.49 [uA]) is high relative to spec range, indicating insufficient prediction confidence.",UNREVIEWED,PENDING,,,,12.373825,13.090038,23.648352324313063,MEDIUM,5.265271,5.686818,7.943227124356971,LOW,126.841012,126.946889,129.45156073800786,LOW
LOT_018,LOT_018_CMP_0096,LOW,LOW RISK — all evidence signals nominal. No immediate engineering concern.,,UNREVIEWED,PENDING,,,,9.998252,10.209999,16.33726968075093,LOW,4.612765,4.857217,6.525120360584246,LOW,124.618034,125.776974,127.58430887598443,LOW
LOT_018,LOT_018_CMP_0097,LOW,LOW RISK — all evidence signals nominal. No immediate engineering concern.,,UNREVIEWED,PENDING,,,,9.405873,9.531221,12.654288821763387,LOW,4.556711,4.58859,5.532412902133494,LOW,122.014408,122.358866,124.66681003727618,LOW
LOT_018,LOT_018_CMP_0098,LOW,LOW RISK — all evidence signals nominal. No immediate engineering concern.,,UNREVIEWED,PENDING,,,,11.942057,12.066026,14.617238832472982,LOW,5.806182,5.665334,5.989320753848881,LOW,130.673202,128.585717,132.53567958620556,LOW
LOT_018,LOT_018_CMP_0099,HIGH,HIGH RISK — Module B predicts parameter(s) will cross specification boundary by 168h. Elevated engineering attention required.,"[HIGH] Module B predicts Iddq at 79.59 [uA] by 168h, crossing spec_max=50. | [MEDIUM] Module B 168h prediction upper bound (79.59 [uA]) crosses spec_max=50.  | [HIGH] Iddq predicted drift from 0h to 168h is 70.53 [uA] (141.1% of spec range), exceeding high-drift threshold of 60% of spec range. | [MEDIUM] Module B 168h prediction interval width (69.44 [uA]) is high relative to spec range, indicating insufficient prediction confidence.",UNREVIEWED,PENDING,,,,9.053668,9.937372,79.58784119995738,HIGH,4.911977,5.039228,6.299888298211574,LOW,128.406242,127.741654,130.7559782152164,LOW
LOT_018,LOT_018_CMP_0100,LOW,LOW RISK — all evidence signals nominal. No immediate engineering concern.,,UNREVIEWED,PENDING,,,,9.273626,9.520898,13.972408528580045,LOW,5.119158,5.316615,6.811829186834153,LOW,121.175533,119.739256,123.18519645446472,LOW
LOT_019,LOT_019_CMP_0001,MEDIUM,MEDIUM RISK — high prediction uncertainty present. Engineering review recommended.,"[MEDIUM] Iddq predicted drift from 0h to 168h is 16.21 [uA] (32.4% of spec range), exceeding moderate-drift threshold of 20% of spec range. | [MEDIUM] Module B 168h prediction interval width (33.13 [uA]) is high relative to spec range, indicating insufficient prediction confidence.",UNREVIEWED,PENDING,,,,12.599729,13.2199,28.805183140323386,MEDIUM,5.630098,5.752277,6.97817071349424,LOW,122.957847,123.11032,125.55021893669326,LOW
LOT_019,LOT_019_CMP_0002,MEDIUM,MEDIUM RISK — high prediction uncertainty present. Engineering review recommended.,"[MEDIUM] Iddq predicted drift from 0h to 168h is 24.43 [uA] (48.9% of spec range), exceeding moderate-drift threshold of 20% of spec range. | [MEDIUM] Module B 168h prediction interval width (32.8 [uA]) is high relative to spec range, indicating insufficient prediction confidence.",UNREVIEWED,PENDING,,,,12.882331,13.529064,37.31000603706143,MEDIUM,5.70206,5.907687,7.416612446447947,LOW,120.476675,120.951877,123.16193565510723,LOW
LOT_019,LOT_019_CMP_0003,LOW,LOW RISK — all evidence signals nominal. No immediate engineering concern.,,UNREVIEWED,PENDING,,,,10.132594,10.3198,16.152895708062996,LOW,5.863474,5.830955,6.523240946588823,LOW,119.91374,121.051813,122.83041433831939,LOW
LOT_019,LOT_019_CMP_0004,LOW,LOW RISK — all evidence signals nominal. No immediate engineering concern.,,UNREVIEWED,PENDING,,,,8.750392,8.793384,13.36467071605678,LOW,4.505925,4.549794,5.53576951225849,LOW,114.748284,115.082692,117.33198663149577,LOW
LOT_019,LOT_019_CMP_0005,MEDIUM,MEDIUM RISK — high prediction uncertainty present. Engineering review recommended.,"[MEDIUM] Iddq predicted drift from 0h to 168h is 12.39 [uA] (24.8% of spec range), exceeding moderate-drift threshold of 20% of spec range. | [MEDIUM] Module B 168h prediction interval width (30.94 [uA]) is high relative to spec range, indicating insufficient prediction confidence.",UNREVIEWED,PENDING,,,,13.047334,13.503335,25.439088512426853,MEDIUM,5.341241,5.180059,5.445955057491062,LOW,118.503547,120.743265,121.80056123702175,LOW
LOT_019,LOT_019_CMP_0006,LOW,LOW RISK — all evidence signals nominal. No immediate engineering concern.,,UNREVIEWED,PENDING,,,,11.224836,11.498991,18.595297396543607,LOW,5.779608,5.949461,7.334416128047731,LOW,123.659111,123.40585,126.11303439501356,LOW
LOT_019,LOT_019_CMP_0007,LOW,LOW RISK — all evidence signals nominal. No immediate engineering concern.,,UNREVIEWED,PENDING,,,,10.918143,11.045017,14.385148418092891,LOW,5.595247,5.565517,6.273841488802416,LOW,114.536252,114.89502,117.12674419814402,LOW
LOT_019,LOT_019_CMP_0008,LOW,LOW RISK — all evidence signals nominal. No immediate engineering concern.,,UNREVIEWED,PENDING,,,,10.686813,10.86501,15.820986609136222,LOW,5.423692,5.622151,7.113381484375254,LOW,117.018382,117.543284,119.6903805408273,LOW
LOT_019,LOT_019_CMP_0009,LOW,LOW RISK — all evidence signals nominal. No immediate engineering concern.,,UNREVIEWED,PENDING,,,,9.327033,9.615769,15.302179437300218,LOW,5.547326,5.418504,5.789824391092893,LOW,116.054869,117.01076,118.87197489937734,LOW
LOT_019,LOT_019_CMP_0010,LOW,LOW RISK — all evidence signals nominal. No immediate engineering concern.,,UNREVIEWED,PENDING,,,,9.840178,10.143539,17.243221612715065,LOW,5.651325,5.784677,7.048184533740011,LOW,111.384189,111.120769,113.72448844289131,LOW
LOT_019,LOT_019_CMP_0011,LOW,LOW RISK — all evidence signals nominal. No immediate engineering concern.,,UNREVIEWED,PENDING,,,,11.508785,11.834716,19.20075997277941,LOW,4.91479,5.065133,6.404530466856266,LOW,124.624572,123.279128,126.69754536125193,LOW
LOT_019,LOT_019_CMP_0012,LOW,LOW RISK — all evidence signals nominal. No immediate engineering concern.,,UNREVIEWED,PENDING,,,,9.94796,9.977249,11.820392775448628,LOW,4.343984,4.421782,5.527483029753726,LOW,116.358975,115.687516,118.59830025293228,LOW
LOT_019,LOT_019_CMP_0013,LOW,LOW RISK — all evidence signals nominal. No immediate engineering concern.,,UNREVIEWED,PENDING,,,,11.54348,11.465144,13.314034441114668,LOW,5.554207,5.679975,6.919961719822587,LOW,127.164762,127.574597,129.88663942157933,LOW
LOT_019,LOT_019_CMP_0014,MEDIUM,MEDIUM RISK — high prediction uncertainty present. Engineering review recommended.,"[MEDIUM] Module B 168h prediction interval width (18.11 [uA]) is high relative to spec range, indicating insufficient prediction confidence.",UNREVIEWED,PENDING,,,,10.338893,10.840578,16.077255390420717,MEDIUM,4.854256,5.048065,6.5372694923753,LOW,118.41842,117.779644,120.6878593207534,LOW
LOT_019,LOT_019_CMP_0015,MEDIUM,MEDIUM RISK — high prediction uncertainty present. Engineering review recommended.,"[MEDIUM] Iddq predicted drift from 0h to 168h is 18.12 [uA] (36.2% of spec range), exceeding moderate-drift threshold of 20% of spec range. | [MEDIUM] Module B 168h prediction interval width (21.5 [uA]) is high relative to spec range, indicating insufficient prediction confidence.",UNREVIEWED,PENDING,,,,8.914961,9.693323,27.033944177768173,MEDIUM,4.538453,4.634374,5.797195455856364,LOW,113.747062,114.853863,116.59731918876129,LOW
LOT_019,LOT_019_CMP_0016,LOW,LOW RISK — all evidence signals nominal. No immediate engineering concern.,,UNREVIEWED,PENDING,,,,12.805319,12.798724,13.334857160909594,LOW,5.200138,5.197346,6.007206278555318,LOW,118.707659,118.988214,121.30763267223523,LOW
LOT_019,LOT_019_CMP_0017,LOW,LOW RISK — all evidence signals nominal. No immediate engineering concern.,,UNREVIEWED,PENDING,,,,11.544903,11.983877,15.987578541407675,LOW,5.483927,5.538548,6.537441445434106,LOW,119.548283,121.68782,122.81892308094966,LOW
LOT_019,LOT_019_CMP_0018,MEDIUM,MEDIUM RISK — high prediction uncertainty present. Engineering review recommended.,"[MEDIUM] Module B 168h prediction interval width (24.54 [uA]) is high relative to spec range, indicating insufficient prediction confidence.",UNREVIEWED,PENDING,,,,10.797941,11.30806,15.80967710630998,MEDIUM,5.417333,5.392291,6.120939201626948,LOW,119.135169,120.874165,122.25922663111666,LOW
LOT_019,LOT_019_CMP_0019,LOW,LOW RISK — all evidence signals nominal. No immediate engineering concern.,,UNREVIEWED,PENDING,,,,11.259949,11.567289,19.18122500438705,LOW,5.192035,5.407592,6.962804016456015,LOW,123.839081,124.266753,126.53751857018526,LOW
LOT_019,LOT_019_CMP_0020,HIGH,HIGH RISK — observed measurement currently breaches reference limits. Immediate engineering review required.,"[MEDIUM] Module B 168h prediction interval width (21.25 [uA]) is high relative to spec range, indicating insufficient prediction confidence. | [HIGH] Observed measurement of leakage_current breaches reference limit (spec_min=0.0, spec_max=30.0). value_0h=33.04, value_24h=33.08 [nA]. | [HIGH] Module B predicts leakage_current at 33.34 [nA] by 168h, crossing spec_max=30. | [HIGH] Module B 168h prediction upper bound (36.88 [nA]) crosses spec_max=30. Also population anomalous. | [MEDIUM] leakage_current population anomaly score 46.655 >= strong threshold 6.0.",UNREVIEWED,PENDING,,,,8.083587,8.61096,13.352817171865777,MEDIUM,33.043387,33.077592,33.336843199627566,HIGH,116.747731,115.753623,118.87544516977043,LOW
LOT_019,LOT_019_CMP_0021,HIGH,HIGH RISK — observed measurement currently breaches reference limits. Immediate engineering review required.,"[MEDIUM] Module B 168h prediction interval width (19.86 [uA]) is high relative to spec range, indicating insufficient prediction confidence. | [HIGH] Observed measurement of leakage_current breaches reference limit (spec_min=0.0, spec_max=30.0). value_0h=40.99, value_24h=41.38 [nA]. | [HIGH] Module B predicts leakage_current at 42.64 [nA] by 168h, crossing spec_max=30. | [HIGH] Module B 168h prediction upper bound (46.19 [nA]) crosses spec_max=30. Also population anomalous. | [MEDIUM] leakage_current population anomaly score 59.988 >= strong threshold 6.0.",UNREVIEWED,PENDING,,,,9.573535,10.093912,14.06910634998129,MEDIUM,40.989551,41.376123,42.64471836103319,HIGH,128.50724,129.921441,131.5994237891834,LOW
LOT_019,LOT_019_CMP_0022,LOW,LOW RISK — all evidence signals nominal. No immediate engineering concern.,,UNREVIEWED,PENDING,,,,8.43966,8.602771,14.43984020313375,LOW,4.604656,4.580058,5.329977565505181,LOW,117.754824,117.079063,120.00512336146491,LOW
LOT_019,LOT_019_CMP_0023,LOW,LOW RISK — all evidence signals nominal. No immediate engineering concern.,,UNREVIEWED,PENDING,,,,7.800488,7.831567,10.186119872675981,LOW,5.569123,5.669581,6.822830241073163,LOW,103.073947,103.24359,105.49425691997953,LOW
LOT_019,LOT_019_CMP_0024,MEDIUM,MEDIUM RISK — high prediction uncertainty present. Engineering review recommended.,"[MEDIUM] Module B 168h prediction interval width (19.54 [uA]) is high relative to spec range, indicating insufficient prediction confidence.",UNREVIEWED,PENDING,,,,10.681102,11.381878,13.308792904453432,MEDIUM,4.404329,4.321841,4.879070594565585,LOW,113.904998,114.65739,116.63024626390843,LOW
LOT_019,LOT_019_CMP_0025,MEDIUM,"MEDIUM RISK — population outlier, high prediction uncertainty present. Engineering review recommended.","[MEDIUM] Module B 168h prediction interval width (30.65 [uA]) is high relative to spec range, indicating insufficient prediction confidence. | [MEDIUM] propagation_delay population anomaly score 3.858 >= anomaly threshold 3.5 (moderate).",UNREVIEWED,PENDING,,,,15.594441,16.088915,24.736352959541108,MEDIUM,7.084895,7.284652,8.739928382684914,LOW,142.331327,141.477834,144.73846506777954,MEDIUM
LOT_019,LOT_019_CMP_0026,LOW,LOW RISK — all evidence signals nominal. No immediate engineering concern.,,UNREVIEWED,PENDING,,,,12.22998,12.380236,14.197983581535349,LOW,5.240327,5.332644,6.4661036456568945,LOW,116.016152,115.946156,118.46695807032907,LOW
LOT_019,LOT_019_CMP_0027,LOW,LOW RISK — all evidence signals nominal. No immediate engineering concern.,,UNREVIEWED,PENDING,,,,8.389409,8.803767,11.837845003529585,LOW,4.503377,4.556129,5.572481269658453,LOW,119.782492,118.667216,121.89417890170373,LOW
LOT_019,LOT_019_CMP_0028,MEDIUM,MEDIUM RISK — high prediction uncertainty present. Engineering review recommended.,"[MEDIUM] Module B 168h prediction interval width (21.14 [uA]) is high relative to spec range, indicating insufficient prediction confidence.",UNREVIEWED,PENDING,,,,9.157777,9.900273,17.123273764369017,MEDIUM,5.168658,5.301199,6.573672461464564,LOW,122.039856,122.789816,124.8371361513012,LOW
LOT_019,LOT_019_CMP_0029,LOW,LOW RISK — all evidence signals nominal. No immediate engineering concern.,,UNREVIEWED,PENDING,,,,11.039781,11.279125,17.124738260760175,LOW,5.419073,5.426359,6.265289945713415,LOW,124.886834,125.365756,127.61294268973685,LOW
LOT_019,LOT_019_CMP_0030,LOW,LOW RISK — all evidence signals nominal. No immediate engineering concern.,,UNREVIEWED,PENDING,,,,10.7576,11.138138,14.864624139441023,LOW,5.121527,5.25925,6.550553709222631,LOW,115.308467,116.294437,118.12961385483943,LOW
LOT_019,LOT_019_CMP_0031,MEDIUM,MEDIUM RISK — high prediction uncertainty present. Engineering review recommended.,"[MEDIUM] Module B 168h prediction interval width (19.84 [uA]) is high relative to spec range, indicating insufficient prediction confidence.",UNREVIEWED,PENDING,,,,8.481897,8.938469,16.617872467344736,MEDIUM,4.4728,4.835023,6.908243363054234,LOW,120.322534,120.110449,122.76124535366675,LOW
LOT_019,LOT_019_CMP_0032,MEDIUM,MEDIUM RISK — high prediction uncertainty present. Engineering review recommended.,"[MEDIUM] Module B 168h prediction interval width (22.28 [uA]) is high relative to spec range, indicating insufficient prediction confidence.",UNREVIEWED,PENDING,,,,12.188769,12.461407,17.779025489616515,MEDIUM,4.835323,4.961519,6.220442377976317,LOW,122.450472,123.878474,125.49330195613982,LOW
LOT_019,LOT_019_CMP_0033,MEDIUM,MEDIUM RISK — high prediction uncertainty present. Engineering review recommended.,"[MEDIUM] Iddq predicted drift from 0h to 168h is 11.33 [uA] (22.7% of spec range), exceeding moderate-drift threshold of 20% of spec range. | [MEDIUM] Module B 168h prediction interval width (33.07 [uA]) is high relative to spec range, indicating insufficient prediction confidence.",UNREVIEWED,PENDING,,,,12.619061,13.164432,23.948641296887985,MEDIUM,5.187858,5.377645,6.845013855805706,LOW,119.54783,121.831168,122.86976249848324,LOW
LOT_019,LOT_019_CMP_0034,LOW,LOW RISK — all evidence signals nominal. No immediate engineering concern.,,UNREVIEWED,PENDING,,,,10.953016,11.090316,14.385148418092891,LOW,5.600108,5.930765,7.868855982027754,LOW,119.338134,121.27564,122.53482266389287,LOW
LOT_019,LOT_019_CMP_0035,MEDIUM,MEDIUM RISK — high prediction uncertainty present. Engineering review recommended.,"[MEDIUM] Iddq predicted drift from 0h to 168h is 20.83 [uA] (41.7% of spec range), exceeding moderate-drift threshold of 20% of spec range. | [MEDIUM] Module B 168h prediction interval width (20.05 [uA]) is high relative to spec range, indicating insufficient prediction confidence.",UNREVIEWED,PENDING,,,,8.163136,8.277149,28.991747818988152,MEDIUM,4.335143,4.45499,5.704405636925508,LOW,116.909647,117.83653,119.72406518625579,LOW
LOT_019,LOT_019_CMP_0036,LOW,LOW RISK — all evidence signals nominal. No immediate engineering concern.,,UNREVIEWED,PENDING,,,,10.736625,11.027845,16.988986798483115,LOW,5.589698,5.682783,6.810370391520916,LOW,114.841176,117.09688,118.11107289790812,LOW
LOT_019,LOT_019_CMP_0037,MEDIUM,MEDIUM RISK — high prediction uncertainty present. Engineering review recommended.,"[MEDIUM] Module B 168h prediction interval width (18.73 [uA]) is high relative to spec range, indicating insufficient prediction confidence.",UNREVIEWED,PENDING,,,,10.677263,11.204265,15.80967710630998,MEDIUM,5.444057,5.675643,7.279430185144682,LOW,121.687142,120.518133,123.79672960922046,LOW
LOT_019,LOT_019_CMP_0038,LOW,LOW RISK — all evidence signals nominal. No immediate engineering concern.,,UNREVIEWED,PENDING,,,,10.197754,10.311116,13.616111426322796,LOW,5.236744,5.54556,7.417948048924915,LOW,125.44785,125.591854,128.0595147119269,LOW
LOT_019,LOT_019_CMP_0039,LOW,LOW RISK — all evidence signals nominal. No immediate engineering concern.,,UNREVIEWED,PENDING,,,,12.580006,12.515039,13.334857160909594,LOW,5.92672,5.866165,6.461235608787702,LOW,126.80165,129.859563,130.4648918549186,LOW
LOT_019,LOT_019_CMP_0040,HIGH,HIGH RISK — observed measurement currently breaches reference limits. Immediate engineering review required.,"[HIGH] Observed measurement of Iddq breaches reference limit (spec_min=0.0, spec_max=50.0). value_0h=62.65, value_24h=62.66 [uA]. | [HIGH] Module B predicts Iddq at 75.96 [uA] by 168h, crossing spec_max=50. | [HIGH] Module B 168h prediction upper bound (76.67 [uA]) crosses spec_max=50. Also population anomalous. | [MEDIUM] Iddq population anomaly score 31.891 >= strong threshold 6.0. | [MEDIUM] Iddq predicted drift from 0h to 168h is 13.31 [uA] (26.6% of spec range), exceeding moderate-drift threshold of 20% of spec range. | [MEDIUM] Module B 168h prediction interval width (62.7 [uA]) is high relative to spec range, indicating insufficient prediction confidence.",UNREVIEWED,PENDING,,,,62.647729,62.655587,75.95914837163025,HIGH,4.914962,4.835783,5.391891683651231,LOW,117.906098,119.245019,120.87642732410251,LOW
LOT_019,LOT_019_CMP_0041,MEDIUM,MEDIUM RISK — high prediction uncertainty present. Engineering review recommended.,"[MEDIUM] Module B 168h prediction interval width (22.92 [uA]) is high relative to spec range, indicating insufficient prediction confidence.",UNREVIEWED,PENDING,,,,13.593072,13.798153,18.814926838980753,MEDIUM,5.677749,5.817131,7.100574613984218,LOW,125.154099,124.770553,127.57494445745328,LOW
LOT_019,LOT_019_CMP_0042,MEDIUM,MEDIUM RISK — high prediction uncertainty present. Engineering review recommended.,"[MEDIUM] Iddq predicted drift from 0h to 168h is 16.94 [uA] (33.9% of spec range), exceeding moderate-drift threshold of 20% of spec range. | [MEDIUM] Module B 168h prediction interval width (25.87 [uA]) is high relative to spec range, indicating insufficient prediction confidence.",UNREVIEWED,PENDING,,,,11.287224,11.888047,28.226966820661772,MEDIUM,5.573474,5.948711,8.039586623248503,LOW,118.806365,118.970545,121.3657100972204,LOW
LOT_019,LOT_019_CMP_0043,MEDIUM,MEDIUM RISK — high prediction uncertainty present. Engineering review recommended.,"[MEDIUM] Iddq predicted drift from 0h to 168h is 15.23 [uA] (30.5% of spec range), exceeding moderate-drift threshold of 20% of spec range. | [MEDIUM] Module B 168h prediction interval width (32.09 [uA]) is high relative to spec range, indicating insufficient prediction confidence.",UNREVIEWED,PENDING,,,,10.892102,11.344663,26.126147278610215,MEDIUM,4.273924,4.498655,6.107494151284463,LOW,116.971768,116.692283,119.3564090916547,LOW
LOT_019,LOT_019_CMP_0044,MEDIUM,MEDIUM RISK — high prediction uncertainty present. Engineering review recommended.,"[MEDIUM] Module B 168h prediction interval width (17.5 [uA]) is high relative to spec range, indicating insufficient prediction confidence.",UNREVIEWED,PENDING,,,,11.579707,12.056877,18.3037453393232,MEDIUM,5.936605,6.037331,7.182561370652602,LOW,111.909197,115.466293,115.61704996798125,LOW
LOT_019,LOT_019_CMP_0045,LOW,LOW RISK — all evidence signals nominal. No immediate engineering concern.,,UNREVIEWED,PENDING,,,,12.790228,12.982961,17.44408913936071,LOW,5.484128,5.519778,6.453924651245563,LOW,124.040061,125.125986,126.97511064804067,LOW
LOT_019,LOT_019_CMP_0046,LOW,LOW RISK — all evidence signals nominal. No immediate engineering concern.,,UNREVIEWED,PENDING,,,,11.752499,11.898583,15.132419456553658,LOW,5.425542,5.447599,6.336781346381554,LOW,124.6277,125.214632,127.39001566073235,LOW
LOT_019,LOT_019_CMP_0047,LOW,LOW RISK — all evidence signals nominal. No immediate engineering concern.,,UNREVIEWED,PENDING,,,,10.444801,10.498286,11.898067060143449,LOW,4.905965,5.087397,6.5331057379145525,LOW,117.988226,118.611862,120.70413591069912,LOW
LOT_019,LOT_019_CMP_0048,LOW,LOW RISK — all evidence signals nominal. No immediate engineering concern.,,UNREVIEWED,PENDING,,,,9.360878,9.351799,11.940706712579077,LOW,4.733358,4.799437,5.855679198856844,LOW,113.431338,114.077916,116.1145958126836,LOW
LOT_019,LOT_019_CMP_0049,LOW,LOW RISK — all evidence signals nominal. No immediate engineering concern.,,UNREVIEWED,PENDING,,,,8.915004,9.059907,14.851493006989932,LOW,4.110231,4.160951,5.179926067172747,LOW,116.235155,116.930416,118.96090496523863,LOW
LOT_019,LOT_019_CMP_0050,MEDIUM,MEDIUM RISK — high prediction uncertainty present. Engineering review recommended.,"[MEDIUM] Iddq predicted drift from 0h to 168h is 21.08 [uA] (42.2% of spec range), exceeding moderate-drift threshold of 20% of spec range. | [MEDIUM] Module B 168h prediction interval width (35.15 [uA]) is high relative to spec range, indicating insufficient prediction confidence.",UNREVIEWED,PENDING,,,,6.829337,7.359008,27.907296401780265,MEDIUM,4.317017,4.223209,4.743929633567463,LOW,120.17944,119.994867,122.62668307556548,LOW
LOT_019,LOT_019_CMP_0051,LOW,LOW RISK — all evidence signals nominal. No immediate engineering concern.,,UNREVIEWED,PENDING,,,,10.92468,11.061718,14.385148418092891,LOW,5.438973,5.614797,7.02841004523577,LOW,123.929165,124.873829,126.81283045653406,LOW
LOT_019,LOT_019_CMP_0052,LOW,LOW RISK — all evidence signals nominal. No immediate engineering concern.,,UNREVIEWED,PENDING,,,,9.819934,10.232346,15.380907211055726,LOW,4.162839,4.165412,5.018797978168797,LOW,118.478764,117.883298,120.764193563565,LOW
LOT_019,LOT_019_CMP_0053,LOW,LOW RISK — all evidence signals nominal. No immediate engineering concern.,,UNREVIEWED,PENDING,,,,9.948151,9.907067,11.820392775448628,LOW,4.345398,4.539862,6.043672107377803,LOW,129.588371,130.267912,132.42817638474872,LOW
LOT_019,LOT_019_CMP_0054,MEDIUM,MEDIUM RISK — high prediction uncertainty present. Engineering review recommended.,"[MEDIUM] Module B 168h prediction interval width (19.38 [uA]) is high relative to spec range, indicating insufficient prediction confidence.",UNREVIEWED,PENDING,,,,11.55211,12.279053,15.079213928608866,MEDIUM,5.77373,5.860751,6.963170105978889,LOW,135.081137,135.427968,137.85148125020893,LOW
LOT_019,LOT_019_CMP_0055,MEDIUM,MEDIUM RISK — high prediction uncertainty present. Engineering review recommended.,"[MEDIUM] Module B 168h prediction interval width (20.11 [uA]) is high relative to spec range, indicating insufficient prediction confidence.",UNREVIEWED,PENDING,,,,10.117435,10.789806,16.970616341487005,MEDIUM,5.343962,5.434176,6.557939423155041,LOW,116.658505,117.804982,119.54900585358965,LOW
LOT_019,LOT_019_CMP_0056,MEDIUM,MEDIUM RISK — high prediction uncertainty present. Engineering review recommended.,"[MEDIUM] Iddq predicted drift from 0h to 168h is 12.77 [uA] (25.5% of spec range), exceeding moderate-drift threshold of 20% of spec range. | [MEDIUM] Module B 168h prediction interval width (32.63 [uA]) is high relative to spec range, indicating insufficient prediction confidence.",UNREVIEWED,PENDING,,,,13.180178,13.895926,25.94933776950141,MEDIUM,5.84732,6.073647,7.649683611074557,LOW,122.123304,122.087206,124.64093052849182,LOW
LOT_019,LOT_019_CMP_0057,LOW,LOW RISK — all evidence signals nominal. No immediate engineering concern.,,UNREVIEWED,PENDING,,,,9.658042,9.938223,15.248416042154425,LOW,4.626864,4.633082,5.487626764969417,LOW,121.771213,121.240703,124.10931840567581,LOW
LOT_019,LOT_019_CMP_0058,MEDIUM,MEDIUM RISK — high prediction uncertainty present. Engineering review recommended.,"[MEDIUM] Iddq predicted drift from 0h to 168h is 10.61 [uA] (21.2% of spec range), exceeding moderate-drift threshold of 20% of spec range. | [MEDIUM] Module B 168h prediction interval width (19.63 [uA]) is high relative to spec range, indicating insufficient prediction confidence.",UNREVIEWED,PENDING,,,,8.892993,9.350034,19.50365725169058,MEDIUM,4.837785,5.147728,7.033660808890697,LOW,112.15477,112.758983,114.8114756424128,LOW
LOT_019,LOT_019_CMP_0059,LOW,LOW RISK — all evidence signals nominal. No immediate engineering concern.,,UNREVIEWED,PENDING,,,,8.487366,8.856007,15.584883266555783,LOW,4.0247,4.291273,6.048964032229193,LOW,120.330278,120.538256,122.91890299377647,LOW
LOT_019,LOT_019_CMP_0060,MEDIUM,MEDIUM RISK — high prediction uncertainty present. Engineering review recommended.,"[MEDIUM] Iddq predicted drift from 0h to 168h is 10.04 [uA] (20.1% of spec range), exceeding moderate-drift threshold of 20% of spec range. | [MEDIUM] Module B 168h prediction interval width (25.87 [uA]) is high relative to spec range, indicating insufficient prediction confidence.",UNREVIEWED,PENDING,,,,11.358343,11.950871,21.398166080075633,MEDIUM,5.246086,5.507098,7.216119302535866,LOW,121.219265,121.213126,123.73947703513583,LOW
LOT_019,LOT_019_CMP_0061,LOW,LOW RISK — all evidence signals nominal. No immediate engineering concern.,,UNREVIEWED,PENDING,,,,12.084403,12.308875,16.380868409210418,LOW,4.922525,5.037619,6.256534954574591,LOW,123.362457,123.59361,125.9865214059256,LOW
LOT_019,LOT_019_CMP_0062,LOW,LOW RISK — all evidence signals nominal. No immediate engineering concern.,,UNREVIEWED,PENDING,,,,9.640769,9.615911,11.491493842874233,LOW,4.624306,5.017881,7.194412530185398,LOW,114.087076,115.420673,117.02128250705913,LOW
LOT_019,LOT_019_CMP_0063,LOW,LOW RISK — all evidence signals nominal. No immediate engineering concern.,,UNREVIEWED,PENDING,,,,8.83846,9.23195,15.005462506344193,LOW,4.333923,4.333576,5.172837916386946,LOW,112.412006,114.280694,115.52207845334564,LOW
LOT_019,LOT_019_CMP_0064,LOW,LOW RISK — all evidence signals nominal. No immediate engineering concern.,,UNREVIEWED,PENDING,,,,12.560269,12.755791,16.74681795663593,LOW,5.925442,6.081622,7.4163703695551035,LOW,111.704781,112.073129,114.27331671798902,LOW
LOT_019,LOT_019_CMP_0065,LOW,LOW RISK — all evidence signals nominal. No immediate engineering concern.,,UNREVIEWED,PENDING,,,,8.412038,8.629446,13.863343999878886,LOW,4.657907,4.727796,5.798874710571278,LOW,122.67718,122.469039,125.13839909224254,LOW
LOT_019,LOT_019_CMP_0066,MEDIUM,MEDIUM RISK — elevated predicted drift present. Engineering review recommended.,"[MEDIUM] Iddq predicted drift from 0h to 168h is 11.7 [uA] (23.4% of spec range), exceeding moderate-drift threshold of 20% of spec range.",UNREVIEWED,PENDING,,,,11.995988,12.162595,23.691094450870214,MEDIUM,5.152878,5.485075,7.439293643330604,LOW,126.713587,126.04321,129.04608967358072,LOW
LOT_019,LOT_019_CMP_0067,LOW,LOW RISK — all evidence signals nominal. No immediate engineering concern.,,UNREVIEWED,PENDING,,,,9.676742,9.997351,16.350783495311262,LOW,5.468656,5.470444,6.289406683824116,LOW,120.370894,122.722634,123.72460253374538,LOW
LOT_019,LOT_019_CMP_0068,LOW,LOW RISK — all evidence signals nominal. No immediate engineering concern.,,UNREVIEWED,PENDING,,,,10.864591,11.290185,16.211266816963786,LOW,4.86869,4.780775,5.308195401491796,LOW,120.938345,120.685511,123.36803893827184,LOW
LOT_019,LOT_019_CMP_0069,MEDIUM,MEDIUM RISK — high prediction uncertainty present. Engineering review recommended.,"[MEDIUM] Iddq predicted drift from 0h to 168h is 10.2 [uA] (20.4% of spec range), exceeding moderate-drift threshold of 20% of spec range. | [MEDIUM] Module B 168h prediction interval width (19.01 [uA]) is high relative to spec range, indicating insufficient prediction confidence.",UNREVIEWED,PENDING,,,,11.763984,12.296411,21.968184199080106,MEDIUM,5.414801,5.607493,7.079258712050598,LOW,109.769814,109.193262,111.98394646288635,LOW
LOT_019,LOT_019_CMP_0070,MEDIUM,MEDIUM RISK — high prediction uncertainty present. Engineering review recommended.,"[MEDIUM] Module B 168h prediction interval width (19.16 [uA]) is high relative to spec range, indicating insufficient prediction confidence.",UNREVIEWED,PENDING,,,,11.008266,11.525302,18.50898587947579,MEDIUM,5.068529,5.001235,5.594170151972579,LOW,117.104182,118.398439,120.05139258752962,LOW
LOT_019,LOT_019_CMP_0071,HIGH,HIGH RISK — observed measurement currently breaches reference limits. Immediate engineering review required.,"[HIGH] Observed measurement of propagation_delay breaches reference limit (spec_min=80.0, spec_max=180.0). value_0h=219.5, value_24h=218.2 [ps]. | [HIGH] Module B predicts propagation_delay at 222.4 [ps] by 168h, crossing spec_max=180. | [HIGH] Module B 168h prediction upper bound (225.9 [ps]) crosses spec_max=180. Also population anomalous. | [MEDIUM] propagation_delay population anomaly score 17.102 >= strong threshold 6.0.",UNREVIEWED,PENDING,,,,10.144237,10.509264,15.196533238367795,LOW,5.489796,5.384204,5.83619944440127,LOW,219.502997,218.183118,222.43533000871872,HIGH
LOT_019,LOT_019_CMP_0072,MEDIUM,MEDIUM RISK — high prediction uncertainty present. Engineering review recommended.,"[MEDIUM] Iddq predicted drift from 0h to 168h is 10.89 [uA] (21.8% of spec range), exceeding moderate-drift threshold of 20% of spec range. | [MEDIUM] Module B 168h prediction interval width (19.49 [uA]) is high relative to spec range, indicating insufficient prediction confidence.",UNREVIEWED,PENDING,,,,12.393281,13.042581,23.284835093728308,MEDIUM,5.879814,6.121386,7.748658954576516,LOW,116.021831,117.60219,119.06140012213575,LOW
LOT_019,LOT_019_CMP_0073,LOW,LOW RISK — all evidence signals nominal. No immediate engineering concern.,,UNREVIEWED,PENDING,,,,10.974535,11.29993,19.46168979374613,LOW,5.620884,5.917438,7.738641372322494,LOW,111.206393,112.254111,114.01280632892136,LOW
LOT_019,LOT_019_CMP_0074,LOW,LOW RISK — all evidence signals nominal. No immediate engineering concern.,,UNREVIEWED,PENDING,,,,15.833357,15.742812,15.57120879055915,LOW,6.493103,6.484989,7.245255097108904,LOW,123.432223,122.943781,125.80021975540024,LOW
LOT_019,LOT_019_CMP_0075,MEDIUM,"MEDIUM RISK — population outlier, high prediction uncertainty present. Engineering review recommended.","[MEDIUM] Module B 168h prediction interval width (20.28 [uA]) is high relative to spec range, indicating insufficient prediction confidence. | [MEDIUM] leakage_current population anomaly score 3.671 >= anomaly threshold 3.5 (moderate).",UNREVIEWED,PENDING,,,,7.860085,8.302117,13.261105027280939,MEDIUM,3.050864,3.221506,4.6754893534064275,MEDIUM,115.11156,115.780077,117.81770094145233,LOW
LOT_019,LOT_019_CMP_0076,HIGH,HIGH RISK — observed measurement currently breaches reference limits. Immediate engineering review required.,"[HIGH] Observed measurement of leakage_current breaches reference limit (spec_min=0.0, spec_max=30.0). value_0h=41.32, value_24h=41.43 [nA]. | [HIGH] Module B predicts leakage_current at 41.72 [nA] by 168h, crossing spec_max=30. | [HIGH] Module B 168h prediction upper bound (45.27 [nA]) crosses spec_max=30. Also population anomalous. | [MEDIUM] leakage_current population anomaly score 60.549 >= strong threshold 6.0.",UNREVIEWED,PENDING,,,,8.050269,8.369957,15.946215699145473,LOW,41.323769,41.427429,41.722412076919746,HIGH,115.428616,115.404514,117.89052818498503,LOW
LOT_019,LOT_019_CMP_0077,LOW,LOW RISK — all evidence signals nominal. No immediate engineering concern.,,UNREVIEWED,PENDING,,,,11.664433,12.081546,15.133266942639661,LOW,6.11974,6.053893,6.626211412593412,LOW,126.976236,127.322439,129.67372525979886,LOW
LOT_019,LOT_019_CMP_0078,LOW,LOW RISK — all evidence signals nominal. No immediate engineering concern.,,UNREVIEWED,PENDING,,,,10.388385,10.617623,16.45157798707146,LOW,4.794449,4.91163,6.140781733654491,LOW,129.297837,128.740607,131.693859707631,LOW
LOT_019,LOT_019_CMP_0079,LOW,LOW RISK — all evidence signals nominal. No immediate engineering concern.,,UNREVIEWED,PENDING,,,,11.698775,12.06082,15.466105024503175,LOW,4.542805,4.566693,5.483583249078277,LOW,123.487401,124.76517,126.48593236432937,LOW
LOT_019,LOT_019_CMP_0080,LOW,LOW RISK — all evidence signals nominal. No immediate engineering concern.,,UNREVIEWED,PENDING,,,,9.013546,9.308432,15.51995502075042,LOW,4.868796,4.811955,5.445418370246339,LOW,115.915766,117.263736,118.87148717950417,LOW
LOT_019,LOT_019_CMP_0081,MEDIUM,MEDIUM RISK — high prediction uncertainty present. Engineering review recommended.,"[MEDIUM] Module B 168h prediction interval width (19.95 [uA]) is high relative to spec range, indicating insufficient prediction confidence.",UNREVIEWED,PENDING,,,,10.404809,11.117719,14.028469222581098,MEDIUM,5.322111,5.37724,6.381800824108808,LOW,128.235827,129.227362,131.17480577683105,LOW
LOT_019,LOT_019_CMP_0082,MEDIUM,MEDIUM RISK — high prediction uncertainty present. Engineering review recommended.,"[MEDIUM] Module B 168h prediction interval width (17.63 [uA]) is high relative to spec range, indicating insufficient prediction confidence.",UNREVIEWED,PENDING,,,,10.794883,11.256047,18.746062529698904,MEDIUM,4.895578,5.033095,6.329188505894702,LOW,112.273093,112.376527,114.75222184417404,LOW
LOT_019,LOT_019_CMP_0083,MEDIUM,MEDIUM RISK — high prediction uncertainty present. Engineering review recommended.,"[MEDIUM] Module B 168h prediction interval width (20.76 [uA]) is high relative to spec range, indicating insufficient prediction confidence.",UNREVIEWED,PENDING,,,,9.585913,10.154241,16.672855980673795,MEDIUM,4.750387,4.863075,6.077964717823316,LOW,107.420257,106.955316,109.653147934972,LOW
LOT_019,LOT_019_CMP_0084,MEDIUM,MEDIUM RISK — high prediction uncertainty present. Engineering review recommended.,"[MEDIUM] Module B 168h prediction interval width (19.61 [uA]) is high relative to spec range, indicating insufficient prediction confidence.",UNREVIEWED,PENDING,,,,10.620588,11.429041,12.507979750911755,MEDIUM,4.807109,4.980912,6.40298860419074,LOW,115.687005,116.546716,118.46650515068922,LOW
LOT_019,LOT_019_CMP_0085,LOW,LOW RISK — all evidence signals nominal. No immediate engineering concern.,,UNREVIEWED,PENDING,,,,8.554005,8.948262,12.561591538181835,LOW,4.642049,4.864168,6.455144137906828,LOW,118.864613,121.353951,122.2539069530088,LOW
LOT_019,LOT_019_CMP_0086,LOW,LOW RISK — all evidence signals nominal. No immediate engineering concern.,,UNREVIEWED,PENDING,,,,10.959869,11.259802,18.359322340589287,LOW,5.272594,5.421162,6.74580376764562,LOW,123.172204,122.625041,125.5169237633495,LOW
LOT_019,LOT_019_CMP_0087,MEDIUM,MEDIUM RISK — high prediction uncertainty present. Engineering review recommended.,"[MEDIUM] Module B 168h prediction interval width (19.52 [uA]) is high relative to spec range, indicating insufficient prediction confidence.",UNREVIEWED,PENDING,,,,12.160768,12.809302,20.622123349741493,MEDIUM,5.083736,5.224201,6.525780968582872,LOW,115.459981,118.857329,119.14266877031675,LOW
LOT_019,LOT_019_CMP_0088,LOW,LOW RISK — all evidence signals nominal. No immediate engineering concern.,,UNREVIEWED,PENDING,,,,8.655115,8.580963,13.08933589055083,LOW,4.620198,4.661984,5.638072934091049,LOW,113.770119,112.635123,115.8208923475906,LOW
LOT_019,LOT_019_CMP_0089,MEDIUM,MEDIUM RISK — elevated predicted drift present. Engineering review recommended.,"[MEDIUM] Iddq predicted drift from 0h to 168h is 12.48 [uA] (25.0% of spec range), exceeding moderate-drift threshold of 20% of spec range.",UNREVIEWED,PENDING,,,,8.60078,8.675891,21.084507217034904,MEDIUM,4.24779,4.258942,5.1395401854861165,LOW,109.475406,110.214887,112.1563534833503,LOW
LOT_019,LOT_019_CMP_0090,LOW,LOW RISK — all evidence signals nominal. No immediate engineering concern.,,UNREVIEWED,PENDING,,,,12.271788,12.401225,14.197983581535349,LOW,6.198887,6.146203,6.76151842923829,LOW,115.058922,116.250388,117.95113681605794,LOW
LOT_019,LOT_019_CMP_0091,LOW,LOW RISK — all evidence signals nominal. No immediate engineering concern.,,UNREVIEWED,PENDING,,,,8.6534,8.990016,17.68176701163138,LOW,5.031129,5.06974,6.025003971589031,LOW,124.449346,125.182361,127.26217387419709,LOW
LOT_019,LOT_019_CMP_0092,LOW,LOW RISK — all evidence signals nominal. No immediate engineering concern.,,UNREVIEWED,PENDING,,,,11.555542,11.904044,15.648447566720337,LOW,5.298431,5.454425,6.803781215842317,LOW,120.983534,119.715784,123.05159358012843,LOW
LOT_019,LOT_019_CMP_0093,LOW,LOW RISK — all evidence signals nominal. No immediate engineering concern.,,UNREVIEWED,PENDING,,,,10.60577,10.522917,11.178390742015784,LOW,5.220913,5.190769,5.90678068004313,LOW,128.661481,128.841878,131.31492628670125,LOW
LOT_019,LOT_019_CMP_0094,LOW,LOW RISK — all evidence signals nominal. No immediate engineering concern.,,UNREVIEWED,PENDING,,,,10.017145,10.154233,13.531095947601422,LOW,5.325663,5.36897,6.333099799878873,LOW,114.117619,114.298063,116.64074820547576,LOW
LOT_019,LOT_019_CMP_0095,HIGH,HIGH RISK — observed measurement currently breaches reference limits. Immediate engineering review required.,"[MEDIUM] Module B 168h prediction interval width (19.51 [uA]) is high relative to spec range, indicating insufficient prediction confidence. | [HIGH] Observed measurement of propagation_delay breaches reference limit (spec_min=80.0, spec_max=180.0). value_0h=189.5, value_24h=190.3 [ps]. | [HIGH] Module B predicts propagation_delay at 192.9 [ps] by 168h, crossing spec_max=180. | [HIGH] Module B 168h prediction upper bound (196.3 [ps]) crosses spec_max=180. Also population anomalous. | [MEDIUM] propagation_delay population anomaly score 12.222 >= strong threshold 6.0.",UNREVIEWED,PENDING,,,,12.258093,13.100785,20.555446242990012,MEDIUM,5.506818,5.698943,7.166536795401703,LOW,189.457401,190.25708,192.8765700253161,HIGH
LOT_019,LOT_019_CMP_0096,LOW,LOW RISK — all evidence signals nominal. No immediate engineering concern.,,UNREVIEWED,PENDING,,,,11.72428,11.880933,14.618117838163592,LOW,5.643741,5.770636,7.012292240728854,LOW,122.805379,123.456901,125.57440462613981,LOW
LOT_019,LOT_019_CMP_0097,LOW,LOW RISK — all evidence signals nominal. No immediate engineering concern.,,UNREVIEWED,PENDING,,,,10.835669,10.977816,13.80668967783565,LOW,5.834716,5.914432,6.990438929229412,LOW,125.049822,124.891758,127.55016659409657,LOW
LOT_019,LOT_019_CMP_0098,LOW,LOW RISK — all evidence signals nominal. No immediate engineering concern.,,UNREVIEWED,PENDING,,,,7.285787,7.514227,15.071922404067267,LOW,4.034346,4.064622,5.0156730454369995,LOW,116.709986,116.817609,119.23036975289578,LOW
LOT_019,LOT_019_CMP_0099,LOW,LOW RISK — all evidence signals nominal. No immediate engineering concern.,,UNREVIEWED,PENDING,,,,11.318877,11.604666,17.936606303754346,LOW,6.016669,6.085885,7.121635545967645,LOW,126.703424,125.674985,128.90810825965474,LOW
LOT_019,LOT_019_CMP_0100,LOW,LOW RISK — all evidence signals nominal. No immediate engineering concern.,,UNREVIEWED,PENDING,,,,8.964867,9.222512,14.897895054510183,LOW,5.20246,5.287631,6.397624195870371,LOW,119.979076,121.34597,122.97796052193247,LOW
LOT_020,LOT_020_CMP_0001,MEDIUM,MEDIUM RISK — high prediction uncertainty present. Engineering review recommended.,"[MEDIUM] Iddq predicted drift from 0h to 168h is 13.59 [uA] (27.2% of spec range), exceeding moderate-drift threshold of 20% of spec range. | [MEDIUM] Module B 168h prediction interval width (20.47 [uA]) is high relative to spec range, indicating insufficient prediction confidence.",UNREVIEWED,PENDING,,,,9.763394,10.425609,23.350475157689775,MEDIUM,4.726294,4.766478,5.734520636316723,LOW,115.425165,116.501208,118.27948833359956,LOW
LOT_020,LOT_020_CMP_0002,LOW,LOW RISK — all evidence signals nominal. No immediate engineering concern.,,UNREVIEWED,PENDING,,,,8.940412,9.296064,13.395592361708324,LOW,4.602255,4.740136,6.044602387218688,LOW,121.455085,121.764805,124.09008305280625,LOW
LOT_020,LOT_020_CMP_0003,LOW,LOW RISK — all evidence signals nominal. No immediate engineering concern.,,UNREVIEWED,PENDING,,,,10.536343,10.858406,18.811030569767624,LOW,4.414136,4.56847,5.9336583357255535,LOW,121.002343,122.251221,123.9682988998792,LOW
LOT_020,LOT_020_CMP_0004,LOW,LOW RISK — all evidence signals nominal. No immediate engineering concern.,,UNREVIEWED,PENDING,,,,10.287763,10.446411,13.346721974913487,LOW,4.950538,4.97574,5.887202539803595,LOW,126.380051,125.861611,128.7637634746965,LOW
LOT_020,LOT_020_CMP_0005,MEDIUM,MEDIUM RISK — high prediction uncertainty present. Engineering review recommended.,"[MEDIUM] Module B 168h prediction interval width (17.76 [uA]) is high relative to spec range, indicating insufficient prediction confidence.",UNREVIEWED,PENDING,,,,10.619348,11.077044,19.095737794807942,MEDIUM,4.586919,4.639826,5.654676333083029,LOW,120.980337,121.479031,123.67849118482192,LOW
LOT_020,LOT_020_CMP_0006,LOW,LOW RISK — all evidence signals nominal. No immediate engineering concern.,,UNREVIEWED,PENDING,,,,8.124052,8.349437,13.863343999878886,LOW,4.284759,4.437372,5.799832265517284,LOW,117.778994,119.27242,120.80329909069992,LOW
LOT_020,LOT_020_CMP_0007,MEDIUM,MEDIUM RISK — high prediction uncertainty present. Engineering review recommended.,"[MEDIUM] Module B 168h prediction interval width (19.39 [uA]) is high relative to spec range, indicating insufficient prediction confidence.",UNREVIEWED,PENDING,,,,10.863679,11.54005,18.361376277771306,MEDIUM,4.63711,4.852332,6.41989096691478,LOW,126.048842,124.601383,128.0981881259224,LOW
LOT_020,LOT_020_CMP_0008,LOW,LOW RISK — all evidence signals nominal. No immediate engineering concern.,,UNREVIEWED,PENDING,,,,9.798266,9.778113,11.820392775448628,LOW,5.041704,5.182227,6.485026699589755,LOW,114.857663,117.074703,118.11391547983526,LOW
LOT_020,LOT_020_CMP_0009,MEDIUM,MEDIUM RISK — high prediction uncertainty present. Engineering review recommended.,"[MEDIUM] Module B 168h prediction interval width (18.09 [uA]) is high relative to spec range, indicating insufficient prediction confidence.",UNREVIEWED,PENDING,,,,11.146601,11.61687,18.21590993357297,MEDIUM,5.542614,5.503806,6.18242970645766,LOW,128.348782,129.378001,131.30221558770296,LOW
LOT_020,LOT_020_CMP_0010,LOW,LOW RISK — all evidence signals nominal. No immediate engineering concern.,,UNREVIEWED,PENDING,,,,11.020809,10.926122,12.936493503322856,LOW,4.570762,4.582899,5.459007240699696,LOW,121.614093,124.505852,125.17157706069239,LOW
LOT_020,LOT_020_CMP_0011,LOW,LOW RISK — all evidence signals nominal. No immediate engineering concern.,,UNREVIEWED,PENDING,,,,10.750835,11.123405,14.864624139441023,LOW,4.975211,5.159292,6.612357554429149,LOW,116.097653,117.537269,119.08769595884803,LOW
LOT_020,LOT_020_CMP_0012,MEDIUM,MEDIUM RISK — high prediction uncertainty present. Engineering review recommended.,"[MEDIUM] Module B 168h prediction interval width (21.01 [uA]) is high relative to spec range, indicating insufficient prediction confidence.",UNREVIEWED,PENDING,,,,9.336013,10.043374,11.56822214812473,MEDIUM,5.215658,5.348932,6.622764386668877,LOW,114.61765,115.683054,117.46094176931308,LOW
LOT_020,LOT_020_CMP_0013,LOW,LOW RISK — all evidence signals nominal. No immediate engineering concern.,,UNREVIEWED,PENDING,,,,10.521701,10.459273,11.898067060143449,LOW,4.555815,4.459885,4.967558764790606,LOW,121.788684,122.503899,124.57131912319939,LOW
LOT_020,LOT_020_CMP_0014,LOW,LOW RISK — all evidence signals nominal. No immediate engineering concern.,,UNREVIEWED,PENDING,,,,11.102102,11.492734,16.377423298882697,LOW,4.70725,4.817538,6.025285949633455,LOW,120.579068,119.806218,122.82004299861498,LOW
LOT_020,LOT_020_CMP_0015,MEDIUM,MEDIUM RISK — high prediction uncertainty present. Engineering review recommended.,"[MEDIUM] Module B 168h prediction interval width (20.05 [uA]) is high relative to spec range, indicating insufficient prediction confidence.",UNREVIEWED,PENDING,,,,10.271374,11.07698,13.227656069039421,MEDIUM,5.211501,5.342092,6.606869228957614,LOW,125.986523,126.975692,128.9045009480958,LOW
LOT_020,LOT_020_CMP_0016,LOW,LOW RISK — all evidence signals nominal. No immediate engineering concern.,,UNREVIEWED,PENDING,,,,9.955418,10.215987,16.606629020428006,LOW,4.245548,4.306914,5.358930884410488,LOW,119.516689,119.296212,121.9451853013285,LOW
LOT_020,LOT_020_CMP_0017,LOW,LOW RISK — all evidence signals nominal. No immediate engineering concern.,,UNREVIEWED,PENDING,,,,10.518373,10.885097,15.584300457568684,LOW,4.752792,4.711942,5.40279754982868,LOW,123.743673,124.29931,126.4869030671959,LOW
LOT_020,LOT_020_CMP_0018,LOW,LOW RISK — all evidence signals nominal. No immediate engineering concern.,,UNREVIEWED,PENDING,,,,8.978226,9.31943,16.31380634321901,LOW,3.984999,4.229075,5.910956152126214,LOW,115.009668,116.471564,117.99790881699609,LOW
LOT_020,LOT_020_CMP_0019,MEDIUM,MEDIUM RISK — high prediction uncertainty present. Engineering review recommended.,"[MEDIUM] Module B 168h prediction interval width (19.46 [uA]) is high relative to spec range, indicating insufficient prediction confidence.",UNREVIEWED,PENDING,,,,11.592862,12.186277,19.52706846724968,MEDIUM,5.557884,5.65278,6.787321147424953,LOW,124.582965,125.882891,127.5992179243506,LOW
LOT_020,LOT_020_CMP_0020,MEDIUM,MEDIUM RISK — high prediction uncertainty present. Engineering review recommended.,"[MEDIUM] Module B 168h prediction interval width (23.04 [uA]) is high relative to spec range, indicating insufficient prediction confidence.",UNREVIEWED,PENDING,,,,7.301337,7.847889,11.438259548748942,MEDIUM,3.667007,3.856088,5.35801931295509,LOW,123.03238,123.663889,125.79630085747499,LOW
LOT_020,LOT_020_CMP_0021,LOW,LOW RISK — all evidence signals nominal. No immediate engineering concern.,,UNREVIEWED,PENDING,,,,9.819334,10.215053,15.380907211055726,LOW,4.714026,4.792279,5.8905370965906485,LOW,120.880908,119.71586,122.9846836145431,LOW
LOT_020,LOT_020_CMP_0022,LOW,LOW RISK — all evidence signals nominal. No immediate engineering concern.,,UNREVIEWED,PENDING,,,,9.201223,9.430207,14.864585203108486,LOW,4.255898,4.329386,5.422519755051849,LOW,118.036341,118.627125,120.74096317058167,LOW
LOT_020,LOT_020_CMP_0023,LOW,LOW RISK — all evidence signals nominal. No immediate engineering concern.,,UNREVIEWED,PENDING,,,,8.954916,9.091104,12.872064405213589,LOW,4.849993,4.984477,6.271328023496875,LOW,115.215255,116.932154,118.29630244469539,LOW
LOT_020,LOT_020_CMP_0024,MEDIUM,MEDIUM RISK — high prediction uncertainty present. Engineering review recommended.,"[MEDIUM] Module B 168h prediction interval width (18.23 [uA]) is high relative to spec range, indicating insufficient prediction confidence.",UNREVIEWED,PENDING,,,,10.104429,10.55696,19.815414112935606,MEDIUM,4.486521,4.376468,4.837629051681858,LOW,121.65138,122.683972,124.54599893942692,LOW
LOT_020,LOT_020_CMP_0025,MEDIUM,MEDIUM RISK — high prediction uncertainty present. Engineering review recommended.,"[MEDIUM] Module B 168h prediction interval width (21.25 [uA]) is high relative to spec range, indicating insufficient prediction confidence.",UNREVIEWED,PENDING,,,,8.018762,8.539961,16.64575951815845,MEDIUM,3.476855,3.852799,5.997056083636876,LOW,125.428159,126.134303,128.24017299134212,LOW
LOT_020,LOT_020_CMP_0026,LOW,LOW RISK — all evidence signals nominal. No immediate engineering concern.,,UNREVIEWED,PENDING,,,,12.645542,13.07802,17.254985420924257,LOW,4.688012,4.97508,6.786588781145361,LOW,119.127506,118.810869,121.51821263968297,LOW
LOT_020,LOT_020_CMP_0027,LOW,LOW RISK — all evidence signals nominal. No immediate engineering concern.,,UNREVIEWED,PENDING,,,,7.898669,8.338093,13.261105027280939,LOW,4.438103,4.493238,5.519309488018859,LOW,118.200331,118.56343,120.82520329303439,LOW
LOT_020,LOT_020_CMP_0028,LOW,LOW RISK — all evidence signals nominal. No immediate engineering concern.,,UNREVIEWED,PENDING,,,,8.25773,8.632291,11.837845003529585,LOW,5.687118,5.830395,7.126903233574448,LOW,111.090179,110.661539,113.36890668156242,LOW
LOT_020,LOT_020_CMP_0029,LOW,LOW RISK — all evidence signals nominal. No immediate engineering concern.,,UNREVIEWED,PENDING,,,,8.170974,8.450421,14.843848245988633,LOW,4.879284,5.017215,6.31511746072638,LOW,117.623896,117.424605,120.04298773168684,LOW
LOT_020,LOT_020_CMP_0030,LOW,LOW RISK — all evidence signals nominal. No immediate engineering concern.,,UNREVIEWED,PENDING,,,,9.794899,10.216542,15.380907211055726,LOW,4.132303,4.302273,5.727673308980253,LOW,122.286889,122.791519,124.9988691544027,LOW
LOT_020,LOT_020_CMP_0031,LOW,LOW RISK — all evidence signals nominal. No immediate engineering concern.,,UNREVIEWED,PENDING,,,,10.931342,11.366776,17.23173489765071,LOW,5.078708,5.085946,5.9329873923797525,LOW,115.217261,114.242602,117.33819788852335,LOW
LOT_020,LOT_020_CMP_0032,HIGH,HIGH RISK — Module B predicts parameter(s) will cross specification boundary by 168h. Elevated engineering attention required.,"[HIGH] Module B predicts Iddq at 137.3 [uA] by 168h, crossing spec_max=50. | [MEDIUM] Module B 168h prediction upper bound (137.3 [uA]) crosses spec_max=50.  | [HIGH] Iddq predicted drift from 0h to 168h is 127.3 [uA] (254.6% of spec range), exceeding high-drift threshold of 60% of spec range. | [MEDIUM] Module B 168h prediction interval width (126.4 [uA]) is high relative to spec range, indicating insufficient prediction confidence.",UNREVIEWED,PENDING,,,,10.059519,10.877979,137.33854568176415,HIGH,5.994053,6.132599,7.4055002819070435,LOW,120.993135,121.314255,123.62805994142812,LOW
LOT_020,LOT_020_CMP_0033,LOW,LOW RISK — all evidence signals nominal. No immediate engineering concern.,,UNREVIEWED,PENDING,,,,11.776574,11.796815,14.269293035927904,LOW,5.106093,4.963577,5.298890534168638,LOW,126.196429,125.389796,128.47569219634795,LOW
LOT_020,LOT_020_CMP_0034,MEDIUM,MEDIUM RISK — high prediction uncertainty present. Engineering review recommended.,"[MEDIUM] Module B 168h prediction interval width (20.02 [uA]) is high relative to spec range, indicating insufficient prediction confidence.",UNREVIEWED,PENDING,,,,8.350939,8.821884,13.179619151310133,MEDIUM,4.201666,4.265819,5.328413786154098,LOW,120.00206,119.245355,122.243623439856,LOW
LOT_020,LOT_020_CMP_0035,LOW,LOW RISK — all evidence signals nominal. No immediate engineering concern.,,UNREVIEWED,PENDING,,,,10.512017,10.923439,15.584300457568684,LOW,4.815104,4.994684,6.436281285004729,LOW,125.20408,123.75634,127.2457556679205,LOW
LOT_020,LOT_020_CMP_0036,MEDIUM,MEDIUM RISK — high prediction uncertainty present. Engineering review recommended.,"[MEDIUM] Iddq predicted drift from 0h to 168h is 10.85 [uA] (21.7% of spec range), exceeding moderate-drift threshold of 20% of spec range. | [MEDIUM] Module B 168h prediction interval width (21.14 [uA]) is high relative to spec range, indicating insufficient prediction confidence.",UNREVIEWED,PENDING,,,,9.216429,9.895515,20.065420883274946,MEDIUM,4.878389,4.96914,6.10605408612716,LOW,115.522797,116.015645,118.16995880386672,LOW
LOT_020,LOT_020_CMP_0037,LOW,LOW RISK — all evidence signals nominal. No immediate engineering concern.,,UNREVIEWED,PENDING,,,,10.110422,10.209834,13.616111426322796,LOW,4.947134,5.175704,6.7812787212367045,LOW,122.939696,123.659583,125.73431234997909,LOW
LOT_020,LOT_020_CMP_0038,LOW,LOW RISK — all evidence signals nominal. No immediate engineering concern.,,UNREVIEWED,PENDING,,,,11.343873,11.570455,17.05128888653566,LOW,4.762827,4.809758,5.799937857186505,LOW,120.885093,120.243662,123.17568998871542,LOW
LOT_020,LOT_020_CMP_0039,MEDIUM,MEDIUM RISK — high prediction uncertainty present. Engineering review recommended.,"[MEDIUM] Module B 168h prediction interval width (21.15 [uA]) is high relative to spec range, indicating insufficient prediction confidence.",UNREVIEWED,PENDING,,,,7.087211,7.576514,11.243689780166058,MEDIUM,3.661317,3.927527,5.69281305179829,LOW,120.212897,121.970351,123.3531968545108,LOW
LOT_020,LOT_020_CMP_0040,MEDIUM,MEDIUM RISK — population outlier present. Engineering review recommended.,[MEDIUM] leakage_current population anomaly score 4.212 >= anomaly threshold 3.5 (moderate). | [MEDIUM] propagation_delay population anomaly score 6.503 >= strong threshold 6.0.,UNREVIEWED,PENDING,,,,12.664792,12.562941,13.334857160909594,LOW,2.536388,2.398783,2.813325587142251,MEDIUM,84.623889,85.63026,87.17733758440093,MEDIUM
LOT_020,LOT_020_CMP_0041,MEDIUM,"MEDIUM RISK — population outlier, high prediction uncertainty present. Engineering review recommended.","[MEDIUM] Iddq population anomaly score 3.745 >= anomaly threshold 3.5 (moderate). | [MEDIUM] Module B 168h prediction interval width (19.7 [uA]) is high relative to spec range, indicating insufficient prediction confidence. | [MEDIUM] leakage_current population anomaly score 4.248 >= anomaly threshold 3.5 (moderate). | [MEDIUM] propagation_delay population anomaly score 4.159 >= anomaly threshold 3.5 (moderate).",UNREVIEWED,PENDING,,,,4.409036,4.804201,7.956714458122856,MEDIUM,2.257568,2.378911,3.683937741352347,MEDIUM,100.340144,98.504903,102.0207761017935,MEDIUM
LOT_020,LOT_020_CMP_0042,MEDIUM,MEDIUM RISK — high prediction uncertainty present. Engineering review recommended.,"[MEDIUM] Iddq predicted drift from 0h to 168h is 13.83 [uA] (27.7% of spec range), exceeding moderate-drift threshold of 20% of spec range. | [MEDIUM] Module B 168h prediction interval width (23.04 [uA]) is high relative to spec range, indicating insufficient prediction confidence.",UNREVIEWED,PENDING,,,,7.157842,7.921213,20.984690849966068,MEDIUM,3.559892,3.69083,4.9969419557649,LOW,116.29822,117.471382,119.19501124159595,LOW
LOT_020,LOT_020_CMP_0043,MEDIUM,MEDIUM RISK — high prediction uncertainty present. Engineering review recommended.,"[MEDIUM] Module B 168h prediction interval width (22 [uA]) is high relative to spec range, indicating insufficient prediction confidence.",UNREVIEWED,PENDING,,,,8.282403,8.946475,13.369086107799307,MEDIUM,5.257739,5.240301,5.998778924274709,LOW,128.484055,125.896572,130.14855630563034,LOW
LOT_020,LOT_020_CMP_0044,LOW,LOW RISK — all evidence signals nominal. No immediate engineering concern.,,UNREVIEWED,PENDING,,,,9.797327,10.09394,17.243221612715065,LOW,4.622541,4.523144,5.017363905803287,LOW,119.638538,122.475766,123.15886617593979,LOW
LOT_020,LOT_020_CMP_0045,MEDIUM,"MEDIUM RISK — population outlier, high prediction uncertainty present. Engineering review recommended.","[MEDIUM] Iddq population anomaly score 4.199 >= anomaly threshold 3.5 (moderate). | [MEDIUM] Module B 168h prediction interval width (25.79 [uA]) is high relative to spec range, indicating insufficient prediction confidence. | [MEDIUM] leakage_current population anomaly score 3.947 >= anomaly threshold 3.5 (moderate).",UNREVIEWED,PENDING,,,,3.7728,4.341419,10.19267526046014,MEDIUM,2.312127,2.568121,4.331341874546417,MEDIUM,120.233393,121.126232,123.06545236067879,LOW
LOT_020,LOT_020_CMP_0046,MEDIUM,MEDIUM RISK — high prediction uncertainty present. Engineering review recommended.,"[MEDIUM] Module B 168h prediction interval width (23.36 [uA]) is high relative to spec range, indicating insufficient prediction confidence.",UNREVIEWED,PENDING,,,,6.792765,7.3689,10.588359031384348,MEDIUM,3.849976,3.885113,4.857235096516138,LOW,116.514398,116.251213,118.90075494397591,LOW
LOT_020,LOT_020_CMP_0047,MEDIUM,MEDIUM RISK — high prediction uncertainty present. Engineering review recommended.,"[MEDIUM] Module B 168h prediction interval width (18.91 [uA]) is high relative to spec range, indicating insufficient prediction confidence.",UNREVIEWED,PENDING,,,,9.551142,10.020304,14.198746440913405,MEDIUM,4.724393,4.802872,5.901649340518735,LOW,128.042447,127.966427,130.59887620982056,LOW
LOT_020,LOT_020_CMP_0048,MEDIUM,MEDIUM RISK — high prediction uncertainty present. Engineering review recommended.,"[MEDIUM] Module B 168h prediction interval width (21.77 [uA]) is high relative to spec range, indicating insufficient prediction confidence.",UNREVIEWED,PENDING,,,,8.538646,9.16082,15.082389834090575,MEDIUM,4.706479,4.584406,4.999199498831744,LOW,117.800994,118.947009,120.70156830988121,LOW
LOT_020,LOT_020_CMP_0049,MEDIUM,MEDIUM RISK — high prediction uncertainty present. Engineering review recommended.,"[MEDIUM] Module B 168h prediction interval width (17.93 [uA]) is high relative to spec range, indicating insufficient prediction confidence.",UNREVIEWED,PENDING,,,,10.473696,10.973785,16.077255390420717,MEDIUM,4.637333,4.890101,6.585786941221453,LOW,114.194247,116.734656,117.55990607197428,LOW
LOT_020,LOT_020_CMP_0050,LOW,LOW RISK — all evidence signals nominal. No immediate engineering concern.,,UNREVIEWED,PENDING,,,,8.28783,8.215054,10.354261277788503,LOW,4.828916,4.905998,5.997466881211739,LOW,110.579027,110.019252,112.80639578172313,LOW
LOT_020,LOT_020_CMP_0051,MEDIUM,MEDIUM RISK — high prediction uncertainty present. Engineering review recommended.,"[MEDIUM] Iddq predicted drift from 0h to 168h is 10.02 [uA] (20.0% of spec range), exceeding moderate-drift threshold of 20% of spec range. | [MEDIUM] Module B 168h prediction interval width (24.61 [uA]) is high relative to spec range, indicating insufficient prediction confidence.",UNREVIEWED,PENDING,,,,12.882744,13.189878,22.89862775914577,MEDIUM,5.796896,5.748924,6.390092346375463,LOW,130.376908,129.530547,132.67946227941292,LOW
LOT_020,LOT_020_CMP_0052,MEDIUM,MEDIUM RISK — high prediction uncertainty present. Engineering review recommended.,"[MEDIUM] Module B 168h prediction interval width (18.01 [uA]) is high relative to spec range, indicating insufficient prediction confidence.",UNREVIEWED,PENDING,,,,10.445151,10.903457,19.815414112935606,MEDIUM,4.831064,4.797828,5.512764889341687,LOW,123.386074,123.827891,126.0854977925716,LOW
LOT_020,LOT_020_CMP_0053,LOW,LOW RISK — all evidence signals nominal. No immediate engineering concern.,,UNREVIEWED,PENDING,,,,9.876356,10.056423,16.075221423368173,LOW,4.67024,4.546087,4.95466309747701,LOW,120.411463,119.603913,122.63855789718352,LOW
LOT_020,LOT_020_CMP_0054,MEDIUM,MEDIUM RISK — high prediction uncertainty present. Engineering review recommended.,"[MEDIUM] Module B 168h prediction interval width (18.98 [uA]) is high relative to spec range, indicating insufficient prediction confidence.",UNREVIEWED,PENDING,,,,10.483971,10.998988,16.529353424437637,MEDIUM,5.442292,5.435984,6.227958552937375,LOW,119.011913,118.458326,121.3170593200926,LOW
LOT_020,LOT_020_CMP_0055,MEDIUM,MEDIUM RISK — high prediction uncertainty present. Engineering review recommended.,"[MEDIUM] Iddq predicted drift from 0h to 168h is 11.28 [uA] (22.6% of spec range), exceeding moderate-drift threshold of 20% of spec range. | [MEDIUM] Module B 168h prediction interval width (16.23 [uA]) is high relative to spec range, indicating insufficient prediction confidence.",UNREVIEWED,PENDING,,,,7.26451,7.287073,18.549103825229952,MEDIUM,3.883718,4.076559,5.586053747979547,LOW,117.976682,119.175429,120.89764119401468,LOW
LOT_020,LOT_020_CMP_0056,HIGH,HIGH RISK — Module B predicts parameter(s) will cross specification boundary by 168h. Elevated engineering attention required.,"[HIGH] Module B predicts Iddq at 53.78 [uA] by 168h, crossing spec_max=50. | [MEDIUM] Module B 168h prediction upper bound (53.78 [uA]) crosses spec_max=50.  | [HIGH] Iddq predicted drift from 0h to 168h is 44.72 [uA] (89.4% of spec range), exceeding high-drift threshold of 60% of spec range. | [MEDIUM] Module B 168h prediction interval width (43.63 [uA]) is high relative to spec range, indicating insufficient prediction confidence.",UNREVIEWED,PENDING,,,,9.060905,9.951175,53.780043014506774,HIGH,3.975917,4.082494,5.295356169485414,LOW,121.353995,120.79312,123.67752980589317,LOW
LOT_020,LOT_020_CMP_0057,LOW,LOW RISK — all evidence signals nominal. No immediate engineering concern.,,UNREVIEWED,PENDING,,,,12.227039,12.569458,18.479365373466305,LOW,5.935653,5.775417,6.030091326195736,LOW,126.967362,127.068641,129.57740281473488,LOW
LOT_020,LOT_020_CMP_0058,LOW,LOW RISK — all evidence signals nominal. No immediate engineering concern.,,UNREVIEWED,PENDING,,,,9.403451,9.480203,12.73434520589028,LOW,4.106702,4.356316,6.05413796749812,LOW,113.580303,114.180846,116.24847420617799,LOW
LOT_020,LOT_020_CMP_0059,LOW,LOW RISK — all evidence signals nominal. No immediate engineering concern.,,UNREVIEWED,PENDING,,,,9.484682,9.73485,13.918645133434252,LOW,5.040235,5.025998,5.80068741623015,LOW,112.838147,110.582778,114.48091083079603,LOW
LOT_020,LOT_020_CMP_0060,LOW,LOW RISK — all evidence signals nominal. No immediate engineering concern.,,UNREVIEWED,PENDING,,,,8.900486,9.13503,16.16961271380658,LOW,3.409253,3.563307,4.951968438698058,LOW,115.571623,114.968141,117.82814115823915,LOW
LOT_020,LOT_020_CMP_0061,LOW,LOW RISK — all evidence signals nominal. No immediate engineering concern.,,UNREVIEWED,PENDING,,,,11.794723,11.922969,15.132419456553658,LOW,4.990925,5.098709,6.291015480487944,LOW,116.909286,117.796936,119.70970581428915,LOW
LOT_020,LOT_020_CMP_0062,MEDIUM,MEDIUM RISK — high prediction uncertainty present. Engineering review recommended.,"[MEDIUM] Iddq predicted drift from 0h to 168h is 10.27 [uA] (20.5% of spec range), exceeding moderate-drift threshold of 20% of spec range. | [MEDIUM] Module B 168h prediction interval width (21.2 [uA]) is high relative to spec range, indicating insufficient prediction confidence.",UNREVIEWED,PENDING,,,,9.16202,9.802478,19.429651332218594,MEDIUM,3.149459,3.094542,3.776368353830556,LOW,112.147474,114.563105,115.45028057229676,LOW
LOT_020,LOT_020_CMP_0063,HIGH,HIGH RISK — Module B predicts parameter(s) will cross specification boundary by 168h. Elevated engineering attention required.,"[HIGH] Module B predicts Iddq at 171.3 [uA] by 168h, crossing spec_max=50. | [MEDIUM] Module B 168h prediction upper bound (171.3 [uA]) crosses spec_max=50.  | [HIGH] Iddq predicted drift from 0h to 168h is 163.8 [uA] (327.6% of spec range), exceeding high-drift threshold of 60% of spec range. | [MEDIUM] Module B 168h prediction interval width (162.3 [uA]) is high relative to spec range, indicating insufficient prediction confidence.",UNREVIEWED,PENDING,,,,7.54565,8.58455,171.3279145811443,HIGH,4.201107,4.41521,5.989549390541793,LOW,126.246167,126.055275,128.74552212265468,LOW
LOT_020,LOT_020_CMP_0064,MEDIUM,MEDIUM RISK — high prediction uncertainty present. Engineering review recommended.,"[MEDIUM] Iddq predicted drift from 0h to 168h is 10.67 [uA] (21.3% of spec range), exceeding moderate-drift threshold of 20% of spec range. | [MEDIUM] Module B 168h prediction interval width (32.63 [uA]) is high relative to spec range, indicating insufficient prediction confidence.",UNREVIEWED,PENDING,,,,12.883015,13.718631,23.55448740124716,MEDIUM,5.819515,5.953119,7.213397838483224,LOW,115.984343,114.603306,117.96719143921092,LOW
LOT_020,LOT_020_CMP_0065,LOW,LOW RISK — all evidence signals nominal. No immediate engineering concern.,,UNREVIEWED,PENDING,,,,7.886883,7.945214,10.914440660976032,LOW,3.732003,3.901748,5.336111728388883,LOW,120.509419,120.425041,122.99536054774161,LOW
LOT_020,LOT_020_CMP_0066,LOW,LOW RISK — all evidence signals nominal. No immediate engineering concern.,,UNREVIEWED,PENDING,,,,9.510174,9.876057,13.12405338311233,LOW,4.749473,4.841692,5.986749838091166,LOW,124.510424,126.104667,127.6310151768079,LOW
LOT_020,LOT_020_CMP_0067,LOW,LOW RISK — all evidence signals nominal. No immediate engineering concern.,,UNREVIEWED,PENDING,,,,8.559406,8.867036,16.530380762804818,LOW,4.336556,4.506825,5.9282803199459995,LOW,125.110928,124.494983,127.44848556368854,LOW
LOT_020,LOT_020_CMP_0068,LOW,LOW RISK — all evidence signals nominal. No immediate engineering concern.,,UNREVIEWED,PENDING,,,,9.017701,8.963768,11.709269426324434,LOW,5.594831,5.714862,6.9342826207899,LOW,133.008353,133.003721,135.6347489232891,LOW
LOT_020,LOT_020_CMP_0069,LOW,LOW RISK — all evidence signals nominal. No immediate engineering concern.,,UNREVIEWED,PENDING,,,,8.301338,8.420368,12.195957630451803,LOW,5.028674,5.290388,7.007090276503648,LOW,126.395863,126.108088,128.8619996446138,LOW
LOT_020,LOT_020_CMP_0070,MEDIUM,MEDIUM RISK — high prediction uncertainty present. Engineering review recommended.,"[MEDIUM] Module B 168h prediction interval width (19.63 [uA]) is high relative to spec range, indicating insufficient prediction confidence.",UNREVIEWED,PENDING,,,,8.852297,9.34002,17.59476093259149,MEDIUM,5.110761,5.122466,5.983972616748234,LOW,127.891239,129.840052,131.1686085705297,LOW
LOT_020,LOT_020_CMP_0071,MEDIUM,MEDIUM RISK — high prediction uncertainty present. Engineering review recommended.,"[MEDIUM] Module B 168h prediction interval width (19.47 [uA]) is high relative to spec range, indicating insufficient prediction confidence.",UNREVIEWED,PENDING,,,,10.763938,11.416676,16.71431626615023,MEDIUM,5.277715,5.492624,7.043541725052346,LOW,121.069113,123.25569,124.37016183099661,LOW
LOT_020,LOT_020_CMP_0072,MEDIUM,MEDIUM RISK — high prediction uncertainty present. Engineering review recommended.,"[MEDIUM] Module B 168h prediction interval width (17.51 [uA]) is high relative to spec range, indicating insufficient prediction confidence.",UNREVIEWED,PENDING,,,,7.059284,7.46289,12.894800478410605,MEDIUM,4.32651,4.577896,6.2764217114277505,LOW,119.074913,119.688503,121.79697751483022,LOW
LOT_020,LOT_020_CMP_0073,MEDIUM,MEDIUM RISK — high prediction uncertainty present. Engineering review recommended.,"[MEDIUM] Module B 168h prediction interval width (17.65 [uA]) is high relative to spec range, indicating insufficient prediction confidence.",UNREVIEWED,PENDING,,,,11.490071,11.947929,19.803443898664785,MEDIUM,3.505514,3.676435,5.120317972958681,LOW,131.435014,132.183658,134.3160181440786,LOW
LOT_020,LOT_020_CMP_0074,MEDIUM,MEDIUM RISK — high prediction uncertainty present. Engineering review recommended.,"[MEDIUM] Module B 168h prediction interval width (25.75 [uA]) is high relative to spec range, indicating insufficient prediction confidence.",UNREVIEWED,PENDING,,,,11.359276,12.094904,15.590774446551654,MEDIUM,4.901251,5.018218,6.244043069649586,LOW,118.681609,119.550454,121.49120315511168,LOW
LOT_020,LOT_020_CMP_0075,HIGH,HIGH RISK — Module B predicts parameter(s) will cross specification boundary by 168h. Elevated engineering attention required.,"[HIGH] Module B predicts Iddq at 111.9 [uA] by 168h, crossing spec_max=50. | [HIGH] Module B 168h prediction upper bound (179.2 [uA]) crosses spec_max=50. Also population anomalous. | [MEDIUM] Iddq population anomaly score 5.959 >= anomaly threshold 3.5 (moderate). | [HIGH] Iddq predicted drift from 0h to 168h is 101.9 [uA] (203.7% of spec range), exceeding high-drift threshold of 60% of spec range. | [MEDIUM] Module B 168h prediction interval width (167.9 [uA]) is high relative to spec range, indicating insufficient prediction confidence.",UNREVIEWED,PENDING,,,,10.057367,11.924811,111.91700004949281,HIGH,4.150128,4.601722,6.987780917509581,LOW,120.202235,121.387925,123.13848051195744,LOW
LOT_020,LOT_020_CMP_0076,LOW,LOW RISK — all evidence signals nominal. No immediate engineering concern.,,UNREVIEWED,PENDING,,,,9.958458,10.186872,16.248184740558507,LOW,3.123832,3.076207,3.7835415903458154,LOW,107.582417,106.449495,109.57847992941166,LOW
LOT_020,LOT_020_CMP_0077,LOW,LOW RISK — all evidence signals nominal. No immediate engineering concern.,,UNREVIEWED,PENDING,,,,10.043367,10.355144,18.60763732325466,LOW,4.343928,4.355773,5.236399061396311,LOW,122.61536,124.445782,125.80321823639785,LOW
LOT_020,LOT_020_CMP_0078,MEDIUM,MEDIUM RISK — high prediction uncertainty present. Engineering review recommended.,"[MEDIUM] Module B 168h prediction interval width (18.55 [uA]) is high relative to spec range, indicating insufficient prediction confidence.",UNREVIEWED,PENDING,,,,11.511952,12.023669,18.476943359878838,MEDIUM,5.233827,5.242144,6.08909673686828,LOW,112.768226,115.162259,116.06889095099855,LOW
LOT_020,LOT_020_CMP_0079,MEDIUM,MEDIUM RISK — high prediction uncertainty present. Engineering review recommended.,"[MEDIUM] Module B 168h prediction interval width (16.47 [uA]) is high relative to spec range, indicating insufficient prediction confidence.",UNREVIEWED,PENDING,,,,7.539196,7.347478,12.8657191705745,MEDIUM,3.542045,3.562155,4.4904805756833746,LOW,124.156166,124.260434,126.74208089460876,LOW
LOT_020,LOT_020_CMP_0080,LOW,LOW RISK — all evidence signals nominal. No immediate engineering concern.,,UNREVIEWED,PENDING,,,,10.658757,10.653232,11.56615796121668,LOW,4.867687,4.912309,5.8920598434013005,LOW,125.327438,124.947171,127.75100649135678,LOW
LOT_020,LOT_020_CMP_0081,MEDIUM,MEDIUM RISK — high prediction uncertainty present. Engineering review recommended.,"[MEDIUM] Module B 168h prediction interval width (21.96 [uA]) is high relative to spec range, indicating insufficient prediction confidence.",UNREVIEWED,PENDING,,,,8.4166,9.199204,14.656983944822406,MEDIUM,4.298685,4.391888,5.551262545407317,LOW,122.942077,123.27803,125.59975832637362,LOW
LOT_020,LOT_020_CMP_0082,HIGH,HIGH RISK — observed measurement currently breaches reference limits. Immediate engineering review required.,"[MEDIUM] Module B 168h prediction interval width (19.5 [uA]) is high relative to spec range, indicating insufficient prediction confidence. | [HIGH] Observed measurement of propagation_delay breaches reference limit (spec_min=80.0, spec_max=180.0). value_0h=205.1, value_24h=204.8 [ps]. | [HIGH] Module B predicts propagation_delay at 208.3 [ps] by 168h, crossing spec_max=180. | [HIGH] Module B 168h prediction upper bound (211.7 [ps]) crosses spec_max=180. Also population anomalous. | [MEDIUM] propagation_delay population anomaly score 15.198 >= strong threshold 6.0.",UNREVIEWED,PENDING,,,,10.647258,11.436875,12.507979750911755,MEDIUM,4.433548,4.531686,5.704623597244459,LOW,205.103712,204.8316,208.28076564158815,HIGH
LOT_020,LOT_020_CMP_0083,MEDIUM,MEDIUM RISK — high prediction uncertainty present. Engineering review recommended.,"[MEDIUM] Iddq predicted drift from 0h to 168h is 13.65 [uA] (27.3% of spec range), exceeding moderate-drift threshold of 20% of spec range. | [MEDIUM] Module B 168h prediction interval width (21.5 [uA]) is high relative to spec range, indicating insufficient prediction confidence.",UNREVIEWED,PENDING,,,,8.912344,9.630483,22.562233646519864,MEDIUM,5.112453,5.25655,6.569826705089205,LOW,116.809382,114.210371,118.36515005589415,LOW
LOT_020,LOT_020_CMP_0084,MEDIUM,MEDIUM RISK — high prediction uncertainty present. Engineering review recommended.,"[MEDIUM] Module B 168h prediction interval width (18.11 [uA]) is high relative to spec range, indicating insufficient prediction confidence.",UNREVIEWED,PENDING,,,,10.393801,10.8887,16.077255390420717,MEDIUM,4.270118,4.536319,6.286774417506691,LOW,129.822459,131.019504,132.84896538328695,LOW
LOT_020,LOT_020_CMP_0085,MEDIUM,MEDIUM RISK — population outlier present. Engineering review recommended.,[MEDIUM] Iddq population anomaly score 3.638 >= anomaly threshold 3.5 (moderate).,UNREVIEWED,PENDING,,,,4.764279,4.923234,10.771957017300073,MEDIUM,3.437322,3.565177,4.86374734077272,LOW,116.630877,117.944324,119.58069155697459,LOW
LOT_020,LOT_020_CMP_0086,MEDIUM,MEDIUM RISK — high prediction uncertainty present. Engineering review recommended.,"[MEDIUM] Iddq predicted drift from 0h to 168h is 12.86 [uA] (25.7% of spec range), exceeding moderate-drift threshold of 20% of spec range. | [MEDIUM] Module B 168h prediction interval width (24.63 [uA]) is high relative to spec range, indicating insufficient prediction confidence.",UNREVIEWED,PENDING,,,,6.936746,7.893623,19.795119360270988,MEDIUM,3.149843,3.126729,3.9170794064339516,LOW,107.64016,108.51704,110.35367394039619,LOW
LOT_020,LOT_020_CMP_0087,MEDIUM,MEDIUM RISK — high prediction uncertainty present. Engineering review recommended.,"[MEDIUM] Module B 168h prediction interval width (18.91 [uA]) is high relative to spec range, indicating insufficient prediction confidence.",UNREVIEWED,PENDING,,,,9.529871,9.997692,14.198746440913405,MEDIUM,4.58307,4.734014,6.083526581830052,LOW,121.61084,122.102115,124.31199785740064,LOW
LOT_020,LOT_020_CMP_0088,LOW,LOW RISK — all evidence signals nominal. No immediate engineering concern.,,UNREVIEWED,PENDING,,,,11.58505,12.000597,15.133266942639661,LOW,4.534264,4.868884,6.846410035005922,LOW,126.235904,127.785544,129.35604711657302,LOW
LOT_020,LOT_020_CMP_0089,LOW,LOW RISK — all evidence signals nominal. No immediate engineering concern.,,UNREVIEWED,PENDING,,,,10.193036,10.628612,16.43861205633669,LOW,4.641544,4.666635,5.585230360422328,LOW,125.768169,125.476679,128.22735544072762,LOW
LOT_020,LOT_020_CMP_0090,LOW,LOW RISK — all evidence signals nominal. No immediate engineering concern.,,UNREVIEWED,PENDING,,,,10.563659,10.323066,11.898067060143449,LOW,5.564632,5.740952,7.1532029696943145,LOW,122.581573,122.632455,125.13433361912664,LOW
LOT_020,LOT_020_CMP_0091,MEDIUM,MEDIUM RISK — high prediction uncertainty present. Engineering review recommended.,"[MEDIUM] Iddq predicted drift from 0h to 168h is 10.65 [uA] (21.3% of spec range), exceeding moderate-drift threshold of 20% of spec range. | [MEDIUM] Module B 168h prediction interval width (19.34 [uA]) is high relative to spec range, indicating insufficient prediction confidence.",UNREVIEWED,PENDING,,,,10.971863,11.559776,21.623556371548798,MEDIUM,4.842615,5.083237,6.732482163771935,LOW,128.725552,129.617797,131.63350080113202,LOW
LOT_020,LOT_020_CMP_0092,LOW,LOW RISK — all evidence signals nominal. No immediate engineering concern.,,UNREVIEWED,PENDING,,,,9.078673,9.48737,13.981587947597502,LOW,3.96072,4.072581,5.303845196509495,LOW,115.651416,116.750192,118.51587613291635,LOW
LOT_020,LOT_020_CMP_0093,LOW,LOW RISK — all evidence signals nominal. No immediate engineering concern.,,UNREVIEWED,PENDING,,,,10.602715,10.981062,14.864624139441023,LOW,5.094034,5.180687,6.2983736145025695,LOW,124.639945,127.299023,128.14154320572965,LOW
LOT_020,LOT_020_CMP_0094,LOW,LOW RISK — all evidence signals nominal. No immediate engineering concern.,,UNREVIEWED,PENDING,,,,8.998887,9.086858,13.141453856622897,LOW,4.189298,4.399984,5.962949347144357,LOW,120.104568,122.646487,123.52373025704217,LOW
LOT_020,LOT_020_CMP_0095,LOW,LOW RISK — all evidence signals nominal. No immediate engineering concern.,,UNREVIEWED,PENDING,,,,9.469295,9.715595,13.918645133434252,LOW,4.70977,4.729055,5.626177783467238,LOW,119.771213,121.600045,122.93301661634185,LOW
LOT_020,LOT_020_CMP_0096,MEDIUM,MEDIUM RISK — high prediction uncertainty present. Engineering review recommended.,"[MEDIUM] Module B 168h prediction interval width (19.11 [uA]) is high relative to spec range, indicating insufficient prediction confidence.",UNREVIEWED,PENDING,,,,9.24401,9.735188,19.172059932208658,MEDIUM,4.18388,4.273637,5.424042361684176,LOW,116.347142,117.461067,119.22324071567465,LOW
LOT_020,LOT_020_CMP_0097,MEDIUM,MEDIUM RISK — high prediction uncertainty present. Engineering review recommended.,"[MEDIUM] Iddq predicted drift from 0h to 168h is 19.61 [uA] (39.2% of spec range), exceeding moderate-drift threshold of 20% of spec range. | [MEDIUM] Module B 168h prediction interval width (21.59 [uA]) is high relative to spec range, indicating insufficient prediction confidence.",UNREVIEWED,PENDING,,,,8.712274,9.538116,28.320456575441618,MEDIUM,4.113567,4.177664,5.242209358247468,LOW,118.403398,116.627025,120.2669008075891,LOW
LOT_020,LOT_020_CMP_0098,LOW,LOW RISK — all evidence signals nominal. No immediate engineering concern.,,UNREVIEWED,PENDING,,,,9.520783,9.883632,13.12405338311233,LOW,4.284603,4.275207,5.084786562839114,LOW,121.150542,122.800767,124.26099386497636,LOW
LOT_020,LOT_020_CMP_0099,LOW,LOW RISK — all evidence signals nominal. No immediate engineering concern.,,UNREVIEWED,PENDING,,,,8.944065,9.372023,13.026033904567859,LOW,4.953103,4.988329,5.9339378656534345,LOW,120.03511,118.126457,121.86604845020575,LOW
LOT_020,LOT_020_CMP_0100,LOW,LOW RISK — all evidence signals nominal. No immediate engineering concern.,,UNREVIEWED,PENDING,,,,8.749899,9.159592,13.245528370960239,LOW,4.419761,4.357948,4.9853595540816045,LOW,123.082908,122.262638,125.32940522995062,LOW
